condition,scope,auprc,recall,recall_at_50,recall_at_100,macro_f1,precision,roc_auc,ece,brier,n,n_pos,pos_rate,repeat_seed,best_epoch,val_auprc_weak,n_supervised,budget,n_annotations_used,n_annotations_positive,seed,annotation_source,annotation_manifest,is_fixture
A2_feedback_langsung,entity,0.6644509103207196,0.9074074074074074,0.5370370370370371,0.6666666666666666,0.5354722011381616,0.19215686274509805,0.892914653784219,0.3370735395587569,0.2863680572187783,583.0,54.0,0.09262435677530018,42,125,0.923005263440619,8,10,8,8,42,data\synthetic\seed_42\human_annotations_majority_annotation.csv,data\synthetic\seed_42\annotation\sample_manifest.json,False
A2_feedback_langsung,all,0.5658448585336668,0.9074074074074074,0.5,0.6111111111111112,0.5102665293983071,0.1540880503144654,0.8759578544061302,0.3785411417392123,0.3076053564414132,750.0,54.0,0.072,42,125,0.923005263440619,8,10,8,8,42,data\synthetic\seed_42\human_annotations_majority_annotation.csv,data\synthetic\seed_42\annotation\sample_manifest.json,False
A2_feedback_langsung,entity,0.6510704266757873,0.8703703703703703,0.5185185185185185,0.7037037037037037,0.5577832071795854,0.20434782608695654,0.8936848001120212,0.2929227467094834,0.2540386459452533,583.0,54.0,0.09262435677530018,43,109,0.9208548936982294,8,10,8,8,42,data\synthetic\seed_42\human_annotations_majority_annotation.csv,data\synthetic\seed_42\annotation\sample_manifest.json,False
A2_feedback_langsung,all,0.6124383875196465,0.8703703703703703,0.5185185185185185,0.6296296296296297,0.5349946801860531,0.16607773851590105,0.8867071094082588,0.32024612686525855,0.25932530672724236,750.0,54.0,0.072,43,109,0.9208548936982294,8,10,8,8,42,data\synthetic\seed_42\human_annotations_majority_annotation.csv,data\synthetic\seed_42\annotation\sample_manifest.json,False
A2_feedback_langsung,entity,0.6179166876904125,0.8703703703703703,0.5,0.6296296296296297,0.5501968193985198,0.19915254237288135,0.8818175453336133,0.2943265434491291,0.25991872590047277,583.0,54.0,0.09262435677530018,44,143,0.9240649432120043,8,10,8,8,42,data\synthetic\seed_42\human_annotations_majority_annotation.csv,data\synthetic\seed_42\annotation\sample_manifest.json,False
A2_feedback_langsung,all,0.5735338213857191,0.8703703703703703,0.48148148148148145,0.5555555555555556,0.5331305786131881,0.1649122807017544,0.8694125159642401,0.32586744943678414,0.26622624321606275,750.0,54.0,0.072,44,143,0.9240649432120043,8,10,8,8,42,data\synthetic\seed_42\human_annotations_majority_annotation.csv,data\synthetic\seed_42\annotation\sample_manifest.json,False
A2_feedback_langsung,entity,0.629762887044247,0.8703703703703703,0.5185185185185185,0.6666666666666666,0.5364930002112419,0.1902834008097166,0.8864384233004271,0.3228085519961533,0.2805116319576568,583.0,54.0,0.09262435677530018,45,91,0.9214042844792928,8,10,8,8,42,data\synthetic\seed_42\human_annotations_majority_annotation.csv,data\synthetic\seed_42\annotation\sample_manifest.json,False
A2_feedback_langsung,all,0.572571919394606,0.8703703703703703,0.48148148148148145,0.6111111111111112,0.5193303162067027,0.15666666666666668,0.8770221370796084,0.3415432094431117,0.28544367462826903,750.0,54.0,0.072,45,91,0.9214042844792928,8,10,8,8,42,data\synthetic\seed_42\human_annotations_majority_annotation.csv,data\synthetic\seed_42\annotation\sample_manifest.json,False
A2_feedback_langsung,entity,0.6395503300817378,0.8888888888888888,0.5555555555555556,0.6481481481481481,0.5434647595020696,0.19591836734693877,0.8900791150318561,0.3161396569927216,0.27387683500092413,583.0,54.0,0.09262435677530018,46,110,0.9173223160206313,8,10,8,8,42,data\synthetic\seed_42\human_annotations_majority_annotation.csv,data\synthetic\seed_42\annotation\sample_manifest.json,False
A2_feedback_langsung,all,0.5242468099267078,0.8888888888888888,0.46296296296296297,0.6111111111111112,0.5276313856892847,0.16271186440677965,0.8741219667943806,0.35217341225831694,0.2854433313391727,750.0,54.0,0.072,46,110,0.9173223160206313,8,10,8,8,42,data\synthetic\seed_42\human_annotations_majority_annotation.csv,data\synthetic\seed_42\annotation\sample_manifest.json,False
A2_feedback_langsung,entity,0.6523635421192328,0.9259259259259259,0.5555555555555556,0.6481481481481481,0.5678451518791151,0.2145922746781116,0.8986557445914722,0.31350266754282885,0.2694786706121532,583.0,54.0,0.09262435677530018,47,129,0.91738218565354,8,10,8,8,42,data\synthetic\seed_42\human_annotations_majority_annotation.csv,data\synthetic\seed_42\annotation\sample_manifest.json,False
A2_feedback_langsung,all,0.5658611584986036,0.9259259259259259,0.48148148148148145,0.5925925925925926,0.5220858137624749,0.16181229773462782,0.8809333759046403,0.37890247960697176,0.3043743697784869,750.0,54.0,0.072,47,129,0.91738218565354,8,10,8,8,42,data\synthetic\seed_42\human_annotations_majority_annotation.csv,data\synthetic\seed_42\annotation\sample_manifest.json,False
A2_feedback_langsung,entity,0.6300305039543297,0.8888888888888888,0.5185185185185185,0.6296296296296297,0.5397274343880304,0.1935483870967742,0.8855282503675699,0.3239111256828463,0.27647924675201874,583.0,54.0,0.09262435677530018,48,91,0.9180796799855865,8,10,8,8,42,data\synthetic\seed_42\human_annotations_majority_annotation.csv,data\synthetic\seed_42\annotation\sample_manifest.json,False
A2_feedback_langsung,all,0.5805685524443563,0.8888888888888888,0.5,0.6296296296296297,0.5148171569375695,0.1553398058252427,0.8754257130693912,0.3624194568263708,0.2915058191873026,750.0,54.0,0.072,48,91,0.9180796799855865,8,10,8,8,42,data\synthetic\seed_42\human_annotations_majority_annotation.csv,data\synthetic\seed_42\annotation\sample_manifest.json,False
A2_feedback_langsung,entity,0.6322361161043519,0.8703703703703703,0.5185185185185185,0.6481481481481481,0.5439374185136897,0.1950207468879668,0.88253518168452,0.31348107779474876,0.27870764560692474,583.0,54.0,0.09262435677530018,49,101,0.927316962866139,8,10,8,8,42,data\synthetic\seed_42\human_annotations_majority_annotation.csv,data\synthetic\seed_42\annotation\sample_manifest.json,False
A2_feedback_langsung,all,0.5434970067089759,0.8703703703703703,0.5,0.5925925925925926,0.5211533892936332,0.15771812080536912,0.8683349297573435,0.3436856407374861,0.2900667361968375,750.0,54.0,0.072,49,101,0.927316962866139,8,10,8,8,42,data\synthetic\seed_42\human_annotations_majority_annotation.csv,data\synthetic\seed_42\annotation\sample_manifest.json,False
A2_feedback_langsung,entity,0.6207439674924055,0.9074074074074074,0.5,0.6296296296296297,0.5416946513615826,0.196,0.8880137226072954,0.33574826830646787,0.3028262120444521,583.0,54.0,0.09262435677530018,50,167,0.9217219763644593,8,10,8,8,42,data\synthetic\seed_42\human_annotations_majority_annotation.csv,data\synthetic\seed_42\annotation\sample_manifest.json,False
A2_feedback_langsung,all,0.5208607735099583,0.9074074074074074,0.46296296296296297,0.5740740740740741,0.48345703178098576,0.14080459770114942,0.8718071519795658,0.39600192234846576,0.3354783177779711,750.0,54.0,0.072,50,167,0.9217219763644593,8,10,8,8,42,data\synthetic\seed_42\human_annotations_majority_annotation.csv,data\synthetic\seed_42\annotation\sample_manifest.json,False
A2_feedback_langsung,entity,0.6315973837197784,0.8703703703703703,0.5555555555555556,0.6296296296296297,0.5565127347312664,0.20346320346320346,0.8855632570188336,0.2961724132487403,0.26185355598858023,583.0,54.0,0.09262435677530018,51,89,0.9140331528648998,8,10,8,8,42,data\synthetic\seed_42\human_annotations_majority_annotation.csv,data\synthetic\seed_42\annotation\sample_manifest.json,False
A2_feedback_langsung,all,0.5633457771215137,0.8703703703703703,0.48148148148148145,0.5925925925925926,0.5322008113590264,0.16433566433566432,0.8658471690080886,0.33829933281909347,0.2783776329174535,750.0,54.0,0.072,51,89,0.9140331528648998,8,10,8,8,42,data\synthetic\seed_42\human_annotations_majority_annotation.csv,data\synthetic\seed_42\annotation\sample_manifest.json,False
A2_feedback_langsung,entity,0.6517610255582175,0.8703703703703703,0.5370370370370371,0.6851851851851852,0.5414482376507692,0.1934156378600823,0.8925295806203178,0.31019815553537544,0.28050274269094605,583.0,54.0,0.09262435677530018,52,159,0.9176300763624623,8,10,8,8,42,data\synthetic\seed_42\human_annotations_majority_annotation.csv,data\synthetic\seed_42\annotation\sample_manifest.json,False
A2_feedback_langsung,all,0.5628602941236244,0.8703703703703703,0.48148148148148145,0.5925925925925926,0.5238972464457219,0.15932203389830507,0.8824499787143465,0.3295302258842339,0.28595054788313623,750.0,54.0,0.072,52,159,0.9176300763624623,8,10,8,8,42,data\synthetic\seed_42\human_annotations_majority_annotation.csv,data\synthetic\seed_42\annotation\sample_manifest.json,False
A2_feedback_langsung,entity,0.6041551540652444,0.8703703703703703,0.5185185185185185,0.6296296296296297,0.5303389572883417,0.1865079365079365,0.8758314079675138,0.33502593039013473,0.29749371947859005,583.0,54.0,0.09262435677530018,53,128,0.9188199987649963,8,10,8,8,42,data\synthetic\seed_42\human_annotations_majority_annotation.csv,data\synthetic\seed_42\annotation\sample_manifest.json,False
A2_feedback_langsung,all,0.4335008224358373,0.8703703703703703,0.4444444444444444,0.5555555555555556,0.5102828509518651,0.15161290322580645,0.8501489995742869,0.3743860230591215,0.3152691022498245,750.0,54.0,0.072,53,128,0.9188199987649963,8,10,8,8,42,data\synthetic\seed_42\human_annotations_majority_annotation.csv,data\synthetic\seed_42\annotation\sample_manifest.json,False
A2_feedback_langsung,entity,0.6472112127456623,0.8518518518518519,0.5555555555555556,0.6481481481481481,0.5393994823794975,0.1908713692946058,0.8859133235314709,0.3270256147424362,0.2940589051259731,583.0,54.0,0.09262435677530018,54,170,0.9251188591476354,8,10,8,8,42,data\synthetic\seed_42\human_annotations_majority_annotation.csv,data\synthetic\seed_42\annotation\sample_manifest.json,False
A2_feedback_langsung,all,0.5668381208302191,0.8518518518518519,0.5185185185185185,0.6296296296296297,0.5228959838110216,0.15753424657534246,0.871620902511707,0.35291780420119356,0.3005744861834212,750.0,54.0,0.072,54,170,0.9251188591476354,8,10,8,8,42,data\synthetic\seed_42\human_annotations_majority_annotation.csv,data\synthetic\seed_42\annotation\sample_manifest.json,False
A2_feedback_langsung,entity,0.6500007797248968,0.9259259259259259,0.5555555555555556,0.6666666666666666,0.5286949685534591,0.1893939393939394,0.8974655184485052,0.35374841013324204,0.3105573670189409,583.0,54.0,0.09262435677530018,55,100,0.924121770557758,8,10,8,8,42,data\synthetic\seed_42\human_annotations_majority_annotation.csv,data\synthetic\seed_42\annotation\sample_manifest.json,False
A2_feedback_langsung,all,0.5752666170583423,0.9259259259259259,0.48148148148148145,0.6111111111111112,0.5092956296014607,0.15479876160990713,0.8862281822051937,0.3901248202806584,0.3206838537114642,750.0,54.0,0.072,55,100,0.924121770557758,8,10,8,8,42,data\synthetic\seed_42\human_annotations_majority_annotation.csv,data\synthetic\seed_42\annotation\sample_manifest.json,False
A2_feedback_langsung,entity,0.6378720779165528,0.8703703703703703,0.5370370370370371,0.6851851851851852,0.5590562209621072,0.2052401746724891,0.8929496604354827,0.2979937098544849,0.2645629961876096,583.0,54.0,0.09262435677530018,56,107,0.9160486257217286,8,10,8,8,42,data\synthetic\seed_42\human_annotations_majority_annotation.csv,data\synthetic\seed_42\annotation\sample_manifest.json,False
A2_feedback_langsung,all,0.58717091587931,0.8703703703703703,0.48148148148148145,0.6481481481481481,0.5396827034164053,0.16906474820143885,0.8821040868454662,0.3385716502086499,0.2746767752272569,750.0,54.0,0.072,56,107,0.9160486257217286,8,10,8,8,42,data\synthetic\seed_42\human_annotations_majority_annotation.csv,data\synthetic\seed_42\annotation\sample_manifest.json,False
A2_feedback_langsung,entity,0.609522037539418,0.8888888888888888,0.5,0.6111111111111112,0.5261565083205675,0.18532818532818532,0.882272631800042,0.3370828383491956,0.2968391143765152,583.0,54.0,0.09262435677530018,57,131,0.9255195390644272,8,10,8,8,42,data\synthetic\seed_42\human_annotations_majority_annotation.csv,data\synthetic\seed_42\annotation\sample_manifest.json,False
A2_feedback_langsung,all,0.5618937548126939,0.8888888888888888,0.46296296296296297,0.5925925925925926,0.5093916456405944,0.1523809523809524,0.8756917837377607,0.372205155616252,0.3070612080239558,750.0,54.0,0.072,57,131,0.9255195390644272,8,10,8,8,42,data\synthetic\seed_42\human_annotations_majority_annotation.csv,data\synthetic\seed_42\annotation\sample_manifest.json,False
A2_feedback_langsung,entity,0.6268077594265783,0.8703703703703703,0.5370370370370371,0.6481481481481481,0.5628910029022896,0.2079646017699115,0.8866484632080095,0.2981972143210304,0.25858552273797836,583.0,54.0,0.09262435677530018,58,151,0.9233246282753982,8,10,8,8,42,data\synthetic\seed_42\human_annotations_majority_annotation.csv,data\synthetic\seed_42\annotation\sample_manifest.json,False
A2_feedback_langsung,all,0.5443691294642231,0.8703703703703703,0.48148148148148145,0.6111111111111112,0.545364283400048,0.17279411764705882,0.8768624946785866,0.31437865154468014,0.25971885267596256,750.0,54.0,0.072,58,151,0.9233246282753982,8,10,8,8,42,data\synthetic\seed_42\human_annotations_majority_annotation.csv,data\synthetic\seed_42\annotation\sample_manifest.json,False
A2_feedback_langsung,entity,0.6159254260294031,0.8518518518518519,0.5370370370370371,0.6111111111111112,0.5493572439381147,0.19742489270386265,0.8794896030245747,0.3012181647399509,0.2700814510998031,583.0,54.0,0.09262435677530018,59,102,0.9183923217967045,8,10,8,8,42,data\synthetic\seed_42\human_annotations_majority_annotation.csv,data\synthetic\seed_42\annotation\sample_manifest.json,False
A2_feedback_langsung,all,0.5706142046238477,0.8518518518518519,0.48148148148148145,0.5740740740740741,0.5219837486971715,0.15699658703071673,0.8626410174542358,0.3367617534525415,0.2846304158883154,750.0,54.0,0.072,59,102,0.9183923217967045,8,10,8,8,42,data\synthetic\seed_42\human_annotations_majority_annotation.csv,data\synthetic\seed_42\annotation\sample_manifest.json,False
A2_feedback_langsung,entity,0.626345229583776,0.9629629629629629,0.5,0.6851851851851852,0.5692269800499631,0.2175732217573222,0.9022964363229014,0.3089427515762987,0.27020800409093265,583.0,54.0,0.09262435677530018,60,157,0.9185297563508177,8,10,8,8,42,data\synthetic\seed_42\human_annotations_majority_annotation.csv,data\synthetic\seed_42\annotation\sample_manifest.json,False
A2_feedback_langsung,all,0.537913050833205,0.9629629629629629,0.42592592592592593,0.5740740740740741,0.5454363310325483,0.1780821917808219,0.8930129842486163,0.34351143807477424,0.28400039974584457,750.0,54.0,0.072,60,157,0.9185297563508177,8,10,8,8,42,data\synthetic\seed_42\human_annotations_majority_annotation.csv,data\synthetic\seed_42\annotation\sample_manifest.json,False
A2_feedback_langsung,entity,0.6847942798876177,0.8703703703703703,0.5925925925925926,0.7222222222222222,0.5303389572883417,0.1865079365079365,0.9077574739200447,0.3386233009695342,0.2864582529803773,583.0,54.0,0.09262435677530018,61,106,0.9204495786076073,8,10,8,8,42,data\synthetic\seed_42\human_annotations_majority_annotation.csv,data\synthetic\seed_42\annotation\sample_manifest.json,False
A2_feedback_langsung,all,0.6092288875948436,0.8703703703703703,0.5370370370370371,0.6851851851851852,0.4496884273318168,0.12401055408970976,0.8884365687526606,0.4007925095471422,0.31807375638614555,750.0,54.0,0.072,61,106,0.9204495786076073,8,10,8,8,42,data\synthetic\seed_42\human_annotations_majority_annotation.csv,data\synthetic\seed_42\annotation\sample_manifest.json,False
A3_feedback_propagasi,entity,0.6819267016586735,0.9074074074074074,0.5370370370370371,0.7592592592592593,0.5429444450818198,0.19678714859437751,0.913253518168452,0.3276295145678813,0.2786523030620707,583.0,54.0,0.09262435677530018,42,117,0.9178745237177588,39,10,8,8,42,data\synthetic\seed_42\human_annotations_majority_annotation.csv,data\synthetic\seed_42\annotation\sample_manifest.json,False
A3_feedback_propagasi,all,0.6123699299661928,0.9074074074074074,0.5,0.6296296296296297,0.5175379198266522,0.15806451612903225,0.899904214559387,0.36796662849107,0.29735823015005597,750.0,54.0,0.072,42,117,0.9178745237177588,39,10,8,8,42,data\synthetic\seed_42\human_annotations_majority_annotation.csv,data\synthetic\seed_42\annotation\sample_manifest.json,False
A3_feedback_propagasi,entity,0.6276342022738156,0.9074074074074074,0.5370370370370371,0.6296296296296297,0.5555516460832952,0.20502092050209206,0.8900091017293286,0.3088797901269612,0.274013351029276,583.0,54.0,0.09262435677530018,43,134,0.9217264756421195,39,10,8,8,42,data\synthetic\seed_42\human_annotations_majority_annotation.csv,data\synthetic\seed_42\annotation\sample_manifest.json,False
A3_feedback_propagasi,all,0.5843388411009732,0.9074074074074074,0.5,0.5555555555555556,0.5398073022312373,0.17132867132867133,0.888276926351639,0.3154876879905488,0.26749778801511076,750.0,54.0,0.072,43,134,0.9217264756421195,39,10,8,8,42,data\synthetic\seed_42\human_annotations_majority_annotation.csv,data\synthetic\seed_42\annotation\sample_manifest.json,False
A3_feedback_propagasi,entity,0.6097484024716324,0.8518518518518519,0.46296296296296297,0.6296296296296297,0.5468548409369784,0.19574468085106383,0.8802072393754814,0.30158813900892295,0.274702894136219,583.0,54.0,0.09262435677530018,44,171,0.9257095441211005,39,10,8,8,42,data\synthetic\seed_42\human_annotations_majority_annotation.csv,data\synthetic\seed_42\annotation\sample_manifest.json,False
A3_feedback_propagasi,all,0.5523280595929136,0.8518518518518519,0.4444444444444444,0.5740740740740741,0.527477170885003,0.1602787456445993,0.8654480630055342,0.33592575650367684,0.2851178302522234,750.0,54.0,0.072,44,171,0.9257095441211005,39,10,8,8,42,data\synthetic\seed_42\human_annotations_majority_annotation.csv,data\synthetic\seed_42\annotation\sample_manifest.json,False
A3_feedback_propagasi,entity,0.6580710066797906,0.9074074074074074,0.5370370370370371,0.6666666666666666,0.5606562163399131,0.20851063829787234,0.8979556115661975,0.30617601940558203,0.2637409010730387,583.0,54.0,0.09262435677530018,45,91,0.9226968381608402,39,10,8,8,42,data\synthetic\seed_42\human_annotations_majority_annotation.csv,data\synthetic\seed_42\annotation\sample_manifest.json,False
A3_feedback_propagasi,all,0.5958284918509389,0.9074074074074074,0.5,0.6296296296296297,0.5398073022312373,0.17132867132867133,0.8860153256704981,0.3331171796902494,0.27131720969999057,750.0,54.0,0.072,45,91,0.9226968381608402,39,10,8,8,42,data\synthetic\seed_42\human_annotations_majority_annotation.csv,data\synthetic\seed_42\annotation\sample_manifest.json,False
A3_feedback_propagasi,entity,0.6831477400235945,0.9074074074074074,0.5370370370370371,0.7222222222222222,0.5593764761454889,0.2076271186440678,0.9122033186305398,0.304324525143869,0.26173069797622095,583.0,54.0,0.09262435677530018,46,167,0.919009448168363,39,10,8,8,42,data\synthetic\seed_42\human_annotations_majority_annotation.csv,data\synthetic\seed_42\annotation\sample_manifest.json,False
A3_feedback_propagasi,all,0.6017296327255959,0.9074074074074074,0.48148148148148145,0.6481481481481481,0.5379207950792352,0.1701388888888889,0.8996647509578544,0.33208187555195956,0.2720170544420224,750.0,54.0,0.072,46,167,0.919009448168363,39,10,8,8,42,data\synthetic\seed_42\human_annotations_majority_annotation.csv,data\synthetic\seed_42\annotation\sample_manifest.json,False
A3_feedback_propagasi,entity,0.6630717350327177,0.9074074074074074,0.5555555555555556,0.7407407407407407,0.5479626436449063,0.2,0.9035216691171322,0.32606744914009234,0.27847297029868906,583.0,54.0,0.09262435677530018,47,128,0.9180385212972764,39,10,8,8,42,data\synthetic\seed_42\human_annotations_majority_annotation.csv,data\synthetic\seed_42\annotation\sample_manifest.json,False
A3_feedback_propagasi,all,0.5988841294743643,0.9074074074074074,0.5,0.5925925925925926,0.48522727272727273,0.1416184971098266,0.887718177948063,0.39259244199227783,0.31463409384737095,750.0,54.0,0.072,47,128,0.9180385212972764,39,10,8,8,42,data\synthetic\seed_42\human_annotations_majority_annotation.csv,data\synthetic\seed_42\annotation\sample_manifest.json,False
A3_feedback_propagasi,entity,0.6519233719880784,0.9259259259259259,0.5555555555555556,0.6851851851851852,0.5249940091061587,0.18726591760299627,0.8906742281033395,0.3591521655564145,0.319404740454337,583.0,54.0,0.09262435677530018,48,106,0.9198436098331741,39,10,8,8,42,data\synthetic\seed_42\human_annotations_majority_annotation.csv,data\synthetic\seed_42\annotation\sample_manifest.json,False
A3_feedback_propagasi,all,0.6138918686828124,0.9259259259259259,0.5370370370370371,0.5925925925925926,0.5092956296014607,0.15479876160990713,0.8869731800766284,0.37799085694068313,0.3204265370699962,750.0,54.0,0.072,48,106,0.9198436098331741,39,10,8,8,42,data\synthetic\seed_42\human_annotations_majority_annotation.csv,data\synthetic\seed_42\annotation\sample_manifest.json,False
A3_feedback_propagasi,entity,0.6538782780662643,0.9074074074074074,0.5370370370370371,0.6851851851851852,0.5441961000735835,0.1975806451612903,0.8985857312889448,0.31937509157148264,0.27015887190800003,583.0,54.0,0.09262435677530018,49,80,0.9264685029949571,39,10,8,8,42,data\synthetic\seed_42\human_annotations_majority_annotation.csv,data\synthetic\seed_42\annotation\sample_manifest.json,False
A3_feedback_propagasi,all,0.5714878090088721,0.9074074074074074,0.5,0.6111111111111112,0.5211988304093567,0.16013071895424835,0.8879177309493401,0.3540062322856091,0.28595565549544144,750.0,54.0,0.072,49,80,0.9264685029949571,39,10,8,8,42,data\synthetic\seed_42\human_annotations_majority_annotation.csv,data\synthetic\seed_42\annotation\sample_manifest.json,False
A3_feedback_propagasi,entity,0.6130870786105987,0.8703703703703703,0.5185185185185185,0.6481481481481481,0.5439374185136897,0.1950207468879668,0.8820975985437232,0.31826074162425566,0.28185540315520474,583.0,54.0,0.09262435677530018,50,129,0.9211302715852896,39,10,8,8,42,data\synthetic\seed_42\human_annotations_majority_annotation.csv,data\synthetic\seed_42\annotation\sample_manifest.json,False
A3_feedback_propagasi,all,0.5644802485221959,0.8703703703703703,0.48148148148148145,0.6111111111111112,0.5220667544427335,0.15824915824915825,0.871115368241805,0.35833575210572016,0.2951817327065372,750.0,54.0,0.072,50,129,0.9211302715852896,39,10,8,8,42,data\synthetic\seed_42\human_annotations_majority_annotation.csv,data\synthetic\seed_42\annotation\sample_manifest.json,False
A3_feedback_propagasi,entity,0.6408263477150233,0.8888888888888888,0.5555555555555556,0.6666666666666666,0.5384853664972523,0.1927710843373494,0.8887663656094658,0.3264418956599393,0.29197232674064877,583.0,54.0,0.09262435677530018,51,109,0.9173653153737529,39,10,8,8,42,data\synthetic\seed_42\human_annotations_majority_annotation.csv,data\synthetic\seed_42\annotation\sample_manifest.json,False
A3_feedback_propagasi,all,0.5532401107835971,0.8888888888888888,0.48148148148148145,0.6111111111111112,0.5202805531661483,0.15841584158415842,0.8728581311196254,0.3589063954272145,0.3028285380130854,750.0,54.0,0.072,51,109,0.9173653153737529,39,10,8,8,42,data\synthetic\seed_42\human_annotations_majority_annotation.csv,data\synthetic\seed_42\annotation\sample_manifest.json,False
A3_feedback_propagasi,entity,0.6676132886757242,0.9444444444444444,0.5555555555555556,0.6851851851851852,0.5355100521221147,0.1946564885496183,0.8988307778477911,0.3508011125216809,0.30324148491815783,583.0,54.0,0.09262435677530018,52,97,0.9120745620953339,39,10,8,8,42,data\synthetic\seed_42\human_annotations_majority_annotation.csv,data\synthetic\seed_42\annotation\sample_manifest.json,False
A3_feedback_propagasi,all,0.6082156750514975,0.9444444444444444,0.5,0.6296296296296297,0.515582108832553,0.159375,0.8885429970200085,0.3836740523713466,0.31374595815119904,750.0,54.0,0.072,52,97,0.9120745620953339,39,10,8,8,42,data\synthetic\seed_42\human_annotations_majority_annotation.csv,data\synthetic\seed_42\annotation\sample_manifest.json,False
A3_feedback_propagasi,entity,0.6438684556940536,0.9074074074074074,0.5370370370370371,0.7222222222222222,0.553013290782074,0.2033195020746888,0.905166981726528,0.3221659299837646,0.2744705482610772,583.0,54.0,0.09262435677530018,53,141,0.9229051025831054,39,10,8,8,42,data\synthetic\seed_42\human_annotations_majority_annotation.csv,data\synthetic\seed_42\annotation\sample_manifest.json,False
A3_feedback_propagasi,all,0.5151930974551634,0.9074074074074074,0.46296296296296297,0.5925925925925926,0.5285773677541971,0.1644295302013423,0.8894476372924649,0.3547002720993013,0.28985661096682175,750.0,54.0,0.072,53,141,0.9229051025831054,39,10,8,8,42,data\synthetic\seed_42\human_annotations_majority_annotation.csv,data\synthetic\seed_42\annotation\sample_manifest.json,False
A3_feedback_propagasi,entity,0.6792384145901773,0.8888888888888888,0.5555555555555556,0.7222222222222222,0.5650091460479445,0.21052631578947367,0.9098928796471331,0.29266796765298525,0.24908101861487056,583.0,54.0,0.09262435677530018,54,163,0.9247868988142242,39,10,8,8,42,data\synthetic\seed_42\human_annotations_majority_annotation.csv,data\synthetic\seed_42\annotation\sample_manifest.json,False
A3_feedback_propagasi,all,0.6214597711237273,0.8888888888888888,0.5370370370370371,0.6481481481481481,0.5369417575632847,0.16842105263157894,0.8986270753512132,0.34868678863397995,0.27537338914352166,750.0,54.0,0.072,54,163,0.9247868988142242,39,10,8,8,42,data\synthetic\seed_42\human_annotations_majority_annotation.csv,data\synthetic\seed_42\annotation\sample_manifest.json,False
A3_feedback_propagasi,entity,0.6865827475658796,0.9259259259259259,0.5740740740740741,0.7037037037037037,0.5448868071818891,0.199203187250996,0.9109780858363089,0.33274779031103197,0.2905325202338438,583.0,54.0,0.09262435677530018,55,127,0.9238434855131342,39,10,8,8,42,data\synthetic\seed_42\human_annotations_majority_annotation.csv,data\synthetic\seed_42\annotation\sample_manifest.json,False
A3_feedback_propagasi,all,0.6365188166950658,0.9259259259259259,0.5370370370370371,0.6481481481481481,0.5248538011695907,0.16339869281045752,0.9063431247339293,0.3514280347677732,0.29289643469561927,750.0,54.0,0.072,55,127,0.9238434855131342,39,10,8,8,42,data\synthetic\seed_42\human_annotations_majority_annotation.csv,data\synthetic\seed_42\annotation\sample_manifest.json,False
A3_feedback_propagasi,entity,0.6309526127731871,0.8703703703703703,0.5555555555555556,0.7037037037037037,0.5402066000680419,0.19262295081967212,0.8925995939228453,0.32756149325838635,0.2886948331671208,583.0,54.0,0.09262435677530018,56,107,0.9152972011992268,39,10,8,8,42,data\synthetic\seed_42\human_annotations_majority_annotation.csv,data\synthetic\seed_42\annotation\sample_manifest.json,False
A3_feedback_propagasi,all,0.5454969021630133,0.8703703703703703,0.42592592592592593,0.6296296296296297,0.5220667544427335,0.15824915824915825,0.8774478501489996,0.36246996221805095,0.29778876323301423,750.0,54.0,0.072,56,107,0.9152972011992268,39,10,8,8,42,data\synthetic\seed_42\human_annotations_majority_annotation.csv,data\synthetic\seed_42\annotation\sample_manifest.json,False
A3_feedback_propagasi,entity,0.6424581148614917,0.9074074074074074,0.5555555555555556,0.6296296296296297,0.5354722011381616,0.19215686274509805,0.8878036826997129,0.3336755779123694,0.29489063921475356,583.0,54.0,0.09262435677530018,57,126,0.9209011782811638,39,10,8,8,42,data\synthetic\seed_42\human_annotations_majority_annotation.csv,data\synthetic\seed_42\annotation\sample_manifest.json,False
A3_feedback_propagasi,all,0.5771993048435626,0.9074074074074074,0.5185185185185185,0.5740740740740741,0.5157139965883135,0.15705128205128205,0.8736962537249894,0.36792665344110004,0.30545802427531493,750.0,54.0,0.072,57,126,0.9209011782811638,39,10,8,8,42,data\synthetic\seed_42\human_annotations_majority_annotation.csv,data\synthetic\seed_42\annotation\sample_manifest.json,False
A3_feedback_propagasi,entity,0.6786317519675792,0.9629629629629629,0.5740740740740741,0.7222222222222222,0.5486815224328111,0.20392156862745098,0.9142512077294686,0.3367100216776393,0.28410799545488546,583.0,54.0,0.09262435677530018,58,126,0.9260636970903013,39,10,8,8,42,data\synthetic\seed_42\human_annotations_majority_annotation.csv,data\synthetic\seed_42\annotation\sample_manifest.json,False
A3_feedback_propagasi,all,0.5874786117019546,0.9629629629629629,0.46296296296296297,0.6666666666666666,0.5340429903433161,0.17105263157894737,0.9054251809280545,0.3597691112097823,0.28809895667572033,750.0,54.0,0.072,58,126,0.9260636970903013,39,10,8,8,42,data\synthetic\seed_42\human_annotations_majority_annotation.csv,data\synthetic\seed_42\annotation\sample_manifest.json,False
A3_feedback_propagasi,entity,0.6443739648663311,0.9074074074074074,0.5370370370370371,0.6666666666666666,0.5329948665876911,0.19066147859922178,0.8958552124903731,0.34716430172581864,0.30608842841233513,583.0,54.0,0.09262435677530018,59,101,0.9184840162712272,39,10,8,8,42,data\synthetic\seed_42\human_annotations_majority_annotation.csv,data\synthetic\seed_42\annotation\sample_manifest.json,False
A3_feedback_propagasi,all,0.6030855841241048,0.9074074074074074,0.5,0.5925925925925926,0.5120784501315475,0.1550632911392405,0.8929597701149425,0.3694377174006068,0.3118645772102312,750.0,54.0,0.072,59,101,0.9184840162712272,39,10,8,8,42,data\synthetic\seed_42\human_annotations_majority_annotation.csv,data\synthetic\seed_42\annotation\sample_manifest.json,False
A3_feedback_propagasi,entity,0.6629094212517838,0.9074074074074074,0.5740740740740741,0.7037037037037037,0.5555516460832952,0.20502092050209206,0.906112161310649,0.31045262235064786,0.27765988588494245,583.0,54.0,0.09262435677530018,60,197,0.9214487298002887,39,10,8,8,42,data\synthetic\seed_42\human_annotations_majority_annotation.csv,data\synthetic\seed_42\annotation\sample_manifest.json,False
A3_feedback_propagasi,all,0.553632334985819,0.9074074074074074,0.48148148148148145,0.6296296296296297,0.5313655249328477,0.16610169491525423,0.8880507662835249,0.35069572887845146,0.29089280836326326,750.0,54.0,0.072,60,197,0.9214487298002887,39,10,8,8,42,data\synthetic\seed_42\human_annotations_majority_annotation.csv,data\synthetic\seed_42\annotation\sample_manifest.json,False
A3_feedback_propagasi,entity,0.6646546197694476,0.8888888888888888,0.5185185185185185,0.7407407407407407,0.5497331960307058,0.2,0.9021564097178465,0.31991295511556783,0.2745628307206716,583.0,54.0,0.09262435677530018,61,126,0.9205603654028759,39,10,8,8,42,data\synthetic\seed_42\human_annotations_majority_annotation.csv,data\synthetic\seed_42\annotation\sample_manifest.json,False
A3_feedback_propagasi,all,0.5668049977632565,0.8888888888888888,0.5,0.6481481481481481,0.5130046466718967,0.15434083601286175,0.8810131971051511,0.37741022917021383,0.30241889856667653,750.0,54.0,0.072,61,126,0.9205603654028759,39,10,8,8,42,data\synthetic\seed_42\human_annotations_majority_annotation.csv,data\synthetic\seed_42\annotation\sample_manifest.json,False
A2_feedback_langsung,entity,0.669570949639776,0.9259259259259259,0.5740740740740741,0.6851851851851852,0.5398753082363781,0.19607843137254902,0.900336063852132,0.3320932829790392,0.29070548296123355,583.0,54.0,0.09262435677530018,42,131,0.9181320357811985,19,25,19,18,42,data\synthetic\seed_42\human_annotations_majority_annotation.csv,data\synthetic\seed_42\annotation\sample_manifest.json,False
A2_feedback_langsung,all,0.5781381997370393,0.9259259259259259,0.5185185185185185,0.6111111111111112,0.5083892142715671,0.15432098765432098,0.8826628352490421,0.38619727930000414,0.31798035800620333,750.0,54.0,0.072,42,131,0.9181320357811985,19,25,19,18,42,data\synthetic\seed_42\human_annotations_majority_annotation.csv,data\synthetic\seed_42\annotation\sample_manifest.json,False
A2_feedback_langsung,entity,0.6323132820640027,0.8703703703703703,0.5185185185185185,0.6481481481481481,0.5641746776416013,0.2088888888888889,0.8886438423300427,0.27912464050662555,0.24121779905385093,583.0,54.0,0.09262435677530018,43,109,0.9231847002045541,19,25,19,18,42,data\synthetic\seed_42\human_annotations_majority_annotation.csv,data\synthetic\seed_42\annotation\sample_manifest.json,False
A2_feedback_langsung,all,0.579066994021613,0.8703703703703703,0.5,0.6111111111111112,0.5368650310678368,0.16725978647686832,0.8770487441464453,0.31265381758163535,0.2532530044073674,750.0,54.0,0.072,43,109,0.9231847002045541,19,25,19,18,42,data\synthetic\seed_42\human_annotations_majority_annotation.csv,data\synthetic\seed_42\annotation\sample_manifest.json,False
A2_feedback_langsung,entity,0.6446729486615086,0.8703703703703703,0.5555555555555556,0.6481481481481481,0.5426918297607952,0.19421487603305784,0.891444374431142,0.3160314351836915,0.27539025143156715,583.0,54.0,0.09262435677530018,44,104,0.9175679989973116,19,25,19,18,42,data\synthetic\seed_42\human_annotations_majority_annotation.csv,data\synthetic\seed_42\annotation\sample_manifest.json,False
A2_feedback_langsung,all,0.5729133972237749,0.8703703703703703,0.5,0.6111111111111112,0.5220667544427335,0.15824915824915825,0.8751064282673477,0.35126026847603636,0.28748975290242645,750.0,54.0,0.072,44,104,0.9175679989973116,19,25,19,18,42,data\synthetic\seed_42\human_annotations_majority_annotation.csv,data\synthetic\seed_42\annotation\sample_manifest.json,False
A2_feedback_langsung,entity,0.6849309705749006,0.9444444444444444,0.5555555555555556,0.7222222222222222,0.5724671288643652,0.21888412017167383,0.9118182454666387,0.3000429054544619,0.2578855579938414,583.0,54.0,0.09262435677530018,45,106,0.9178861415256404,19,25,19,18,42,data\synthetic\seed_42\human_annotations_majority_annotation.csv,data\synthetic\seed_42\annotation\sample_manifest.json,False
A2_feedback_langsung,all,0.615951824511343,0.9444444444444444,0.5185185185185185,0.6666666666666666,0.5474137931034483,0.17832167832167833,0.9020061728395061,0.3220745708628051,0.2656692117143233,750.0,54.0,0.072,45,106,0.9178861415256404,19,25,19,18,42,data\synthetic\seed_42\human_annotations_majority_annotation.csv,data\synthetic\seed_42\annotation\sample_manifest.json,False
A2_feedback_langsung,entity,0.638348317623612,0.9074074074074074,0.5370370370370371,0.6481481481481481,0.5194724912425304,0.1828358208955224,0.8878736960022404,0.3648768265142639,0.3211010361107965,583.0,54.0,0.09262435677530018,46,110,0.9146425314527349,19,25,19,18,42,data\synthetic\seed_42\human_annotations_majority_annotation.csv,data\synthetic\seed_42\annotation\sample_manifest.json,False
A2_feedback_langsung,all,0.5576729458190288,0.9074074074074074,0.46296296296296297,0.6111111111111112,0.5057526377574278,0.15170278637770898,0.8774478501489996,0.39553582853703384,0.3273146623168715,750.0,54.0,0.072,46,110,0.9146425314527349,19,25,19,18,42,data\synthetic\seed_42\human_annotations_majority_annotation.csv,data\synthetic\seed_42\annotation\sample_manifest.json,False
A2_feedback_langsung,entity,0.6463548960276216,0.9629629629629629,0.5370370370370371,0.5925925925925926,0.523646109095663,0.1890909090909091,0.8918644542463069,0.3609932756495975,0.3165835800987003,583.0,54.0,0.09262435677530018,47,124,0.9146872178147905,19,25,19,18,42,data\synthetic\seed_42\human_annotations_majority_annotation.csv,data\synthetic\seed_42\annotation\sample_manifest.json,False
A2_feedback_langsung,all,0.5688880976942101,0.9629629629629629,0.5,0.5925925925925926,0.49365195878530843,0.14942528735632185,0.8808269476372924,0.4191877968192457,0.3456601961687441,750.0,54.0,0.072,47,124,0.9146872178147905,19,25,19,18,42,data\synthetic\seed_42\human_annotations_majority_annotation.csv,data\synthetic\seed_42\annotation\sample_manifest.json,False
A2_feedback_langsung,entity,0.6349090555239223,0.8703703703703703,0.5370370370370371,0.6296296296296297,0.5539792209233647,0.2017167381974249,0.887943709304768,0.30712928468646056,0.2574220007074194,583.0,54.0,0.09262435677530018,48,92,0.9131304468860598,19,25,19,18,42,data\synthetic\seed_42\human_annotations_majority_annotation.csv,data\synthetic\seed_42\annotation\sample_manifest.json,False
A2_feedback_langsung,all,0.5912593113967586,0.8703703703703703,0.5185185185185185,0.6111111111111112,0.5284964190874708,0.16206896551724137,0.8775276713495105,0.3506106590454793,0.2754592568044797,750.0,54.0,0.072,48,92,0.9131304468860598,19,25,19,18,42,data\synthetic\seed_42\human_annotations_majority_annotation.csv,data\synthetic\seed_42\annotation\sample_manifest.json,False
A2_feedback_langsung,entity,0.6171662353285081,0.8888888888888888,0.5,0.6296296296296297,0.5237088019696716,0.1839080459770115,0.8713855632570189,0.349305610418825,0.31404851337739464,583.0,54.0,0.09262435677530018,49,102,0.9235933347813435,19,25,19,18,42,data\synthetic\seed_42\human_annotations_majority_annotation.csv,data\synthetic\seed_42\annotation\sample_manifest.json,False
A2_feedback_langsung,all,0.5520819053738928,0.8888888888888888,0.48148148148148145,0.5740740740740741,0.5066918325326013,0.1509433962264151,0.8671908258833546,0.3726549490879332,0.3178242168817726,750.0,54.0,0.072,49,102,0.9235933347813435,19,25,19,18,42,data\synthetic\seed_42\human_annotations_majority_annotation.csv,data\synthetic\seed_42\annotation\sample_manifest.json,False
A2_feedback_langsung,entity,0.6126788975466104,0.8703703703703703,0.5185185185185185,0.6666666666666666,0.5451850464956625,0.19583333333333333,0.878894489953091,0.3140862272230813,0.28728071539554084,583.0,54.0,0.09262435677530018,50,176,0.9176870365498844,19,25,19,18,42,data\synthetic\seed_42\human_annotations_majority_annotation.csv,data\synthetic\seed_42\annotation\sample_manifest.json,False
A2_feedback_langsung,all,0.5241937102267437,0.8703703703703703,0.46296296296296297,0.5555555555555556,0.49866665406936234,0.14551083591331268,0.8567076415495956,0.3744460327977607,0.31594443215766616,750.0,54.0,0.072,50,176,0.9176870365498844,19,25,19,18,42,data\synthetic\seed_42\human_annotations_majority_annotation.csv,data\synthetic\seed_42\annotation\sample_manifest.json,False
A2_feedback_langsung,entity,0.6596865047150092,0.9259259259259259,0.5555555555555556,0.6851851851851852,0.5237629154278649,0.1865671641791045,0.8953476160470489,0.3595786430215544,0.3222148200611022,583.0,54.0,0.09262435677530018,51,143,0.9126036462153759,19,25,19,18,42,data\synthetic\seed_42\human_annotations_majority_annotation.csv,data\synthetic\seed_42\annotation\sample_manifest.json,False
A2_feedback_langsung,all,0.568014214063837,0.9259259259259259,0.48148148148148145,0.6481481481481481,0.5020674392871702,0.1510574018126888,0.8840464027245637,0.38874994486215864,0.3315574760779564,750.0,54.0,0.072,51,143,0.9126036462153759,19,25,19,18,42,data\synthetic\seed_42\human_annotations_majority_annotation.csv,data\synthetic\seed_42\annotation\sample_manifest.json,False
A2_feedback_langsung,entity,0.6330001857533997,0.8703703703703703,0.5370370370370371,0.6481481481481481,0.5352587687024773,0.18951612903225806,0.8874536161870756,0.33329162631958587,0.29691726768398824,583.0,54.0,0.09262435677530018,52,119,0.9108812970577318,19,25,19,18,42,data\synthetic\seed_42\human_annotations_majority_annotation.csv,data\synthetic\seed_42\annotation\sample_manifest.json,False
A2_feedback_langsung,all,0.5654367601748909,0.8703703703703703,0.48148148148148145,0.6111111111111112,0.516604542079299,0.1551155115511551,0.8805608769689229,0.35049439440410546,0.30095923114832446,750.0,54.0,0.072,52,119,0.9108812970577318,19,25,19,18,42,data\synthetic\seed_42\human_annotations_majority_annotation.csv,data\synthetic\seed_42\annotation\sample_manifest.json,False
A2_feedback_langsung,entity,0.6104236958293439,0.8888888888888888,0.5,0.6111111111111112,0.5237088019696716,0.1839080459770115,0.8742211020093817,0.3487056967851221,0.3092649106596018,583.0,54.0,0.09262435677530018,53,128,0.9147902615738326,19,25,19,18,42,data\synthetic\seed_42\human_annotations_majority_annotation.csv,data\synthetic\seed_42\annotation\sample_manifest.json,False
A2_feedback_langsung,all,0.469318469962418,0.8888888888888888,0.4444444444444444,0.5740740740740741,0.4986384074644825,0.14678899082568808,0.8520381013197105,0.38727086718598946,0.3267666587311575,750.0,54.0,0.072,53,128,0.9147902615738326,19,25,19,18,42,data\synthetic\seed_42\human_annotations_majority_annotation.csv,data\synthetic\seed_42\annotation\sample_manifest.json,False
A2_feedback_langsung,entity,0.6199152175299975,0.8703703703703703,0.5185185185185185,0.6296296296296297,0.5426918297607952,0.19421487603305784,0.8798921795141077,0.3142615279621182,0.2783207554407234,583.0,54.0,0.09262435677530018,54,145,0.9192079467413169,19,25,19,18,42,data\synthetic\seed_42\human_annotations_majority_annotation.csv,data\synthetic\seed_42\annotation\sample_manifest.json,False
A2_feedback_langsung,all,0.5208741437924989,0.8703703703703703,0.46296296296296297,0.5740740740740741,0.5156982261836042,0.15460526315789475,0.8548850574712643,0.3738012503510253,0.30684031034404197,750.0,54.0,0.072,54,145,0.9192079467413169,19,25,19,18,42,data\synthetic\seed_42\human_annotations_majority_annotation.csv,data\synthetic\seed_42\annotation\sample_manifest.json,False
A2_feedback_langsung,entity,0.6118733542102739,0.8703703703703703,0.5,0.6111111111111112,0.5451850464956625,0.19583333333333333,0.8700903171602605,0.32122537605347573,0.28884137005991883,583.0,54.0,0.09262435677530018,55,106,0.9216111592754369,19,25,19,18,42,data\synthetic\seed_42\human_annotations_majority_annotation.csv,data\synthetic\seed_42\annotation\sample_manifest.json,False
A2_feedback_langsung,all,0.5395022812854655,0.8703703703703703,0.48148148148148145,0.5740740740740741,0.5229813664596273,0.15878378378378377,0.8518784589186889,0.36331063108999073,0.3028337474959419,750.0,54.0,0.072,55,106,0.9216111592754369,19,25,19,18,42,data\synthetic\seed_42\human_annotations_majority_annotation.csv,data\synthetic\seed_42\annotation\sample_manifest.json,False
A2_feedback_langsung,entity,0.6157648286383833,0.8888888888888888,0.5370370370370371,0.6481481481481481,0.54721963342653,0.19834710743801653,0.8858958202058391,0.3151683790326937,0.2681158257430901,583.0,54.0,0.09262435677530018,56,76,0.9141429135276143,19,25,19,18,42,data\synthetic\seed_42\human_annotations_majority_annotation.csv,data\synthetic\seed_42\annotation\sample_manifest.json,False
A2_feedback_langsung,all,0.5559911995734715,0.8888888888888888,0.46296296296296297,0.6111111111111112,0.523945950885547,0.1605351170568562,0.869798318433376,0.3701764212411245,0.2923660525736204,750.0,54.0,0.072,56,76,0.9141429135276143,19,25,19,18,42,data\synthetic\seed_42\human_annotations_majority_annotation.csv,data\synthetic\seed_42\annotation\sample_manifest.json,False
A2_feedback_langsung,entity,0.6283243638719134,0.8703703703703703,0.5185185185185185,0.6481481481481481,0.5352587687024773,0.18951612903225806,0.8881887558636141,0.3304204224063129,0.29889401319058695,583.0,54.0,0.09262435677530018,57,159,0.9193956051359806,19,25,19,18,42,data\synthetic\seed_42\human_annotations_majority_annotation.csv,data\synthetic\seed_42\annotation\sample_manifest.json,False
A2_feedback_langsung,all,0.5747176877048893,0.8703703703703703,0.48148148148148145,0.5740740740740741,0.51479301497245,0.1540983606557377,0.8763037462750107,0.3653043006623028,0.308392646822005,750.0,54.0,0.072,57,159,0.9193956051359806,19,25,19,18,42,data\synthetic\seed_42\human_annotations_majority_annotation.csv,data\synthetic\seed_42\annotation\sample_manifest.json,False
A2_feedback_langsung,entity,0.6347272567674511,0.9074074074074074,0.5185185185185185,0.6296296296296297,0.5354722011381616,0.19215686274509805,0.8897290485192186,0.3411649705470554,0.30073850604338986,583.0,54.0,0.09262435677530018,58,127,0.9167632937442373,19,25,19,18,42,data\synthetic\seed_42\human_annotations_majority_annotation.csv,data\synthetic\seed_42\annotation\sample_manifest.json,False
A2_feedback_langsung,all,0.526668896471626,0.9074074074074074,0.48148148148148145,0.6111111111111112,0.5193661458990766,0.1590909090909091,0.8764367816091954,0.3708319494254132,0.30794909453129315,750.0,54.0,0.072,58,127,0.9167632937442373,19,25,19,18,42,data\synthetic\seed_42\human_annotations_majority_annotation.csv,data\synthetic\seed_42\annotation\sample_manifest.json,False
A2_feedback_langsung,entity,0.6207761995735905,0.8518518518518519,0.5185185185185185,0.6296296296296297,0.5493572439381147,0.19742489270386265,0.876881607505426,0.299138723574279,0.27061245576571197,583.0,54.0,0.09262435677530018,59,102,0.9159876739404005,19,25,19,18,42,data\synthetic\seed_42\human_annotations_majority_annotation.csv,data\synthetic\seed_42\annotation\sample_manifest.json,False
A2_feedback_langsung,all,0.5822688442081402,0.8518518518518519,0.48148148148148145,0.5740740740740741,0.5219837486971715,0.15699658703071673,0.8602596849723287,0.33912102360743734,0.28649762934267825,750.0,54.0,0.072,59,102,0.9159876739404005,19,25,19,18,42,data\synthetic\seed_42\human_annotations_majority_annotation.csv,data\synthetic\seed_42\annotation\sample_manifest.json,False
A2_feedback_langsung,entity,0.6256373265279618,0.9444444444444444,0.5,0.6481481481481481,0.5467989822268906,0.2015810276679842,0.8949100329062522,0.3334726417048465,0.29226049860802156,583.0,54.0,0.09262435677530018,60,126,0.9168857805220276,19,25,19,18,42,data\synthetic\seed_42\human_annotations_majority_annotation.csv,data\synthetic\seed_42\annotation\sample_manifest.json,False
A2_feedback_langsung,all,0.5700554537684107,0.9444444444444444,0.46296296296296297,0.5925925925925926,0.5275780134685867,0.16612377850162866,0.8880773733503619,0.37567817809118054,0.30720619412730255,750.0,54.0,0.072,60,126,0.9168857805220276,19,25,19,18,42,data\synthetic\seed_42\human_annotations_majority_annotation.csv,data\synthetic\seed_42\annotation\sample_manifest.json,False
A2_feedback_langsung,entity,0.6763485496883749,0.8888888888888888,0.5740740740740741,0.7037037037037037,0.536006549761048,0.19123505976095617,0.9021214030665826,0.33376206293145316,0.28803546394833013,583.0,54.0,0.09262435677530018,61,130,0.9163161418754004,19,25,19,18,42,data\synthetic\seed_42\human_annotations_majority_annotation.csv,data\synthetic\seed_42\annotation\sample_manifest.json,False
A2_feedback_langsung,all,0.5474106855870927,0.8888888888888888,0.5185185185185185,0.6111111111111112,0.5130046466718967,0.15434083601286175,0.8799888250319284,0.3873194242348701,0.3121076712121605,750.0,54.0,0.072,61,130,0.9163161418754004,19,25,19,18,42,data\synthetic\seed_42\human_annotations_majority_annotation.csv,data\synthetic\seed_42\annotation\sample_manifest.json,False
A3_feedback_propagasi,entity,0.6840930681950063,0.9074074074074074,0.5925925925925926,0.7407407407407407,0.5492221569294529,0.20081967213114754,0.9072673808023524,0.3169976892875531,0.26740925200579857,583.0,54.0,0.09262435677530018,42,118,0.9173582839519886,78,25,19,18,42,data\synthetic\seed_42\human_annotations_majority_annotation.csv,data\synthetic\seed_42\annotation\sample_manifest.json,False
A3_feedback_propagasi,all,0.5866637668093675,0.9074074074074074,0.48148148148148145,0.6296296296296297,0.5221168939917338,0.16065573770491803,0.8911770966368667,0.3705265159966445,0.29431145695043887,750.0,54.0,0.072,42,118,0.9173582839519886,78,25,19,18,42,data\synthetic\seed_42\human_annotations_majority_annotation.csv,data\synthetic\seed_42\annotation\sample_manifest.json,False
A3_feedback_propagasi,entity,0.6394233515718256,0.8888888888888888,0.5185185185185185,0.6296296296296297,0.5384853664972523,0.1927710843373494,0.8890989287964713,0.3264493244975363,0.28729409339616707,583.0,54.0,0.09262435677530018,43,130,0.9248266078675023,78,25,19,18,42,data\synthetic\seed_42\human_annotations_majority_annotation.csv,data\synthetic\seed_42\annotation\sample_manifest.json,False
A3_feedback_propagasi,all,0.5943261351272905,0.8888888888888888,0.5185185185185185,0.5925925925925926,0.524865378523915,0.1610738255033557,0.8887824606215411,0.345782906436087,0.28656742537195606,750.0,54.0,0.072,43,130,0.9248266078675023,78,25,19,18,42,data\synthetic\seed_42\human_annotations_majority_annotation.csv,data\synthetic\seed_42\annotation\sample_manifest.json,False
A3_feedback_propagasi,entity,0.6376037913973149,0.9074074074074074,0.5185185185185185,0.6666666666666666,0.58952727333325,0.2300469483568075,0.9032066092557586,0.2731984206659557,0.22059695406748603,583.0,54.0,0.09262435677530018,44,79,0.9189087736408256,78,25,19,18,42,data\synthetic\seed_42\human_annotations_majority_annotation.csv,data\synthetic\seed_42\annotation\sample_manifest.json,False
A3_feedback_propagasi,all,0.5065087107496691,0.9074074074074074,0.46296296296296297,0.5925925925925926,0.5580763041703328,0.18352059925093633,0.8802948063005533,0.3297786487999474,0.25063497722957373,750.0,54.0,0.072,44,79,0.9189087736408256,78,25,19,18,42,data\synthetic\seed_42\human_annotations_majority_annotation.csv,data\synthetic\seed_42\annotation\sample_manifest.json,False
A3_feedback_propagasi,entity,0.6759397204256286,0.9074074074074074,0.5370370370370371,0.7222222222222222,0.5696864670581817,0.2149122807017544,0.9064622278232863,0.29747114229398125,0.25940206976458885,583.0,54.0,0.09262435677530018,45,119,0.9190165587805796,78,25,19,18,42,data\synthetic\seed_42\human_annotations_majority_annotation.csv,data\synthetic\seed_42\annotation\sample_manifest.json,False
A3_feedback_propagasi,all,0.6200180349672387,0.9074074074074074,0.5185185185185185,0.6296296296296297,0.5493395493395494,0.17753623188405798,0.8994252873563218,0.3149595594479666,0.2595319877993251,750.0,54.0,0.072,45,119,0.9190165587805796,78,25,19,18,42,data\synthetic\seed_42\human_annotations_majority_annotation.csv,data\synthetic\seed_42\annotation\sample_manifest.json,False
A3_feedback_propagasi,entity,0.6906716429609102,0.9259259259259259,0.6111111111111112,0.7222222222222222,0.5511932255581217,0.2032520325203252,0.914198697752573,0.3185218411809956,0.2669837207628192,583.0,54.0,0.09262435677530018,46,116,0.9166212445106766,78,25,19,18,42,data\synthetic\seed_42\human_annotations_majority_annotation.csv,data\synthetic\seed_42\annotation\sample_manifest.json,False
A3_feedback_propagasi,all,0.6103546976949378,0.9259259259259259,0.5370370370370371,0.6666666666666666,0.5313553524281844,0.16722408026755853,0.904906343124734,0.35010523296103185,0.2776449193159295,750.0,54.0,0.072,46,116,0.9166212445106766,78,25,19,18,42,data\synthetic\seed_42\human_annotations_majority_annotation.csv,data\synthetic\seed_42\annotation\sample_manifest.json,False
A3_feedback_propagasi,entity,0.6810642104027784,0.9814814814814815,0.5740740740740741,0.6666666666666666,0.5416666666666666,0.20075757575757575,0.9101904361828748,0.3569185110960207,0.3018052275653772,583.0,54.0,0.09262435677530018,47,129,0.9250944263648757,78,25,19,18,42,data\synthetic\seed_42\human_annotations_majority_annotation.csv,data\synthetic\seed_42\annotation\sample_manifest.json,False
A3_feedback_propagasi,all,0.6128917290708731,0.9814814814814815,0.5370370370370371,0.6111111111111112,0.44413011843943057,0.13022113022113022,0.8993853767560664,0.4270140540041799,0.34442846362401075,750.0,54.0,0.072,47,129,0.9250944263648757,78,25,19,18,42,data\synthetic\seed_42\human_annotations_majority_annotation.csv,data\synthetic\seed_42\annotation\sample_manifest.json,False
A3_feedback_propagasi,entity,0.637736330039794,0.8888888888888888,0.5370370370370371,0.6666666666666666,0.553519882179676,0.20253164556962025,0.8942449065322411,0.3080468608821605,0.2657867480318145,583.0,54.0,0.09262435677530018,48,116,0.9232696063039822,78,25,19,18,42,data\synthetic\seed_42\human_annotations_majority_annotation.csv,data\synthetic\seed_42\annotation\sample_manifest.json,False
A3_feedback_propagasi,all,0.5725806157055402,0.8888888888888888,0.5185185185185185,0.6111111111111112,0.529482042835255,0.16382252559726962,0.8862281822051936,0.3470189160380174,0.2822609153801569,750.0,54.0,0.072,48,116,0.9232696063039822,78,25,19,18,42,data\synthetic\seed_42\human_annotations_majority_annotation.csv,data\synthetic\seed_42\annotation\sample_manifest.json,False
A3_feedback_propagasi,entity,0.6490457543491184,0.8333333333333334,0.5370370370370371,0.6481481481481481,0.5726970033296337,0.2132701421800948,0.8936848001120213,0.26855345835845357,0.23518430237758892,583.0,54.0,0.09262435677530018,49,111,0.9245772073855082,78,25,19,18,42,data\synthetic\seed_42\human_annotations_majority_annotation.csv,data\synthetic\seed_42\annotation\sample_manifest.json,False
A3_feedback_propagasi,all,0.5268440476098235,0.8333333333333334,0.46296296296296297,0.5740740740740741,0.5403384266553735,0.16728624535315986,0.8775675819497658,0.31146437457186493,0.25725244849039464,750.0,54.0,0.072,49,111,0.9245772073855082,78,25,19,18,42,data\synthetic\seed_42\human_annotations_majority_annotation.csv,data\synthetic\seed_42\annotation\sample_manifest.json,False
A3_feedback_propagasi,entity,0.6395454440704836,0.9074074074074074,0.5925925925925926,0.6296296296296297,0.5658004261505069,0.21212121212121213,0.8912343345235596,0.3011493623400645,0.2554507670551186,583.0,54.0,0.09262435677530018,50,107,0.9190742028992007,78,25,19,18,42,data\synthetic\seed_42\human_annotations_majority_annotation.csv,data\synthetic\seed_42\annotation\sample_manifest.json,False
A3_feedback_propagasi,all,0.5301959923685863,0.9074074074074074,0.5,0.5925925925925926,0.5003634782649348,0.14893617021276595,0.8686941251596425,0.3734710321697243,0.29771807698939856,750.0,54.0,0.072,50,107,0.9190742028992007,78,25,19,18,42,data\synthetic\seed_42\human_annotations_majority_annotation.csv,data\synthetic\seed_42\annotation\sample_manifest.json,False
A3_feedback_propagasi,entity,0.6490823128281006,0.9259259259259259,0.5740740740740741,0.6481481481481481,0.5436312509499924,0.1984126984126984,0.8938948400196036,0.33832735228131705,0.285864988151703,583.0,54.0,0.09262435677530018,51,74,0.912422696176436,78,25,19,18,42,data\synthetic\seed_42\human_annotations_majority_annotation.csv,data\synthetic\seed_42\annotation\sample_manifest.json,False
A3_feedback_propagasi,all,0.5558769671944084,0.9259259259259259,0.5,0.6111111111111112,0.5239299672405449,0.16286644951140064,0.882237122179651,0.3811983694318303,0.3034928300302368,750.0,54.0,0.072,51,74,0.912422696176436,78,25,19,18,42,data\synthetic\seed_42\human_annotations_majority_annotation.csv,data\synthetic\seed_42\annotation\sample_manifest.json,False
A3_feedback_propagasi,entity,0.6473303837544176,0.9444444444444444,0.5740740740740741,0.6296296296296297,0.5206429361429652,0.18613138686131386,0.8852832038087237,0.3737571011603019,0.3280919932121877,583.0,54.0,0.09262435677530018,52,123,0.9135628271239542,78,25,19,18,42,data\synthetic\seed_42\human_annotations_majority_annotation.csv,data\synthetic\seed_42\annotation\sample_manifest.json,False
A3_feedback_propagasi,all,0.5623520454268878,0.9444444444444444,0.48148148148148145,0.5925925925925926,0.504655770643994,0.1536144578313253,0.8779001702852278,0.3898625530496628,0.3294931611545942,750.0,54.0,0.072,52,123,0.9135628271239542,78,25,19,18,42,data\synthetic\seed_42\human_annotations_majority_annotation.csv,data\synthetic\seed_42\annotation\sample_manifest.json,False
A3_feedback_propagasi,entity,0.6505748391522392,0.9259259259259259,0.5185185185185185,0.6666666666666666,0.570444271860127,0.21645021645021645,0.9045718686550444,0.3023058420369007,0.257136799672744,583.0,54.0,0.09262435677530018,53,133,0.9254306571877807,78,25,19,18,42,data\synthetic\seed_42\human_annotations_majority_annotation.csv,data\synthetic\seed_42\annotation\sample_manifest.json,False
A3_feedback_propagasi,all,0.5146442808832095,0.9259259259259259,0.46296296296296297,0.5925925925925926,0.5398125050293715,0.1724137931034483,0.8843390804597702,0.34721508703970305,0.2824559778706118,750.0,54.0,0.072,53,133,0.9254306571877807,78,25,19,18,42,data\synthetic\seed_42\human_annotations_majority_annotation.csv,data\synthetic\seed_42\annotation\sample_manifest.json,False
A3_feedback_propagasi,entity,0.6164059828449239,0.9629629629629629,0.5370370370370371,0.6296296296296297,0.5411075671945237,0.19923371647509577,0.8904991948470211,0.34563638236761696,0.289706298633068,583.0,54.0,0.09262435677530018,54,96,0.917834084898477,78,25,19,18,42,data\synthetic\seed_42\human_annotations_majority_annotation.csv,data\synthetic\seed_42\annotation\sample_manifest.json,False
A3_feedback_propagasi,all,0.5322442969282841,0.9629629629629629,0.46296296296296297,0.6111111111111112,0.5145448254597407,0.16,0.8790974882928906,0.4035129280494515,0.31925544966481545,750.0,54.0,0.072,54,96,0.917834084898477,78,25,19,18,42,data\synthetic\seed_42\human_annotations_majority_annotation.csv,data\synthetic\seed_42\annotation\sample_manifest.json,False
A3_feedback_propagasi,entity,0.612890008201659,0.9259259259259259,0.48148148148148145,0.6481481481481481,0.5717479480054932,0.21739130434782608,0.8930196737380103,0.30314211939870206,0.25720844442364565,583.0,54.0,0.09262435677530018,55,99,0.9186090704589028,78,25,19,18,42,data\synthetic\seed_42\human_annotations_majority_annotation.csv,data\synthetic\seed_42\annotation\sample_manifest.json,False
A3_feedback_propagasi,all,0.5218219288421339,0.9259259259259259,0.42592592592592593,0.5555555555555556,0.5445641154634775,0.17543859649122806,0.8759844614729673,0.3438613572430962,0.2745988187824485,750.0,54.0,0.072,55,99,0.9186090704589028,78,25,19,18,42,data\synthetic\seed_42\human_annotations_majority_annotation.csv,data\synthetic\seed_42\annotation\sample_manifest.json,False
A3_feedback_propagasi,entity,0.6402379236161028,0.9074074074074074,0.5740740740740741,0.6666666666666666,0.5467051578137028,0.1991869918699187,0.8895890219141638,0.3234085161911411,0.28372577389783804,583.0,54.0,0.09262435677530018,56,96,0.915102049940558,78,25,19,18,42,data\synthetic\seed_42\human_annotations_majority_annotation.csv,data\synthetic\seed_42\annotation\sample_manifest.json,False
A3_feedback_propagasi,all,0.518636524368264,0.9074074074074074,0.46296296296296297,0.6111111111111112,0.5267252344189073,0.16333333333333333,0.8714213495104299,0.3608002140225197,0.29710579337549103,750.0,54.0,0.072,56,96,0.915102049940558,78,25,19,18,42,data\synthetic\seed_42\human_annotations_majority_annotation.csv,data\synthetic\seed_42\annotation\sample_manifest.json,False
A3_feedback_propagasi,entity,0.6359880564827622,0.8888888888888888,0.5185185185185185,0.6481481481481481,0.5624381207882214,0.20869565217391303,0.8954001260239446,0.2965886495551838,0.2546903780850489,583.0,54.0,0.09262435677530018,57,131,0.9236132496075592,78,25,19,18,42,data\synthetic\seed_42\human_annotations_majority_annotation.csv,data\synthetic\seed_42\annotation\sample_manifest.json,False
A3_feedback_propagasi,all,0.5514347697218045,0.8888888888888888,0.48148148148148145,0.5740740740740741,0.5350678990635572,0.1672473867595819,0.8812792677735206,0.34427086910143445,0.27563871829299375,750.0,54.0,0.072,57,131,0.9236132496075592,78,25,19,18,42,data\synthetic\seed_42\human_annotations_majority_annotation.csv,data\synthetic\seed_42\annotation\sample_manifest.json,False
A3_feedback_propagasi,entity,0.6386782408952038,0.9629629629629629,0.5185185185185185,0.6851851851851852,0.5797319632793676,0.22510822510822512,0.9101729328572429,0.30926204780666217,0.25352242518207097,583.0,54.0,0.09262435677530018,58,111,0.9252298176360902,78,25,19,18,42,data\synthetic\seed_42\human_annotations_majority_annotation.csv,data\synthetic\seed_42\annotation\sample_manifest.json,False
A3_feedback_propagasi,all,0.5206556903703127,0.9629629629629629,0.42592592592592593,0.5555555555555556,0.5521864733636703,0.1824561403508772,0.894343337590464,0.34741567796386796,0.27298978438651317,750.0,54.0,0.072,58,111,0.9252298176360902,78,25,19,18,42,data\synthetic\seed_42\human_annotations_majority_annotation.csv,data\synthetic\seed_42\annotation\sample_manifest.json,False
A3_feedback_propagasi,entity,0.6591163074649847,0.9444444444444444,0.5370370370370371,0.7037037037037037,0.5544063142127398,0.20647773279352227,0.9060071413568578,0.3270537111293411,0.27535685641670987,583.0,54.0,0.09262435677530018,59,97,0.9132305934497457,78,25,19,18,42,data\synthetic\seed_42\human_annotations_majority_annotation.csv,data\synthetic\seed_42\annotation\sample_manifest.json,False
A3_feedback_propagasi,all,0.601560717236208,0.9444444444444444,0.48148148148148145,0.5925925925925926,0.5275780134685867,0.16612377850162866,0.8996647509578544,0.36804878018636866,0.2933172410729735,750.0,54.0,0.072,59,97,0.9132305934497457,78,25,19,18,42,data\synthetic\seed_42\human_annotations_majority_annotation.csv,data\synthetic\seed_42\annotation\sample_manifest.json,False
A3_feedback_propagasi,entity,0.6199712385968286,0.9074074074074074,0.5,0.6296296296296297,0.5580991654393717,0.20675105485232068,0.89385983336834,0.3064373868876613,0.2567794395434085,583.0,54.0,0.09262435677530018,60,99,0.9215885553243965,78,25,19,18,42,data\synthetic\seed_42\human_annotations_majority_annotation.csv,data\synthetic\seed_42\annotation\sample_manifest.json,False
A3_feedback_propagasi,all,0.518385245561578,0.9074074074074074,0.4444444444444444,0.5740740740740741,0.5166254299680164,0.15755627009646303,0.8742283950617283,0.3714355453905653,0.29310568388950686,750.0,54.0,0.072,60,99,0.9215885553243965,78,25,19,18,42,data\synthetic\seed_42\human_annotations_majority_annotation.csv,data\synthetic\seed_42\annotation\sample_manifest.json,False
A3_feedback_propagasi,entity,0.6777974207710571,0.9444444444444444,0.5555555555555556,0.7222222222222222,0.5442784153345946,0.2,0.9083700903171603,0.33452518685194566,0.2782533823041956,583.0,54.0,0.09262435677530018,61,99,0.9179196806198018,78,25,19,18,42,data\synthetic\seed_42\human_annotations_majority_annotation.csv,data\synthetic\seed_42\annotation\sample_manifest.json,False
A3_feedback_propagasi,all,0.598075646676829,0.9444444444444444,0.5185185185185185,0.6666666666666666,0.5201742468353066,0.1619047619047619,0.8983210940825883,0.39090505077123083,0.30535216283266725,750.0,54.0,0.072,61,99,0.9179196806198018,78,25,19,18,42,data\synthetic\seed_42\human_annotations_majority_annotation.csv,data\synthetic\seed_42\annotation\sample_manifest.json,False
A2_feedback_langsung,entity,0.6946205536343931,0.9259259259259259,0.5925925925925926,0.7407407407407407,0.5486647657591366,0.20161290322580644,0.9149688440803753,0.3304562703392519,0.2862970508486301,583.0,54.0,0.09262435677530018,42,154,0.9177315286511281,37,50,37,33,42,data\synthetic\seed_42\human_annotations_majority_annotation.csv,data\synthetic\seed_42\annotation\sample_manifest.json,False
A2_feedback_langsung,all,0.6179340300532645,0.9259259259259259,0.5370370370370371,0.6296296296296297,0.5202462132641361,0.1607717041800643,0.9036159003831418,0.3738486698839268,0.307583910985505,750.0,54.0,0.072,42,154,0.9177315286511281,37,50,37,33,42,data\synthetic\seed_42\human_annotations_majority_annotation.csv,data\synthetic\seed_42\annotation\sample_manifest.json,False
A2_feedback_langsung,entity,0.6553666665697101,0.8703703703703703,0.5370370370370371,0.6666666666666666,0.5654611445978353,0.20982142857142858,0.8955751592802632,0.2896357867035332,0.2502567018499751,583.0,54.0,0.09262435677530018,43,108,0.9194080632980336,37,50,37,33,42,data\synthetic\seed_42\human_annotations_majority_annotation.csv,data\synthetic\seed_42\annotation\sample_manifest.json,False
A2_feedback_langsung,all,0.6014925784704367,0.8703703703703703,0.5185185185185185,0.6481481481481481,0.5463175122749591,0.17343173431734318,0.8833546189868029,0.32105060553793313,0.2577127596648483,750.0,54.0,0.072,43,108,0.9194080632980336,37,50,37,33,42,data\synthetic\seed_42\human_annotations_majority_annotation.csv,data\synthetic\seed_42\annotation\sample_manifest.json,False
A2_feedback_langsung,entity,0.65469237885041,0.8703703703703703,0.5555555555555556,0.6481481481481481,0.5771738094350023,0.2186046511627907,0.9004410838059231,0.26876826722186276,0.23036025943745747,583.0,54.0,0.09262435677530018,44,105,0.9151415449711239,37,50,37,33,42,data\synthetic\seed_42\human_annotations_majority_annotation.csv,data\synthetic\seed_42\annotation\sample_manifest.json,False
A2_feedback_langsung,all,0.5728633543942158,0.8703703703703703,0.5,0.6111111111111112,0.5520771674819969,0.17735849056603772,0.8804810557684121,0.31089507095877245,0.24870956881597656,750.0,54.0,0.072,44,105,0.9151415449711239,37,50,37,33,42,data\synthetic\seed_42\human_annotations_majority_annotation.csv,data\synthetic\seed_42\annotation\sample_manifest.json,False
A2_feedback_langsung,entity,0.6632266477946342,0.8703703703703703,0.5555555555555556,0.7037037037037037,0.5667504558320101,0.21076233183856502,0.9052544983546874,0.2926607474234073,0.2571032203771276,583.0,54.0,0.09262435677530018,45,96,0.9164317780975255,37,50,37,33,42,data\synthetic\seed_42\human_annotations_majority_annotation.csv,data\synthetic\seed_42\annotation\sample_manifest.json,False
A2_feedback_langsung,all,0.602637809847113,0.8703703703703703,0.5,0.6296296296296297,0.542515554471148,0.1709090909090909,0.89629895700298,0.31575158772144485,0.2658323649059708,750.0,54.0,0.072,45,96,0.9164317780975255,37,50,37,33,42,data\synthetic\seed_42\human_annotations_majority_annotation.csv,data\synthetic\seed_42\annotation\sample_manifest.json,False
A2_feedback_langsung,entity,0.6442919101405449,0.9074074074074074,0.5370370370370371,0.7037037037037037,0.5231445670317144,0.18490566037735848,0.8920044808513616,0.3602812282161414,0.3123525479067185,583.0,54.0,0.09262435677530018,46,110,0.9131034444919014,37,50,37,33,42,data\synthetic\seed_42\human_annotations_majority_annotation.csv,data\synthetic\seed_42\annotation\sample_manifest.json,False
A2_feedback_langsung,all,0.5455914338085547,0.9074074074074074,0.46296296296296297,0.6111111111111112,0.5102665293983071,0.1540880503144654,0.8855363984674329,0.3858674619313504,0.31605652206370477,750.0,54.0,0.072,46,110,0.9131034444919014,37,50,37,33,42,data\synthetic\seed_42\human_annotations_majority_annotation.csv,data\synthetic\seed_42\annotation\sample_manifest.json,False
A2_feedback_langsung,entity,0.626975232331248,0.9629629629629629,0.5370370370370371,0.6296296296296297,0.5248850340532045,0.1897810218978102,0.8866134565567457,0.36578808739709806,0.3153185712267329,583.0,54.0,0.09262435677530018,47,125,0.9207488693815453,37,50,37,33,42,data\synthetic\seed_42\human_annotations_majority_annotation.csv,data\synthetic\seed_42\annotation\sample_manifest.json,False
A2_feedback_langsung,all,0.5407952236888918,0.9629629629629629,0.48148148148148145,0.5740740740740741,0.5035964752467028,0.1543026706231454,0.8776607066836951,0.422924787020723,0.34418935596636147,750.0,54.0,0.072,47,125,0.9207488693815453,37,50,37,33,42,data\synthetic\seed_42\human_annotations_majority_annotation.csv,data\synthetic\seed_42\annotation\sample_manifest.json,False
A2_feedback_langsung,entity,0.6687241277099658,0.9629629629629629,0.5555555555555556,0.6851851851851852,0.5524927800577595,0.20634920634920634,0.9087376601554296,0.32678828421987,0.2870855007691687,583.0,54.0,0.09262435677530018,48,196,0.9174076071006791,37,50,37,33,42,data\synthetic\seed_42\human_annotations_majority_annotation.csv,data\synthetic\seed_42\annotation\sample_manifest.json,False
A2_feedback_langsung,all,0.6280771231287942,0.9629629629629629,0.5185185185185185,0.6666666666666666,0.5349845975135461,0.1716171617161716,0.907088122605364,0.3335165254147542,0.28408852967851667,750.0,54.0,0.072,48,196,0.9174076071006791,37,50,37,33,42,data\synthetic\seed_42\human_annotations_majority_annotation.csv,data\synthetic\seed_42\annotation\sample_manifest.json,False
A2_feedback_langsung,entity,0.6205406018922601,0.9444444444444444,0.48148148148148145,0.6666666666666666,0.5582377137908638,0.20901639344262296,0.8895540152628999,0.32266185701347505,0.28236440387086925,583.0,54.0,0.09262435677530018,49,105,0.9235136214302343,37,50,37,33,42,data\synthetic\seed_42\human_annotations_majority_annotation.csv,data\synthetic\seed_42\annotation\sample_manifest.json,False
A2_feedback_langsung,all,0.5538813376027292,0.9444444444444444,0.48148148148148145,0.5370370370370371,0.5331816224860078,0.16943521594684385,0.8839665815240527,0.3508565598948332,0.29213220075716795,750.0,54.0,0.072,49,105,0.9235136214302343,37,50,37,33,42,data\synthetic\seed_42\human_annotations_majority_annotation.csv,data\synthetic\seed_42\annotation\sample_manifest.json,False
A2_feedback_langsung,entity,0.5986048513121721,0.8518518518518519,0.48148148148148145,0.6666666666666666,0.5493572439381147,0.19742489270386265,0.8783168802072394,0.3106982264900041,0.276309350530442,583.0,54.0,0.09262435677530018,50,129,0.9118562032921544,37,50,37,33,42,data\synthetic\seed_42\human_annotations_majority_annotation.csv,data\synthetic\seed_42\annotation\sample_manifest.json,False
A2_feedback_langsung,all,0.5409758269268373,0.8518518518518519,0.4444444444444444,0.5925925925925926,0.5219837486971715,0.15699658703071673,0.8579448701575139,0.36412285282182344,0.2978277883796109,750.0,54.0,0.072,50,129,0.9118562032921544,37,50,37,33,42,data\synthetic\seed_42\human_annotations_majority_annotation.csv,data\synthetic\seed_42\annotation\sample_manifest.json,False
A2_feedback_langsung,entity,0.6436326909049492,0.8888888888888888,0.5370370370370371,0.6481481481481481,0.5447143784987474,0.19672131147540983,0.8883637891199327,0.3156095932576393,0.2768855858541347,583.0,54.0,0.09262435677530018,51,90,0.9106520922853104,37,50,37,33,42,data\synthetic\seed_42\human_annotations_majority_annotation.csv,data\synthetic\seed_42\annotation\sample_manifest.json,False
A2_feedback_langsung,all,0.5786610080420721,0.8888888888888888,0.5,0.5925925925925926,0.523945950885547,0.1605351170568562,0.8742550021285653,0.3449885983468286,0.28712606540891067,750.0,54.0,0.072,51,90,0.9106520922853104,37,50,37,33,42,data\synthetic\seed_42\human_annotations_majority_annotation.csv,data\synthetic\seed_42\annotation\sample_manifest.json,False
A2_feedback_langsung,entity,0.6664085803174081,0.9444444444444444,0.5555555555555556,0.7407407407407407,0.5856903266153103,0.22869955156950672,0.9113281523489464,0.2810146395852787,0.2364957769897271,583.0,54.0,0.09262435677530018,52,95,0.9091650169909901,37,50,37,33,42,data\synthetic\seed_42\human_annotations_majority_annotation.csv,data\synthetic\seed_42\annotation\sample_manifest.json,False
A2_feedback_langsung,all,0.5825568474391972,0.9444444444444444,0.5,0.6296296296296297,0.5551555537217363,0.18345323741007194,0.8950351213282248,0.326510624310445,0.25915833838151553,750.0,54.0,0.072,52,95,0.9091650169909901,37,50,37,33,42,data\synthetic\seed_42\human_annotations_majority_annotation.csv,data\synthetic\seed_42\annotation\sample_manifest.json,False
A2_feedback_langsung,entity,0.6173861414507966,0.8703703703703703,0.5370370370370371,0.6111111111111112,0.5439374185136897,0.1950207468879668,0.8784569068122943,0.3076620566103964,0.2734465795561044,583.0,54.0,0.09262435677530018,53,129,0.9171251743137783,37,50,37,33,42,data\synthetic\seed_42\human_annotations_majority_annotation.csv,data\synthetic\seed_42\annotation\sample_manifest.json,False
A2_feedback_langsung,all,0.47081198590704504,0.8703703703703703,0.46296296296296297,0.5555555555555556,0.5211533892936332,0.15771812080536912,0.8492709663686675,0.3642543492329313,0.30161253837705493,750.0,54.0,0.072,53,129,0.9171251743137783,37,50,37,33,42,data\synthetic\seed_42\human_annotations_majority_annotation.csv,data\synthetic\seed_42\annotation\sample_manifest.json,False
A2_feedback_langsung,entity,0.6375309612703424,0.9074074074074074,0.5370370370370371,0.6851851851851852,0.5555516460832952,0.20502092050209206,0.8980256248687251,0.3091585449694658,0.2684169294317982,583.0,54.0,0.09262435677530018,54,131,0.9164529432847683,37,50,37,33,42,data\synthetic\seed_42\human_annotations_majority_annotation.csv,data\synthetic\seed_42\annotation\sample_manifest.json,False
A2_feedback_langsung,all,0.5465638217461593,0.9074074074074074,0.46296296296296297,0.6111111111111112,0.5313655249328477,0.16610169491525423,0.8779799914857386,0.36604920382393924,0.29615429373106716,750.0,54.0,0.072,54,131,0.9164529432847683,37,50,37,33,42,data\synthetic\seed_42\human_annotations_majority_annotation.csv,data\synthetic\seed_42\annotation\sample_manifest.json,False
A2_feedback_langsung,entity,0.6207234702561261,0.9444444444444444,0.5185185185185185,0.5925925925925926,0.5144976909682792,0.1827956989247312,0.8859483301827347,0.38104826240217515,0.33228198396906194,583.0,54.0,0.09262435677530018,55,101,0.9198154454041341,37,50,37,33,42,data\synthetic\seed_42\human_annotations_majority_annotation.csv,data\synthetic\seed_42\annotation\sample_manifest.json,False
A2_feedback_langsung,all,0.5539718162532707,0.9444444444444444,0.5,0.5925925925925926,0.5001372172344847,0.1513353115727003,0.8827958705832268,0.40568505321080695,0.33434917792632657,750.0,54.0,0.072,55,101,0.9198154454041341,37,50,37,33,42,data\synthetic\seed_42\human_annotations_majority_annotation.csv,data\synthetic\seed_42\annotation\sample_manifest.json,False
A2_feedback_langsung,entity,0.6409705799055666,0.8888888888888888,0.5370370370370371,0.6666666666666666,0.5310690940399452,0.18823529411764706,0.8958202058391095,0.34397755201667823,0.303535076251018,583.0,54.0,0.09262435677530018,56,112,0.9138880122302173,37,50,37,33,42,data\synthetic\seed_42\human_annotations_majority_annotation.csv,data\synthetic\seed_42\annotation\sample_manifest.json,False
A2_feedback_langsung,all,0.6043120155132583,0.8888888888888888,0.5185185185185185,0.6481481481481481,0.5202805531661483,0.15841584158415842,0.8914963814389102,0.37160599293866414,0.30071676817782655,750.0,54.0,0.072,56,112,0.9138880122302173,37,50,37,33,42,data\synthetic\seed_42\human_annotations_majority_annotation.csv,data\synthetic\seed_42\annotation\sample_manifest.json,False
A2_feedback_langsung,entity,0.668641854357511,0.9074074074074074,0.5555555555555556,0.7407407407407407,0.5658004261505069,0.21212121212121213,0.9101729328572429,0.29905167373986036,0.2571222018742772,583.0,54.0,0.09262435677530018,57,145,0.9171957591261269,37,50,37,33,42,data\synthetic\seed_42\human_annotations_majority_annotation.csv,data\synthetic\seed_42\annotation\sample_manifest.json,False
A2_feedback_langsung,all,0.6095108148898414,0.9074074074074074,0.5,0.6296296296296297,0.5435996563573883,0.17375886524822695,0.8975893997445722,0.33668107338656433,0.26814744704847726,750.0,54.0,0.072,57,145,0.9171957591261269,37,50,37,33,42,data\synthetic\seed_42\human_annotations_majority_annotation.csv,data\synthetic\seed_42\annotation\sample_manifest.json,False
A2_feedback_langsung,entity,0.6122347795560719,0.9444444444444444,0.5,0.6666666666666666,0.5442784153345946,0.2,0.8881012392354548,0.3397284770334411,0.2919976557437817,583.0,54.0,0.09262435677530018,58,110,0.9169345472470299,37,50,37,33,42,data\synthetic\seed_42\human_annotations_majority_annotation.csv,data\synthetic\seed_42\annotation\sample_manifest.json,False
A2_feedback_langsung,all,0.5286657940246301,0.9444444444444444,0.46296296296296297,0.5555555555555556,0.5285087719298245,0.16666666666666666,0.8832881013197106,0.36871497979843226,0.2985670631076086,750.0,54.0,0.072,58,110,0.9169345472470299,37,50,37,33,42,data\synthetic\seed_42\human_annotations_majority_annotation.csv,data\synthetic\seed_42\annotation\sample_manifest.json,False
A2_feedback_langsung,entity,0.6589290654132494,0.8888888888888888,0.5370370370370371,0.7037037037037037,0.5447143784987474,0.19672131147540983,0.9045718686550444,0.31895997976481255,0.2818389195766923,583.0,54.0,0.09262435677530018,59,129,0.9147932919367596,37,50,37,33,42,data\synthetic\seed_42\human_annotations_majority_annotation.csv,data\synthetic\seed_42\annotation\sample_manifest.json,False
A2_feedback_langsung,all,0.5795867006333709,0.8888888888888888,0.5,0.6111111111111112,0.5184549544820919,0.15737704918032788,0.8865075564069818,0.3711589133089499,0.3077320965791232,750.0,54.0,0.072,59,129,0.9147932919367596,37,50,37,33,42,data\synthetic\seed_42\human_annotations_majority_annotation.csv,data\synthetic\seed_42\annotation\sample_manifest.json,False
A2_feedback_langsung,entity,0.6635314637914546,0.9074074074074074,0.5370370370370371,0.7407407407407407,0.5568242374847183,0.20588235294117646,0.9107330392774626,0.30876392641229555,0.2749561510402399,583.0,54.0,0.09262435677530018,60,188,0.9155373395790025,37,50,37,33,42,data\synthetic\seed_42\human_annotations_majority_annotation.csv,data\synthetic\seed_42\annotation\sample_manifest.json,False
A2_feedback_langsung,all,0.5762527139498854,0.9074074074074074,0.48148148148148145,0.6481481481481481,0.5138942233830082,0.15605095541401273,0.8945295870583226,0.3604672131001592,0.2990733136515475,750.0,54.0,0.072,60,188,0.9155373395790025,37,50,37,33,42,data\synthetic\seed_42\human_annotations_majority_annotation.csv,data\synthetic\seed_42\annotation\sample_manifest.json,False
A2_feedback_langsung,entity,0.6722535593189632,0.9444444444444444,0.5555555555555556,0.7222222222222222,0.5280533396131994,0.19029850746268656,0.906672267730869,0.35558162908339586,0.31205942572532996,583.0,54.0,0.09262435677530018,61,140,0.9205474593367294,37,50,37,33,42,data\synthetic\seed_42\human_annotations_majority_annotation.csv,data\synthetic\seed_42\annotation\sample_manifest.json,False
A2_feedback_langsung,all,0.5991174762812783,0.9444444444444444,0.5,0.6666666666666666,0.5164985215440646,0.15987460815047022,0.8996115368241806,0.3915293064177768,0.32203459146529806,750.0,54.0,0.072,61,140,0.9205474593367294,37,50,37,33,42,data\synthetic\seed_42\human_annotations_majority_annotation.csv,data\synthetic\seed_42\annotation\sample_manifest.json,False
A3_feedback_propagasi,entity,0.6728138594047754,0.9444444444444444,0.5555555555555556,0.7037037037037037,0.5724671288643652,0.21888412017167383,0.9145137576139466,0.29454721230925096,0.248200879836835,583.0,54.0,0.09262435677530018,42,169,0.9136640459004334,134,50,37,33,42,data\synthetic\seed_42\human_annotations_majority_annotation.csv,data\synthetic\seed_42\annotation\sample_manifest.json,False
A3_feedback_propagasi,all,0.5680875363916418,0.9444444444444444,0.46296296296296297,0.6481481481481481,0.5416796064956272,0.17465753424657535,0.9022722435078757,0.3382420663665314,0.27052551141119735,750.0,54.0,0.072,42,169,0.9136640459004334,134,50,37,33,42,data\synthetic\seed_42\human_annotations_majority_annotation.csv,data\synthetic\seed_42\annotation\sample_manifest.json,False
A3_feedback_propagasi,entity,0.6510504867871293,0.9259259259259259,0.5740740740740741,0.6851851851851852,0.5348909505635063,0.19305019305019305,0.9029965693481762,0.34648551502862235,0.27932089010415057,583.0,54.0,0.09262435677530018,43,55,0.9103916885473041,134,50,37,33,42,data\synthetic\seed_42\human_annotations_majority_annotation.csv,data\synthetic\seed_42\annotation\sample_manifest.json,False
A3_feedback_propagasi,all,0.5933929756626023,0.9259259259259259,0.5,0.6296296296296297,0.5129302449502939,0.15673981191222572,0.8970040442741593,0.3789884615423883,0.29091180743467665,750.0,54.0,0.072,43,55,0.9103916885473041,134,50,37,33,42,data\synthetic\seed_42\human_annotations_majority_annotation.csv,data\synthetic\seed_42\annotation\sample_manifest.json,False
A3_feedback_propagasi,entity,0.5966138164964943,0.9444444444444444,0.5185185185185185,0.6481481481481481,0.5569584119305798,0.20816326530612245,0.8808723657494923,0.32470267544408865,0.27591203164282896,583.0,54.0,0.09262435677530018,44,94,0.9142373870191461,134,50,37,33,42,data\synthetic\seed_42\human_annotations_majority_annotation.csv,data\synthetic\seed_42\annotation\sample_manifest.json,False
A3_feedback_propagasi,all,0.524809634187603,0.9444444444444444,0.4444444444444444,0.5555555555555556,0.5341201526311119,0.17,0.8693060876968923,0.3667454615913284,0.2926024657039407,750.0,54.0,0.072,44,94,0.9142373870191461,134,50,37,33,42,data\synthetic\seed_42\human_annotations_majority_annotation.csv,data\synthetic\seed_42\annotation\sample_manifest.json,False
A3_feedback_propagasi,entity,0.6767231173923728,0.9259259259259259,0.5370370370370371,0.7037037037037037,0.5626784486990672,0.2109704641350211,0.9146537842190017,0.3135381250947397,0.26593471724102197,583.0,54.0,0.09262435677530018,45,103,0.9132744018487469,134,50,37,33,42,data\synthetic\seed_42\human_annotations_majority_annotation.csv,data\synthetic\seed_42\annotation\sample_manifest.json,False
A3_feedback_propagasi,all,0.6210136878095174,0.9259259259259259,0.5185185185185185,0.5925925925925926,0.538866930171278,0.1718213058419244,0.9077799063431248,0.3371795303970607,0.27345847922924865,750.0,54.0,0.072,45,103,0.9132744018487469,134,50,37,33,42,data\synthetic\seed_42\human_annotations_majority_annotation.csv,data\synthetic\seed_42\annotation\sample_manifest.json,False
A3_feedback_propagasi,entity,0.6827521434302773,0.9444444444444444,0.5740740740740741,0.7222222222222222,0.5582377137908638,0.20901639344262296,0.9133585381222433,0.32511721761842466,0.26068783949544,583.0,54.0,0.09262435677530018,46,81,0.9088159227135905,134,50,37,33,42,data\synthetic\seed_42\human_annotations_majority_annotation.csv,data\synthetic\seed_42\annotation\sample_manifest.json,False
A3_feedback_propagasi,all,0.559590908583185,0.9444444444444444,0.5,0.6666666666666666,0.5341201526311119,0.17,0.901048318433376,0.3641762771075434,0.2778810460687032,750.0,54.0,0.072,46,81,0.9088159227135905,134,50,37,33,42,data\synthetic\seed_42\human_annotations_majority_annotation.csv,data\synthetic\seed_42\annotation\sample_manifest.json,False
A3_feedback_propagasi,entity,0.6893873725067134,1.0,0.5740740740740741,0.7037037037037037,0.552359835049384,0.2084942084942085,0.9147938108240565,0.3504388279690736,0.292344402416276,583.0,54.0,0.09262435677530018,47,133,0.9192943130854692,134,50,37,33,42,data\synthetic\seed_42\human_annotations_majority_annotation.csv,data\synthetic\seed_42\annotation\sample_manifest.json,False
A3_feedback_propagasi,all,0.5720393173374657,1.0,0.48148148148148145,0.6481481481481481,0.5077610816864174,0.1588235294117647,0.9037888463175819,0.4117829115769693,0.32698983118285807,750.0,54.0,0.072,47,133,0.9192943130854692,134,50,37,33,42,data\synthetic\seed_42\human_annotations_majority_annotation.csv,data\synthetic\seed_42\annotation\sample_manifest.json,False
A3_feedback_propagasi,entity,0.6537140291705293,0.9074074074074074,0.5370370370370371,0.6851851851851852,0.5329948665876911,0.19066147859922178,0.8950850661625709,0.3415872656527478,0.2973169022768319,583.0,54.0,0.09262435677530018,48,106,0.9173524100561585,134,50,37,33,42,data\synthetic\seed_42\human_annotations_majority_annotation.csv,data\synthetic\seed_42\annotation\sample_manifest.json,False
A3_feedback_propagasi,all,0.5905986573117745,0.9074074074074074,0.5185185185185185,0.6296296296296297,0.5120784501315475,0.1550632911392405,0.8870263942103023,0.37086299906892173,0.3060622844256086,750.0,54.0,0.072,48,106,0.9173524100561585,134,50,37,33,42,data\synthetic\seed_42\human_annotations_majority_annotation.csv,data\synthetic\seed_42\annotation\sample_manifest.json,False
A3_feedback_propagasi,entity,0.6349869597108857,0.8518518518518519,0.5185185185185185,0.6666666666666666,0.5581909061593034,0.20353982300884957,0.8917244276412518,0.2974095611358065,0.25887975020630694,583.0,54.0,0.09262435677530018,49,111,0.9212482144367781,134,50,37,33,42,data\synthetic\seed_42\human_annotations_majority_annotation.csv,data\synthetic\seed_42\annotation\sample_manifest.json,False
A3_feedback_propagasi,all,0.5653483929291305,0.8518518518518519,0.46296296296296297,0.5740740740740741,0.532093765341188,0.16312056737588654,0.8798424861643253,0.3325966983019899,0.2729855577215854,750.0,54.0,0.072,49,111,0.9212482144367781,134,50,37,33,42,data\synthetic\seed_42\human_annotations_majority_annotation.csv,data\synthetic\seed_42\annotation\sample_manifest.json,False
A3_feedback_propagasi,entity,0.6439644688180347,0.9074074074074074,0.5925925925925926,0.7037037037037037,0.52437106918239,0.1856060606060606,0.8920744941538892,0.3597969754870256,0.3104938774974673,583.0,54.0,0.09262435677530018,50,108,0.9200422403487277,134,50,37,33,42,data\synthetic\seed_42\human_annotations_majority_annotation.csv,data\synthetic\seed_42\annotation\sample_manifest.json,False
A3_feedback_propagasi,all,0.5831625501368392,0.9074074074074074,0.5370370370370371,0.6666666666666666,0.48434192044910473,0.14121037463976946,0.8782194550872712,0.41933597895140223,0.3401394496343103,750.0,54.0,0.072,50,108,0.9200422403487277,134,50,37,33,42,data\synthetic\seed_42\human_annotations_majority_annotation.csv,data\synthetic\seed_42\annotation\sample_manifest.json,False
A3_feedback_propagasi,entity,0.6740034044958687,0.9259259259259259,0.5555555555555556,0.7037037037037037,0.5499279857123653,0.20242914979757085,0.9143037177063642,0.3371648578015043,0.2788890997194369,583.0,54.0,0.09262435677530018,51,74,0.9067647312878739,134,50,37,33,42,data\synthetic\seed_42\human_annotations_majority_annotation.csv,data\synthetic\seed_42\annotation\sample_manifest.json,False
A3_feedback_propagasi,all,0.5844490590813892,0.9259259259259259,0.5370370370370371,0.6296296296296297,0.5285613263141353,0.16556291390728478,0.9073541932737336,0.36970595196239203,0.2915339447182041,750.0,54.0,0.072,51,74,0.9067647312878739,134,50,37,33,42,data\synthetic\seed_42\human_annotations_majority_annotation.csv,data\synthetic\seed_42\annotation\sample_manifest.json,False
A3_feedback_propagasi,entity,0.6186909065906805,0.9074074074074074,0.5185185185185185,0.6666666666666666,0.5292903920337311,0.18846153846153846,0.8788769866274593,0.35521393279381464,0.31234513399246017,583.0,54.0,0.09262435677530018,52,96,0.9079403937698209,134,50,37,33,42,data\synthetic\seed_42\human_annotations_majority_annotation.csv,data\synthetic\seed_42\annotation\sample_manifest.json,False
A3_feedback_propagasi,all,0.5400215997787284,0.9074074074074074,0.46296296296296297,0.5925925925925926,0.5048524460289167,0.15123456790123457,0.8663527032779906,0.38221933747220316,0.3216816099286848,750.0,54.0,0.072,52,96,0.9079403937698209,134,50,37,33,42,data\synthetic\seed_42\human_annotations_majority_annotation.csv,data\synthetic\seed_42\annotation\sample_manifest.json,False
A3_feedback_propagasi,entity,0.6822962015243644,0.9444444444444444,0.5555555555555556,0.7037037037037037,0.5430208019294543,0.19921875,0.9135685780298257,0.3505705473556842,0.30737315661667414,583.0,54.0,0.09262435677530018,53,175,0.9191564554098276,134,50,37,33,42,data\synthetic\seed_42\human_annotations_majority_annotation.csv,data\synthetic\seed_42\annotation\sample_manifest.json,False
A3_feedback_propagasi,all,0.5318641843077003,0.9444444444444444,0.46296296296296297,0.6481481481481481,0.515582108832553,0.159375,0.8960461898680289,0.3976074038007981,0.32923351331300843,750.0,54.0,0.072,53,175,0.9191564554098276,134,50,37,33,42,data\synthetic\seed_42\human_annotations_majority_annotation.csv,data\synthetic\seed_42\annotation\sample_manifest.json,False
A3_feedback_propagasi,entity,0.6509370786407289,0.9259259259259259,0.5740740740740741,0.6851851851851852,0.5613930597786904,0.21008403361344538,0.9035216691171322,0.31323184593614606,0.2661686165363131,583.0,54.0,0.09262435677530018,54,125,0.9144621092028815,134,50,37,33,42,data\synthetic\seed_42\human_annotations_majority_annotation.csv,data\synthetic\seed_42\annotation\sample_manifest.json,False
A3_feedback_propagasi,all,0.5604408325673764,0.9259259259259259,0.46296296296296297,0.6296296296296297,0.532289356984479,0.16778523489932887,0.8874255002128565,0.36020991855261536,0.2883307524704147,750.0,54.0,0.072,54,125,0.9144621092028815,134,50,37,33,42,data\synthetic\seed_42\human_annotations_majority_annotation.csv,data\synthetic\seed_42\annotation\sample_manifest.json,False
A3_feedback_propagasi,entity,0.6552349196204875,0.9074074074074074,0.5555555555555556,0.6851851851851852,0.5542813455657493,0.20416666666666666,0.9023664496254288,0.3301550026107964,0.2743180413083487,583.0,54.0,0.09262435677530018,55,83,0.9184806311316506,134,50,37,33,42,data\synthetic\seed_42\human_annotations_majority_annotation.csv,data\synthetic\seed_42\annotation\sample_manifest.json,False
A3_feedback_propagasi,all,0.585850547957252,0.9074074074074074,0.5,0.6296296296296297,0.5341661574217851,0.1678082191780822,0.8957269050659855,0.355218883566089,0.2804855374592806,750.0,54.0,0.072,55,83,0.9184806311316506,134,50,37,33,42,data\synthetic\seed_42\human_annotations_majority_annotation.csv,data\synthetic\seed_42\annotation\sample_manifest.json,False
A3_feedback_propagasi,entity,0.644745554473161,0.9259259259259259,0.5555555555555556,0.6851851851851852,0.538626771178776,0.1953125,0.892914653784219,0.3426649303155044,0.29604494646261054,583.0,54.0,0.09262435677530018,56,91,0.9090696029919137,134,50,37,33,42,data\synthetic\seed_42\human_annotations_majority_annotation.csv,data\synthetic\seed_42\annotation\sample_manifest.json,False
A3_feedback_propagasi,all,0.5727034279149313,0.9259259259259259,0.5,0.6111111111111112,0.5220858137624749,0.16181229773462782,0.8837271179225203,0.37581580669013026,0.30453774633705694,750.0,54.0,0.072,56,91,0.9090696029919137,134,50,37,33,42,data\synthetic\seed_42\human_annotations_majority_annotation.csv,data\synthetic\seed_42\annotation\sample_manifest.json,False
A3_feedback_propagasi,entity,0.6477150534018762,0.9444444444444444,0.5555555555555556,0.6296296296296297,0.5569584119305798,0.20816326530612245,0.8935097668557025,0.3217977850715449,0.2779514074556229,583.0,54.0,0.09262435677530018,57,130,0.9148385806606535,134,50,37,33,42,data\synthetic\seed_42\human_annotations_majority_annotation.csv,data\synthetic\seed_42\annotation\sample_manifest.json,False
A3_feedback_propagasi,all,0.5712722551030176,0.9444444444444444,0.5,0.6111111111111112,0.5341201526311119,0.17,0.8862813963388676,0.36404254236469225,0.292938403805699,750.0,54.0,0.072,57,130,0.9148385806606535,134,50,37,33,42,data\synthetic\seed_42\human_annotations_majority_annotation.csv,data\synthetic\seed_42\annotation\sample_manifest.json,False
A3_feedback_propagasi,entity,0.6622170811917866,0.9629629629629629,0.5370370370370371,0.7037037037037037,0.5461499407683195,0.20233463035019456,0.9089827067142757,0.34271744570908613,0.2896422591365256,583.0,54.0,0.09262435677530018,58,105,0.916013060115415,134,50,37,33,42,data\synthetic\seed_42\human_annotations_majority_annotation.csv,data\synthetic\seed_42\annotation\sample_manifest.json,False
A3_feedback_propagasi,all,0.5740742246503052,0.9629629629629629,0.46296296296296297,0.6111111111111112,0.5256258251946196,0.16613418530351437,0.902139208173691,0.3754394933578224,0.3005460055066489,750.0,54.0,0.072,58,105,0.916013060115415,134,50,37,33,42,data\synthetic\seed_42\human_annotations_majority_annotation.csv,data\synthetic\seed_42\annotation\sample_manifest.json,False
A3_feedback_propagasi,entity,0.643893530050845,0.9074074074074074,0.5185185185185185,0.6851851851851852,0.5379560355386348,0.19367588932806323,0.901141216831198,0.3314367452872954,0.27393477524194737,583.0,54.0,0.09262435677530018,59,70,0.9073673001503908,134,50,37,33,42,data\synthetic\seed_42\human_annotations_majority_annotation.csv,data\synthetic\seed_42\annotation\sample_manifest.json,False
A3_feedback_propagasi,all,0.597373485401425,0.9074074074074074,0.5,0.6111111111111112,0.5175379198266522,0.15806451612903225,0.8919220945083014,0.3759925890478125,0.291738691190828,750.0,54.0,0.072,59,70,0.9073673001503908,134,50,37,33,42,data\synthetic\seed_42\human_annotations_majority_annotation.csv,data\synthetic\seed_42\annotation\sample_manifest.json,False
A3_feedback_propagasi,entity,0.6215163702169747,0.9259259259259259,0.5,0.7037037037037037,0.5448868071818891,0.199203187250996,0.8965203388643841,0.3384609621680102,0.29081088164268537,583.0,54.0,0.09262435677530018,60,114,0.9164730994080013,134,50,37,33,42,data\synthetic\seed_42\human_annotations_majority_annotation.csv,data\synthetic\seed_42\annotation\sample_manifest.json,False
A3_feedback_propagasi,all,0.5321108316608882,0.9259259259259259,0.4444444444444444,0.5925925925925926,0.5120202125739687,0.15625,0.8816783737760749,0.3898308742168499,0.31445161816827116,750.0,54.0,0.072,60,114,0.9164730994080013,134,50,37,33,42,data\synthetic\seed_42\human_annotations_majority_annotation.csv,data\synthetic\seed_42\annotation\sample_manifest.json,False
A3_feedback_propagasi,entity,0.6606381171476844,0.9259259259259259,0.5370370370370371,0.7407407407407407,0.5311690245718541,0.19083969465648856,0.9032066092557586,0.35165820791541597,0.30394770798534027,583.0,54.0,0.09262435677530018,61,129,0.9175688416182324,134,50,37,33,42,data\synthetic\seed_42\human_annotations_majority_annotation.csv,data\synthetic\seed_42\annotation\sample_manifest.json,False
A3_feedback_propagasi,all,0.5675279618400367,0.9259259259259259,0.48148148148148145,0.6111111111111112,0.5020674392871702,0.1510574018126888,0.8890751383567476,0.40636927424364233,0.32922599223590576,750.0,54.0,0.072,61,129,0.9175688416182324,134,50,37,33,42,data\synthetic\seed_42\human_annotations_majority_annotation.csv,data\synthetic\seed_42\annotation\sample_manifest.json,False
A2_feedback_langsung,entity,0.6643304332596622,0.9074074074074074,0.5740740740740741,0.6666666666666666,0.5329948665876911,0.19066147859922178,0.8959602324441645,0.352201642673325,0.3028294971389744,583.0,54.0,0.09262435677530018,42,137,0.9133846930088885,69,100,69,61,42,data\synthetic\seed_42\human_annotations_majority_annotation.csv,data\synthetic\seed_42\annotation\sample_manifest.json,False
A2_feedback_langsung,all,0.5783724331986132,0.9074074074074074,0.48148148148148145,0.6111111111111112,0.5093619683565231,0.1536050156739812,0.8811462324393359,0.40195837237210796,0.3263209937852145,750.0,54.0,0.072,42,137,0.9133846930088885,69,100,69,61,42,data\synthetic\seed_42\human_annotations_majority_annotation.csv,data\synthetic\seed_42\annotation\sample_manifest.json,False
A2_feedback_langsung,entity,0.6443118642052319,0.9074074074074074,0.5370370370370371,0.6851851851851852,0.5416946513615826,0.196,0.8891689420989988,0.3382254058879236,0.29231378825281545,583.0,54.0,0.09262435677530018,43,93,0.9174190428838839,69,100,69,61,42,data\synthetic\seed_42\human_annotations_majority_annotation.csv,data\synthetic\seed_42\annotation\sample_manifest.json,False
A2_feedback_langsung,all,0.5991720979635142,0.9074074074074074,0.5,0.6111111111111112,0.5221168939917338,0.16065573770491803,0.877234993614304,0.3739078173248005,0.30143914694445706,750.0,54.0,0.072,43,93,0.9174190428838839,69,100,69,61,42,data\synthetic\seed_42\human_annotations_majority_annotation.csv,data\synthetic\seed_42\annotation\sample_manifest.json,False
A2_feedback_langsung,entity,0.6361649028616468,0.9074074074074074,0.5370370370370371,0.6481481481481481,0.5317585420044437,0.18992248062015504,0.884828117342295,0.35559322999097515,0.3062451259434595,583.0,54.0,0.09262435677530018,44,104,0.9179769531730025,69,100,69,61,42,data\synthetic\seed_42\human_annotations_majority_annotation.csv,data\synthetic\seed_42\annotation\sample_manifest.json,False
A2_feedback_langsung,all,0.5988705278759502,0.9074074074074074,0.5,0.5925925925925926,0.5193661458990766,0.1590909090909091,0.874467858663261,0.38786148147558563,0.3126741077774008,750.0,54.0,0.072,44,104,0.9179769531730025,69,100,69,61,42,data\synthetic\seed_42\human_annotations_majority_annotation.csv,data\synthetic\seed_42\annotation\sample_manifest.json,False
A2_feedback_langsung,entity,0.6424323020347388,0.8703703703703703,0.5370370370370371,0.6296296296296297,0.5364930002112419,0.1902834008097166,0.8833928446404816,0.33070514200934675,0.280872836206303,583.0,54.0,0.09262435677530018,45,90,0.9179447430974119,69,100,69,61,42,data\synthetic\seed_42\human_annotations_majority_annotation.csv,data\synthetic\seed_42\annotation\sample_manifest.json,False
A2_feedback_langsung,all,0.5868724693345961,0.8703703703703703,0.5185185185185185,0.6296296296296297,0.5211533892936332,0.15771812080536912,0.8718603661132397,0.3555874589232019,0.28582004042086356,750.0,54.0,0.072,45,90,0.9179447430974119,69,100,69,61,42,data\synthetic\seed_42\human_annotations_majority_annotation.csv,data\synthetic\seed_42\annotation\sample_manifest.json,False
A2_feedback_langsung,entity,0.6796738848411584,1.0,0.5555555555555556,0.7037037037037037,0.5396619033453427,0.20074349442379183,0.918504515858013,0.3676322995377391,0.31508431363999395,583.0,54.0,0.09262435677530018,46,176,0.9178555169219372,69,100,69,61,42,data\synthetic\seed_42\human_annotations_majority_annotation.csv,data\synthetic\seed_42\annotation\sample_manifest.json,False
A2_feedback_langsung,all,0.6241265204232753,1.0,0.5185185185185185,0.6296296296296297,0.5262677976083053,0.16875,0.9156023839931886,0.3758284840713459,0.31034117238072106,750.0,54.0,0.072,46,176,0.9178555169219372,69,100,69,61,42,data\synthetic\seed_42\human_annotations_majority_annotation.csv,data\synthetic\seed_42\annotation\sample_manifest.json,False
A2_feedback_langsung,entity,0.6175216165440753,0.9074074074074074,0.5,0.5925925925925926,0.5329948665876911,0.19066147859922178,0.882937758174053,0.3435339926261174,0.29973582700442236,583.0,54.0,0.09262435677530018,47,140,0.9168293590249585,69,100,69,61,42,data\synthetic\seed_42\human_annotations_majority_annotation.csv,data\synthetic\seed_42\annotation\sample_manifest.json,False
A2_feedback_langsung,all,0.5389100242020755,0.9074074074074074,0.46296296296296297,0.5555555555555556,0.5093619683565231,0.1536050156739812,0.8714080459770115,0.3937840271686509,0.32279060252232494,750.0,54.0,0.072,47,140,0.9168293590249585,69,100,69,61,42,data\synthetic\seed_42\human_annotations_majority_annotation.csv,data\synthetic\seed_42\annotation\sample_manifest.json,False
A2_feedback_langsung,entity,0.6075307673095758,0.8518518518518519,0.5185185185185185,0.6296296296296297,0.534468991216396,0.18775510204081633,0.8684800112021284,0.3238703766755534,0.27957202543923276,583.0,54.0,0.09262435677530018,48,92,0.9138003707715637,69,100,69,61,42,data\synthetic\seed_42\human_annotations_majority_annotation.csv,data\synthetic\seed_42\annotation\sample_manifest.json,False
A2_feedback_langsung,all,0.5576941282811837,0.8518518518518519,0.48148148148148145,0.5925925925925926,0.510233918128655,0.1503267973856209,0.8494838229033631,0.37527342792582447,0.30439128166338825,750.0,54.0,0.072,48,92,0.9138003707715637,69,100,69,61,42,data\synthetic\seed_42\human_annotations_majority_annotation.csv,data\synthetic\seed_42\annotation\sample_manifest.json,False
A2_feedback_langsung,entity,0.6273988871368013,0.9629629629629629,0.5185185185185185,0.6481481481481481,0.5286087990487515,0.1918819188191882,0.89413988657845,0.3666800642251292,0.3096205779441934,583.0,54.0,0.09262435677530018,49,78,0.9181790837601278,69,100,69,61,42,data\synthetic\seed_42\human_annotations_majority_annotation.csv,data\synthetic\seed_42\annotation\sample_manifest.json,False
A2_feedback_langsung,all,0.5740125667343015,0.9629629629629629,0.48148148148148145,0.6296296296296297,0.5127117153251286,0.15902140672782875,0.8916826309067689,0.3913979796252679,0.31575308303079686,750.0,54.0,0.072,49,78,0.9181790837601278,69,100,69,61,42,data\synthetic\seed_42\human_annotations_majority_annotation.csv,data\synthetic\seed_42\annotation\sample_manifest.json,False
A2_feedback_langsung,entity,0.6302669392989453,0.9074074074074074,0.5185185185185185,0.6666666666666666,0.5517474370922647,0.2024793388429752,0.8938248267170763,0.31412780035753207,0.2649542543030229,583.0,54.0,0.09262435677530018,50,108,0.9181900924424798,69,100,69,61,42,data\synthetic\seed_42\human_annotations_majority_annotation.csv,data\synthetic\seed_42\annotation\sample_manifest.json,False
A2_feedback_langsung,all,0.5508267189114276,0.9074074074074074,0.5,0.6296296296296297,0.4994679659498208,0.1484848484848485,0.8758248190719455,0.38123784602741095,0.30156993590457104,750.0,54.0,0.072,50,108,0.9181900924424798,69,100,69,61,42,data\synthetic\seed_42\human_annotations_majority_annotation.csv,data\synthetic\seed_42\annotation\sample_manifest.json,False
A2_feedback_langsung,entity,0.6554143749648763,0.9074074074074074,0.5740740740740741,0.6481481481481481,0.5542813455657493,0.20416666666666666,0.9054120282853741,0.3294512046500841,0.272812654579518,583.0,54.0,0.09262435677530018,51,74,0.9100813944519416,69,100,69,61,42,data\synthetic\seed_42\human_annotations_majority_annotation.csv,data\synthetic\seed_42\annotation\sample_manifest.json,False
A2_feedback_langsung,all,0.5751060136890244,0.9074074074074074,0.48148148148148145,0.6111111111111112,0.5304347826086957,0.16554054054054054,0.8968976160068114,0.368961705903445,0.2895133583891747,750.0,54.0,0.072,51,74,0.9100813944519416,69,100,69,61,42,data\synthetic\seed_42\human_annotations_majority_annotation.csv,data\synthetic\seed_42\annotation\sample_manifest.json,False
A2_feedback_langsung,entity,0.6536347249134137,0.9074074074074074,0.5740740740740741,0.6481481481481481,0.577536231884058,0.22072072072072071,0.8965903521669116,0.2835450168585313,0.23919711852063558,583.0,54.0,0.09262435677530018,52,96,0.9100376867778144,69,100,69,61,42,data\synthetic\seed_42\human_annotations_majority_annotation.csv,data\synthetic\seed_42\annotation\sample_manifest.json,False
A2_feedback_langsung,all,0.5703153418773388,0.9074074074074074,0.5,0.5925925925925926,0.5435996563573883,0.17375886524822695,0.8777937420178799,0.3357915353175025,0.26678275947766544,750.0,54.0,0.072,52,96,0.9100376867778144,69,100,69,61,42,data\synthetic\seed_42\human_annotations_majority_annotation.csv,data\synthetic\seed_42\annotation\sample_manifest.json,False
A2_feedback_langsung,entity,0.6370654026509502,0.9259259259259259,0.5555555555555556,0.6666666666666666,0.5078578227993606,0.17793594306049823,0.8869285164181195,0.38674578737274284,0.334640098019798,583.0,54.0,0.09262435677530018,53,139,0.9150078913576853,69,100,69,61,42,data\synthetic\seed_42\human_annotations_majority_annotation.csv,data\synthetic\seed_42\annotation\sample_manifest.json,False
A2_feedback_langsung,all,0.5017802614004764,0.9259259259259259,0.46296296296296297,0.5740740740740741,0.4904194292697608,0.14534883720930233,0.8696253724989358,0.4222485240264116,0.3480318735750499,750.0,54.0,0.072,53,139,0.9150078913576853,69,100,69,61,42,data\synthetic\seed_42\human_annotations_majority_annotation.csv,data\synthetic\seed_42\annotation\sample_manifest.json,False
A2_feedback_langsung,entity,0.6414744156573837,0.9444444444444444,0.5925925925925926,0.6666666666666666,0.5505937843448528,0.204,0.9011412168311979,0.3406847916306185,0.28299267105604037,583.0,54.0,0.09262435677530018,54,97,0.9163465602491805,69,100,69,61,42,data\synthetic\seed_42\human_annotations_majority_annotation.csv,data\synthetic\seed_42\annotation\sample_manifest.json,False
A2_feedback_langsung,all,0.5680219202720198,0.9444444444444444,0.48148148148148145,0.6111111111111112,0.4795419969573224,0.14166666666666666,0.8880906768837803,0.40508949383341436,0.3185515228847968,750.0,54.0,0.072,54,97,0.9163465602491805,69,100,69,61,42,data\synthetic\seed_42\human_annotations_majority_annotation.csv,data\synthetic\seed_42\annotation\sample_manifest.json,False
A2_feedback_langsung,entity,0.6425329923248885,0.9074074074074074,0.5370370370370371,0.6111111111111112,0.5354722011381616,0.19215686274509805,0.8922845340614716,0.34616332736809213,0.30333833896124174,583.0,54.0,0.09262435677530018,55,121,0.9173832301704381,69,100,69,61,42,data\synthetic\seed_42\human_annotations_majority_annotation.csv,data\synthetic\seed_42\annotation\sample_manifest.json,False
A2_feedback_langsung,all,0.6032172888630921,0.9074074074074074,0.5,0.5740740740740741,0.5184514853500222,0.15857605177993528,0.8917624521072797,0.3631046832341235,0.3024854130087866,750.0,54.0,0.072,55,121,0.9173832301704381,69,100,69,61,42,data\synthetic\seed_42\human_annotations_majority_annotation.csv,data\synthetic\seed_42\annotation\sample_manifest.json,False
A2_feedback_langsung,entity,0.6207029668257631,0.8518518518518519,0.5185185185185185,0.6296296296296297,0.5531282935709495,0.2,0.8855632570188336,0.30298106448367085,0.24984616373925705,583.0,54.0,0.09262435677530018,56,72,0.9109126276180088,69,100,69,61,42,data\synthetic\seed_42\human_annotations_majority_annotation.csv,data\synthetic\seed_42\annotation\sample_manifest.json,False
A2_feedback_langsung,all,0.5756907969974069,0.8518518518518519,0.48148148148148145,0.6111111111111112,0.5302426952102578,0.1619718309859155,0.8696253724989357,0.356675245736813,0.27248448593562824,750.0,54.0,0.072,56,72,0.9109126276180088,69,100,69,61,42,data\synthetic\seed_42\human_annotations_majority_annotation.csv,data\synthetic\seed_42\annotation\sample_manifest.json,False
A2_feedback_langsung,entity,0.6222642341865725,0.8888888888888888,0.5185185185185185,0.6111111111111112,0.5335345621945069,0.18972332015810275,0.8771266540642721,0.33684694485889544,0.29688735586798776,583.0,54.0,0.09262435677530018,57,125,0.9141167477207778,69,100,69,61,42,data\synthetic\seed_42\human_annotations_majority_annotation.csv,data\synthetic\seed_42\annotation\sample_manifest.json,False
A2_feedback_langsung,all,0.525561241906181,0.8888888888888888,0.46296296296296297,0.5555555555555556,0.5148171569375695,0.1553398058252427,0.8591155810983397,0.3727606499397298,0.3095688643038434,750.0,54.0,0.072,57,125,0.9141167477207778,69,100,69,61,42,data\synthetic\seed_42\human_annotations_majority_annotation.csv,data\synthetic\seed_42\annotation\sample_manifest.json,False
A2_feedback_langsung,entity,0.6080250557920713,0.9074074074074074,0.5,0.6111111111111112,0.5467051578137028,0.1991869918699187,0.879717146257789,0.3297815570855176,0.28747717834908454,583.0,54.0,0.09262435677530018,58,149,0.9198241427848524,69,100,69,61,42,data\synthetic\seed_42\human_annotations_majority_annotation.csv,data\synthetic\seed_42\annotation\sample_manifest.json,False
A2_feedback_langsung,all,0.5146324683335679,0.9074074074074074,0.4444444444444444,0.5370370370370371,0.5285773677541971,0.1644295302013423,0.8717140272456364,0.3526576458057844,0.2915137894055645,750.0,54.0,0.072,58,149,0.9198241427848524,69,100,69,61,42,data\synthetic\seed_42\human_annotations_majority_annotation.csv,data\synthetic\seed_42\annotation\sample_manifest.json,False
A2_feedback_langsung,entity,0.6265728295459615,0.8888888888888888,0.5370370370370371,0.6481481481481481,0.5335345621945069,0.18972332015810275,0.8861233634390534,0.3479890940913843,0.3106295142401233,583.0,54.0,0.09262435677530018,59,147,0.9220893628698626,69,100,69,61,42,data\synthetic\seed_42\human_annotations_majority_annotation.csv,data\synthetic\seed_42\annotation\sample_manifest.json,False
A2_feedback_langsung,all,0.5319777001443468,0.8888888888888888,0.48148148148148145,0.5925925925925926,0.5111961925009199,0.15335463258785942,0.869997871434653,0.378752385549873,0.32135198513265983,750.0,54.0,0.072,59,147,0.9220893628698626,69,100,69,61,42,data\synthetic\seed_42\human_annotations_majority_annotation.csv,data\synthetic\seed_42\annotation\sample_manifest.json,False
A2_feedback_langsung,entity,0.6038570987850708,0.9074074074074074,0.5,0.6111111111111112,0.5231445670317144,0.18490566037735848,0.8819225652874045,0.36654737521951686,0.31382768130750965,583.0,54.0,0.09262435677530018,60,115,0.9117133921290863,69,100,69,61,42,data\synthetic\seed_42\human_annotations_majority_annotation.csv,data\synthetic\seed_42\annotation\sample_manifest.json,False
A2_feedback_langsung,all,0.5435132162826672,0.9074074074074074,0.46296296296296297,0.5925925925925926,0.5075555555555555,0.1526479750778816,0.8713814389101745,0.41090082254398536,0.33135154796564,750.0,54.0,0.072,60,115,0.9117133921290863,69,100,69,61,42,data\synthetic\seed_42\human_annotations_majority_annotation.csv,data\synthetic\seed_42\annotation\sample_manifest.json,False
A2_feedback_langsung,entity,0.6364331775400799,0.9259259259259259,0.5370370370370371,0.6666666666666666,0.5361346303969254,0.1937984496124031,0.88524819715746,0.33947358086323837,0.28084597611411033,583.0,54.0,0.09262435677530018,61,82,0.9136014780174184,69,100,69,61,42,data\synthetic\seed_42\human_annotations_majority_annotation.csv,data\synthetic\seed_42\annotation\sample_manifest.json,False
A2_feedback_langsung,all,0.5774736960185467,0.9259259259259259,0.48148148148148145,0.5925925925925926,0.4365021064461648,0.12345679012345678,0.8663793103448276,0.4056867399724482,0.3176574212284277,750.0,54.0,0.072,61,82,0.9136014780174184,69,100,69,61,42,data\synthetic\seed_42\human_annotations_majority_annotation.csv,data\synthetic\seed_42\annotation\sample_manifest.json,False
A3_feedback_propagasi,entity,0.684173676561068,0.9259259259259259,0.5740740740740741,0.6851851851851852,0.5373798913145673,0.19455252918287938,0.9050969684240004,0.3504567350244031,0.2959985878539948,583.0,54.0,0.09262435677530018,42,133,0.9119355016649596,247,100,69,61,42,data\synthetic\seed_42\human_annotations_majority_annotation.csv,data\synthetic\seed_42\annotation\sample_manifest.json,False
A3_feedback_propagasi,all,0.5827032492437935,0.9259259259259259,0.5185185185185185,0.6111111111111112,0.5174950069135044,0.1592356687898089,0.8955672626649638,0.387730971712176,0.3092562324452993,750.0,54.0,0.072,42,133,0.9119355016649596,247,100,69,61,42,data\synthetic\seed_42\human_annotations_majority_annotation.csv,data\synthetic\seed_42\annotation\sample_manifest.json,False
A3_feedback_propagasi,entity,0.6889858905754505,0.9629629629629629,0.5740740740740741,0.7037037037037037,0.5335914026064996,0.1947565543071161,0.9089126934117483,0.37059217622649354,0.30962143274791265,583.0,54.0,0.09262435677530018,43,111,0.9171428727538512,247,100,69,61,42,data\synthetic\seed_42\human_annotations_majority_annotation.csv,data\synthetic\seed_42\annotation\sample_manifest.json,False
A3_feedback_propagasi,all,0.6631827577384892,0.9629629629629629,0.5740740740740741,0.7037037037037037,0.5228414254962928,0.16455696202531644,0.9113984674329503,0.38546678075379653,0.30478932968056743,750.0,54.0,0.072,43,111,0.9171428727538512,247,100,69,61,42,data\synthetic\seed_42\human_annotations_majority_annotation.csv,data\synthetic\seed_42\annotation\sample_manifest.json,False
A3_feedback_propagasi,entity,0.6167633501657791,0.9259259259259259,0.5185185185185185,0.6481481481481481,0.565256674807558,0.2127659574468085,0.8956451725827907,0.312211684980236,0.25103317600942127,583.0,54.0,0.09262435677530018,44,79,0.9117041995661072,247,100,69,61,42,data\synthetic\seed_42\human_annotations_majority_annotation.csv,data\synthetic\seed_42\annotation\sample_manifest.json,False
A3_feedback_propagasi,all,0.5327388362909051,0.9259259259259259,0.4444444444444444,0.6111111111111112,0.5464762930209655,0.17667844522968199,0.8867337164750958,0.35103206589457114,0.2657697723872088,750.0,54.0,0.072,44,79,0.9117041995661072,247,100,69,61,42,data\synthetic\seed_42\human_annotations_majority_annotation.csv,data\synthetic\seed_42\annotation\sample_manifest.json,False
A3_feedback_propagasi,entity,0.6787285852962044,0.9074074074074074,0.5740740740740741,0.7407407407407407,0.5467051578137028,0.1991869918699187,0.9055170482391655,0.34108935132545637,0.2805066303575078,583.0,54.0,0.09262435677530018,45,67,0.909347757911039,247,100,69,61,42,data\synthetic\seed_42\human_annotations_majority_annotation.csv,data\synthetic\seed_42\annotation\sample_manifest.json,False
A3_feedback_propagasi,all,0.6300311785599741,0.9074074074074074,0.5370370370370371,0.6666666666666666,0.5276506516568658,0.16387959866220736,0.9022722435078757,0.36267037864207907,0.28502153179906853,750.0,54.0,0.072,45,67,0.909347757911039,247,100,69,61,42,data\synthetic\seed_42\human_annotations_majority_annotation.csv,data\synthetic\seed_42\annotation\sample_manifest.json,False
A3_feedback_propagasi,entity,0.6379800958991891,0.9259259259259259,0.5740740740740741,0.6666666666666666,0.5550014917103525,0.205761316872428,0.9050969684240007,0.3423114988560897,0.28064521600881903,583.0,54.0,0.09262435677530018,46,97,0.9176459996162407,247,100,69,61,42,data\synthetic\seed_42\human_annotations_majority_annotation.csv,data\synthetic\seed_42\annotation\sample_manifest.json,False
A3_feedback_propagasi,all,0.5581912649488225,0.9259259259259259,0.48148148148148145,0.6111111111111112,0.5341614906832298,0.16891891891891891,0.8987068965517241,0.3772281356541595,0.2938601380506814,750.0,54.0,0.072,46,97,0.9176459996162407,247,100,69,61,42,data\synthetic\seed_42\human_annotations_majority_annotation.csv,data\synthetic\seed_42\annotation\sample_manifest.json,False
A3_feedback_propagasi,entity,0.6109364339772362,0.9629629629629629,0.5185185185185185,0.6666666666666666,0.5360908683792697,0.19622641509433963,0.892529580620318,0.3650341856655406,0.29691012202009043,583.0,54.0,0.09262435677530018,47,90,0.912872410379477,247,100,69,61,42,data\synthetic\seed_42\human_annotations_majority_annotation.csv,data\synthetic\seed_42\annotation\sample_manifest.json,False
A3_feedback_propagasi,all,0.5431775974555875,0.9629629629629629,0.42592592592592593,0.6296296296296297,0.44010709906663664,0.12745098039215685,0.8825031928480205,0.4282241873114835,0.33342289520856716,750.0,54.0,0.072,47,90,0.912872410379477,247,100,69,61,42,data\synthetic\seed_42\human_annotations_majority_annotation.csv,data\synthetic\seed_42\annotation\sample_manifest.json,False
A3_feedback_propagasi,entity,0.6183221842011025,0.9074074074074074,0.5555555555555556,0.6296296296296297,0.5429444450818198,0.19678714859437751,0.8833228313379542,0.32792883505063175,0.2776314676739106,583.0,54.0,0.09262435677530018,48,92,0.9162406141467214,247,100,69,61,42,data\synthetic\seed_42\human_annotations_majority_annotation.csv,data\synthetic\seed_42\annotation\sample_manifest.json,False
A3_feedback_propagasi,all,0.5753022258725629,0.9074074074074074,0.5185185185185185,0.6111111111111112,0.5157139965883135,0.15705128205128205,0.8692528735632185,0.3785083211813811,0.3015705341243106,750.0,54.0,0.072,48,92,0.9162406141467214,247,100,69,61,42,data\synthetic\seed_42\human_annotations_majority_annotation.csv,data\synthetic\seed_42\annotation\sample_manifest.json,False
A3_feedback_propagasi,entity,0.6432192552325213,0.9444444444444444,0.5185185185185185,0.6851851851851852,0.5455377955377956,0.20078740157480315,0.8978155849611427,0.34358836875732046,0.29864501815277716,583.0,54.0,0.09262435677530018,49,104,0.9163009349096247,247,100,69,61,42,data\synthetic\seed_42\human_annotations_majority_annotation.csv,data\synthetic\seed_42\annotation\sample_manifest.json,False
A3_feedback_propagasi,all,0.5822302305607971,0.9444444444444444,0.5,0.6111111111111112,0.5285087719298245,0.16666666666666666,0.8909642401021712,0.3653583801620113,0.30245042400274574,750.0,54.0,0.072,49,104,0.9163009349096247,247,100,69,61,42,data\synthetic\seed_42\human_annotations_majority_annotation.csv,data\synthetic\seed_42\annotation\sample_manifest.json,False
A3_feedback_propagasi,entity,0.6447167691109198,0.9444444444444444,0.5740740740740741,0.6851851851851852,0.504711632453568,0.17770034843205576,0.8928096338304278,0.3966947924097251,0.3431753470165155,583.0,54.0,0.09262435677530018,50,109,0.9134191248595244,247,100,69,61,42,data\synthetic\seed_42\human_annotations_majority_annotation.csv,data\synthetic\seed_42\annotation\sample_manifest.json,False
A3_feedback_propagasi,all,0.6108988463099434,0.9444444444444444,0.5370370370370371,0.6481481481481481,0.4947372748012633,0.14868804664723032,0.8904054916985952,0.43172177278305757,0.35010727229345034,750.0,54.0,0.072,50,109,0.9134191248595244,247,100,69,61,42,data\synthetic\seed_42\human_annotations_majority_annotation.csv,data\synthetic\seed_42\annotation\sample_manifest.json,False
A3_feedback_propagasi,entity,0.6438177789668209,0.8888888888888888,0.5555555555555556,0.6851851851851852,0.5484753546478818,0.1991701244813278,0.8966953721207029,0.3372098247804526,0.2781272641618693,583.0,54.0,0.09262435677530018,51,69,0.9065315377319537,247,100,69,61,42,data\synthetic\seed_42\human_annotations_majority_annotation.csv,data\synthetic\seed_42\annotation\sample_manifest.json,False
A3_feedback_propagasi,all,0.5642505249349519,0.8888888888888888,0.5,0.6296296296296297,0.5276313856892847,0.16271186440677965,0.8885429970200085,0.3720550337789852,0.2904819649799327,750.0,54.0,0.072,51,69,0.9065315377319537,247,100,69,61,42,data\synthetic\seed_42\human_annotations_majority_annotation.csv,data\synthetic\seed_42\annotation\sample_manifest.json,False
A3_feedback_propagasi,entity,0.6682860282830957,0.9074074074074074,0.5555555555555556,0.7037037037037037,0.5542813455657493,0.20416666666666666,0.8985157179864175,0.32313460892314566,0.26964089666869795,583.0,54.0,0.09262435677530018,52,96,0.9081164655145052,247,100,69,61,42,data\synthetic\seed_42\human_annotations_majority_annotation.csv,data\synthetic\seed_42\annotation\sample_manifest.json,False
A3_feedback_propagasi,all,0.6131180588587365,0.9074074074074074,0.5370370370370371,0.6296296296296297,0.5313655249328477,0.16610169491525423,0.8855630055342699,0.3590624525039069,0.28295260881312484,750.0,54.0,0.072,52,96,0.9081164655145052,247,100,69,61,42,data\synthetic\seed_42\human_annotations_majority_annotation.csv,data\synthetic\seed_42\annotation\sample_manifest.json,False
A3_feedback_propagasi,entity,0.6683290203090521,0.9444444444444444,0.5925925925925926,0.7037037037037037,0.5317754345967511,0.19245283018867926,0.9068122943359238,0.35760736381954683,0.2955408235729522,583.0,54.0,0.09262435677530018,53,118,0.914807750326506,247,100,69,61,42,data\synthetic\seed_42\human_annotations_majority_annotation.csv,data\synthetic\seed_42\annotation\sample_manifest.json,False
A3_feedback_propagasi,all,0.5057706589770841,0.9444444444444444,0.46296296296296297,0.6111111111111112,0.5101033834586466,0.15644171779141106,0.8873057684120902,0.40852800737482897,0.32269122558934266,750.0,54.0,0.072,53,118,0.914807750326506,247,100,69,61,42,data\synthetic\seed_42\human_annotations_majority_annotation.csv,data\synthetic\seed_42\annotation\sample_manifest.json,False
A3_feedback_propagasi,entity,0.6245396359349917,0.9074074074074074,0.5555555555555556,0.6666666666666666,0.5555516460832952,0.20502092050209206,0.8917944409437792,0.32382968507108656,0.26993588436961385,583.0,54.0,0.09262435677530018,54,101,0.9133028762384066,247,100,69,61,42,data\synthetic\seed_42\human_annotations_majority_annotation.csv,data\synthetic\seed_42\annotation\sample_manifest.json,False
A3_feedback_propagasi,all,0.5336623180697265,0.9074074074074074,0.46296296296296297,0.6296296296296297,0.5332311899042967,0.16723549488054607,0.8785121328224776,0.37409519918264655,0.29246416880715825,750.0,54.0,0.072,54,101,0.9133028762384066,247,100,69,61,42,data\synthetic\seed_42\human_annotations_majority_annotation.csv,data\synthetic\seed_42\annotation\sample_manifest.json,False
A3_feedback_propagasi,entity,0.6344667685855284,0.9074074074074074,0.5370370370370371,0.6851851851851852,0.5467051578137028,0.1991869918699187,0.8936848001120212,0.33483379409015496,0.2831989610785321,583.0,54.0,0.09262435677530018,55,108,0.9208606341928489,247,100,69,61,42,data\synthetic\seed_42\human_annotations_majority_annotation.csv,data\synthetic\seed_42\annotation\sample_manifest.json,False
A3_feedback_propagasi,all,0.5688836614342596,0.9074074074074074,0.46296296296296297,0.6111111111111112,0.5258010947782766,0.16279069767441862,0.8854565772669221,0.3595963685863559,0.28999059149941886,750.0,54.0,0.072,55,108,0.9208606341928489,247,100,69,61,42,data\synthetic\seed_42\human_annotations_majority_annotation.csv,data\synthetic\seed_42\annotation\sample_manifest.json,False
A3_feedback_propagasi,entity,0.6200728988551886,0.8703703703703703,0.5740740740740741,0.6666666666666666,0.5266659869417287,0.1843137254901961,0.877966813694602,0.35264382409723594,0.2974377709822739,583.0,54.0,0.09262435677530018,56,77,0.9138302808875964,247,100,69,61,42,data\synthetic\seed_42\human_annotations_majority_annotation.csv,data\synthetic\seed_42\annotation\sample_manifest.json,False
A3_feedback_propagasi,all,0.5694527028745986,0.8703703703703703,0.5,0.6296296296296297,0.5084858472836615,0.15064102564102563,0.8720200085142614,0.3882174783593121,0.3065026186795843,750.0,54.0,0.072,56,77,0.9138302808875964,247,100,69,61,42,data\synthetic\seed_42\human_annotations_majority_annotation.csv,data\synthetic\seed_42\annotation\sample_manifest.json,False
A3_feedback_propagasi,entity,0.6318044502976081,0.8703703703703703,0.5370370370370371,0.6851851851851852,0.5514552994046233,0.2,0.8892739620527901,0.31211614697115064,0.270042502153482,583.0,54.0,0.09262435677530018,57,130,0.9160969050229665,247,100,69,61,42,data\synthetic\seed_42\human_annotations_majority_annotation.csv,data\synthetic\seed_42\annotation\sample_manifest.json,False
A3_feedback_propagasi,all,0.5726039279281063,0.8703703703703703,0.5,0.5925925925925926,0.5312725349742801,0.16376306620209058,0.8832215836526183,0.33702159442636626,0.27390498031105986,750.0,54.0,0.072,57,130,0.9160969050229665,247,100,69,61,42,data\synthetic\seed_42\human_annotations_majority_annotation.csv,data\synthetic\seed_42\annotation\sample_manifest.json,False
A3_feedback_propagasi,entity,0.6300564409823454,0.9259259259259259,0.5370370370370371,0.6666666666666666,0.5423775088827627,0.1976284584980237,0.8900091017293287,0.3478532002767644,0.29580221413912133,583.0,54.0,0.09262435677530018,58,110,0.9179998972095893,247,100,69,61,42,data\synthetic\seed_42\human_annotations_majority_annotation.csv,data\synthetic\seed_42\annotation\sample_manifest.json,False
A3_feedback_propagasi,all,0.5471320137685234,0.9259259259259259,0.4444444444444444,0.5925925925925926,0.5230073114604472,0.16233766233766234,0.8855230949340145,0.3864012719739306,0.30848585306402354,750.0,54.0,0.072,58,110,0.9179998972095893,247,100,69,61,42,data\synthetic\seed_42\human_annotations_majority_annotation.csv,data\synthetic\seed_42\annotation\sample_manifest.json,False
A3_feedback_propagasi,entity,0.6702337454624344,0.9259259259259259,0.5740740740740741,0.7037037037037037,0.5436312509499924,0.1984126984126984,0.9095078064832318,0.34980058327404373,0.29005534744926076,583.0,54.0,0.09262435677530018,59,87,0.9132300996712474,247,100,69,61,42,data\synthetic\seed_42\human_annotations_majority_annotation.csv,data\synthetic\seed_42\annotation\sample_manifest.json,False
A3_feedback_propagasi,all,0.615308013401829,0.9259259259259259,0.5185185185185185,0.6296296296296297,0.5220858137624749,0.16181229773462782,0.9033099191145169,0.38596800243743445,0.30381961932638746,750.0,54.0,0.072,59,87,0.9132300996712474,247,100,69,61,42,data\synthetic\seed_42\human_annotations_majority_annotation.csv,data\synthetic\seed_42\annotation\sample_manifest.json,False
A3_feedback_propagasi,entity,0.6245221999992616,0.9259259259259259,0.5370370370370371,0.6666666666666666,0.5361346303969254,0.1937984496124031,0.8845830707834489,0.35200109636548993,0.29392641437074674,583.0,54.0,0.09262435677530018,60,90,0.9119501174114178,247,100,69,61,42,data\synthetic\seed_42\human_annotations_majority_annotation.csv,data\synthetic\seed_42\annotation\sample_manifest.json,False
A3_feedback_propagasi,all,0.5468989065971064,0.9259259259259259,0.48148148148148145,0.6481481481481481,0.4922046552481335,0.14619883040935672,0.8712484035759898,0.4092188204793177,0.3225616447138529,750.0,54.0,0.072,60,90,0.9119501174114178,247,100,69,61,42,data\synthetic\seed_42\human_annotations_majority_annotation.csv,data\synthetic\seed_42\annotation\sample_manifest.json,False
A3_feedback_propagasi,entity,0.690346335629836,0.9444444444444444,0.5925925925925926,0.7222222222222222,0.5430208019294543,0.19921875,0.9126934117482322,0.34232418130466213,0.28006936742226934,583.0,54.0,0.09262435677530018,61,111,0.9151347997298416,247,100,69,61,42,data\synthetic\seed_42\human_annotations_majority_annotation.csv,data\synthetic\seed_42\annotation\sample_manifest.json,False
A3_feedback_propagasi,all,0.6424823045744948,0.9444444444444444,0.5370370370370371,0.6481481481481481,0.47065476607982043,0.13783783783783785,0.903762239250745,0.4010503383227405,0.31023392294098706,750.0,54.0,0.072,61,111,0.9151347997298416,247,100,69,61,42,data\synthetic\seed_42\human_annotations_majority_annotation.csv,data\synthetic\seed_42\annotation\sample_manifest.json,False
A2_feedback_langsung,entity,0.7126152343686628,0.9444444444444444,0.5925925925925926,0.7777777777777778,0.5280533396131994,0.19029850746268656,0.9165091367359798,0.3614407770854283,0.30726507636714284,583.0,54.0,0.09262435677530018,42,152,0.9099032610088879,104,150,104,84,42,data\synthetic\seed_42\human_annotations_majority_annotation.csv,data\synthetic\seed_42\annotation\sample_manifest.json,False
A2_feedback_langsung,all,0.6366196878563625,0.9444444444444444,0.5185185185185185,0.6481481481481481,0.504655770643994,0.1536144578313253,0.90764687100894,0.4067416854278053,0.3293385515145597,750.0,54.0,0.072,42,152,0.9099032610088879,104,150,104,84,42,data\synthetic\seed_42\human_annotations_majority_annotation.csv,data\synthetic\seed_42\annotation\sample_manifest.json,False
A2_feedback_langsung,entity,0.6678250789408288,0.9259259259259259,0.5370370370370371,0.7037037037037037,0.5151775954795859,0.18181818181818182,0.8952951060701533,0.38092601616068356,0.3221674071595362,583.0,54.0,0.09262435677530018,43,92,0.911391204897716,104,150,104,84,42,data\synthetic\seed_42\human_annotations_majority_annotation.csv,data\synthetic\seed_42\annotation\sample_manifest.json,False
A2_feedback_langsung,all,0.6012710504630941,0.9259259259259259,0.5,0.6111111111111112,0.5002681487982058,0.15015015015015015,0.8870796083439761,0.40942156858125234,0.3283223845147542,750.0,54.0,0.072,43,92,0.911391204897716,104,150,104,84,42,data\synthetic\seed_42\human_annotations_majority_annotation.csv,data\synthetic\seed_42\annotation\sample_manifest.json,False
A2_feedback_langsung,entity,0.6362255464955482,0.9444444444444444,0.5185185185185185,0.6296296296296297,0.5505937843448528,0.204,0.8942799131835049,0.34446711645149214,0.2789731142534638,583.0,54.0,0.09262435677530018,44,80,0.9118070333620314,104,150,104,84,42,data\synthetic\seed_42\human_annotations_majority_annotation.csv,data\synthetic\seed_42\annotation\sample_manifest.json,False
A2_feedback_langsung,all,0.5535545422598975,0.9444444444444444,0.48148148148148145,0.5925925925925926,0.5331816224860078,0.16943521594684385,0.88276926351639,0.38751763541404705,0.2976726649185163,750.0,54.0,0.072,44,80,0.9118070333620314,104,150,104,84,42,data\synthetic\seed_42\human_annotations_majority_annotation.csv,data\synthetic\seed_42\annotation\sample_manifest.json,False
A2_feedback_langsung,entity,0.6442967138031804,0.9074074074074074,0.5,0.6481481481481481,0.5206953123559881,0.18352059925093633,0.8920744941538893,0.36900320739488723,0.3081627767850333,583.0,54.0,0.09262435677530018,45,90,0.9166665044960279,104,150,104,84,42,data\synthetic\seed_42\human_annotations_majority_annotation.csv,data\synthetic\seed_42\annotation\sample_manifest.json,False
A2_feedback_langsung,all,0.5915334722372574,0.9074074074074074,0.5,0.5925925925925926,0.5084583163153845,0.153125,0.8874787143465305,0.3867583939501783,0.3076926940458832,750.0,54.0,0.072,45,90,0.9166665044960279,104,150,104,84,42,data\synthetic\seed_42\human_annotations_majority_annotation.csv,data\synthetic\seed_42\annotation\sample_manifest.json,False
A2_feedback_langsung,entity,0.6993977903704982,0.9814814814814815,0.5555555555555556,0.7407407407407407,0.549262895574371,0.2054263565891473,0.9231954071273542,0.3543368784738621,0.281646517315205,583.0,54.0,0.09262435677530018,46,98,0.9080604473725533,104,150,104,84,42,data\synthetic\seed_42\human_annotations_majority_annotation.csv,data\synthetic\seed_42\annotation\sample_manifest.json,False
A2_feedback_langsung,all,0.6080237782719434,0.9814814814814815,0.5185185185185185,0.6666666666666666,0.5320480575762266,0.17096774193548386,0.913181140911026,0.38324790738068987,0.2925740835845449,750.0,54.0,0.072,46,98,0.9080604473725533,104,150,104,84,42,data\synthetic\seed_42\human_annotations_majority_annotation.csv,data\synthetic\seed_42\annotation\sample_manifest.json,False
A2_feedback_langsung,entity,0.6399268470563994,0.9444444444444444,0.5370370370370371,0.6666666666666666,0.5405107187894073,0.19767441860465115,0.9007911503185605,0.3548531100717729,0.293733780017515,583.0,54.0,0.09262435677530018,47,124,0.9109785223901324,104,150,104,84,42,data\synthetic\seed_42\human_annotations_majority_annotation.csv,data\synthetic\seed_42\annotation\sample_manifest.json,False
A2_feedback_langsung,all,0.5360230808787183,0.9444444444444444,0.46296296296296297,0.5555555555555556,0.4983346780032686,0.1504424778761062,0.8896338867603236,0.40693535342824183,0.32133048129355796,750.0,54.0,0.072,47,124,0.9109785223901324,104,150,104,84,42,data\synthetic\seed_42\human_annotations_majority_annotation.csv,data\synthetic\seed_42\annotation\sample_manifest.json,False
A2_feedback_langsung,entity,0.6476771440383448,0.9259259259259259,0.5185185185185185,0.7222222222222222,0.5225330439349367,0.18587360594795538,0.8876286494433943,0.3750920166403969,0.3247900520424531,583.0,54.0,0.09262435677530018,48,119,0.9093489278153615,104,150,104,84,42,data\synthetic\seed_42\human_annotations_majority_annotation.csv,data\synthetic\seed_42\annotation\sample_manifest.json,False
A2_feedback_langsung,all,0.5842031292393394,0.9259259259259259,0.5,0.5925925925925926,0.5020674392871702,0.1510574018126888,0.8790974882928906,0.39945890046310767,0.33223423049609946,750.0,54.0,0.072,48,119,0.9093489278153615,104,150,104,84,42,data\synthetic\seed_42\human_annotations_majority_annotation.csv,data\synthetic\seed_42\annotation\sample_manifest.json,False
A2_feedback_langsung,entity,0.6330708783045313,0.9444444444444444,0.5370370370370371,0.6481481481481481,0.5194118522876244,0.18545454545454546,0.8895540152629,0.37529628439705565,0.309962708830277,583.0,54.0,0.09262435677530018,49,79,0.9167093172456527,104,150,104,84,42,data\synthetic\seed_42\human_annotations_majority_annotation.csv,data\synthetic\seed_42\annotation\sample_manifest.json,False
A2_feedback_langsung,all,0.5563884235283898,0.9444444444444444,0.48148148148148145,0.5925925925925926,0.5055617028711199,0.1540785498489426,0.8834344401873138,0.4020835765267645,0.3187442093986701,750.0,54.0,0.072,49,79,0.9167093172456527,104,150,104,84,42,data\synthetic\seed_42\human_annotations_majority_annotation.csv,data\synthetic\seed_42\annotation\sample_manifest.json,False
A2_feedback_langsung,entity,0.6366875449072054,0.9259259259259259,0.5185185185185185,0.6666666666666666,0.5311690245718541,0.19083969465648856,0.8774417139256458,0.3578982327480454,0.31161253818142015,583.0,54.0,0.09262435677530018,50,161,0.9153007059923961,104,150,104,84,42,data\synthetic\seed_42\human_annotations_majority_annotation.csv,data\synthetic\seed_42\annotation\sample_manifest.json,False
A2_feedback_langsung,all,0.550477716397382,0.9259259259259259,0.48148148148148145,0.6111111111111112,0.4922046552481335,0.14619883040935672,0.8632928905917412,0.41268069424892995,0.33809159576947223,750.0,54.0,0.072,50,161,0.9153007059923961,104,150,104,84,42,data\synthetic\seed_42\human_annotations_majority_annotation.csv,data\synthetic\seed_42\annotation\sample_manifest.json,False
A2_feedback_langsung,entity,0.6334417447502406,0.9074074074074074,0.5185185185185185,0.6296296296296297,0.5133751043363841,0.1794871794871795,0.8840579710144928,0.37833186411438713,0.32339712617352034,583.0,54.0,0.09262435677530018,51,96,0.9072147138864451,104,150,104,84,42,data\synthetic\seed_42\human_annotations_majority_annotation.csv,data\synthetic\seed_42\annotation\sample_manifest.json,False
A2_feedback_langsung,all,0.5706021400147485,0.9074074074074074,0.48148148148148145,0.5925925925925926,0.4976790913572897,0.14759036144578314,0.878272669220945,0.41429803995220094,0.33484058763693403,750.0,54.0,0.072,51,96,0.9072147138864451,104,150,104,84,42,data\synthetic\seed_42\human_annotations_majority_annotation.csv,data\synthetic\seed_42\annotation\sample_manifest.json,False
A2_feedback_langsung,entity,0.6395197132350297,0.9259259259259259,0.5370370370370371,0.6481481481481481,0.5486647657591366,0.20161290322580644,0.891444374431142,0.33266587646502094,0.2814147784792482,583.0,54.0,0.09262435677530018,52,114,0.9066415459489382,104,150,104,84,42,data\synthetic\seed_42\human_annotations_majority_annotation.csv,data\synthetic\seed_42\annotation\sample_manifest.json,False
A2_feedback_langsung,all,0.5544516941080587,0.9259259259259259,0.48148148148148145,0.6111111111111112,0.5257788335013757,0.16393442622950818,0.8792571306939123,0.3680532742667177,0.2970156949572163,750.0,54.0,0.072,52,114,0.9066415459489382,104,150,104,84,42,data\synthetic\seed_42\human_annotations_majority_annotation.csv,data\synthetic\seed_42\annotation\sample_manifest.json,False
A2_feedback_langsung,entity,0.671629173000373,0.9444444444444444,0.5555555555555556,0.6851851851851852,0.5231083844580777,0.1875,0.9000210039907582,0.37939579155328834,0.3198049854975436,583.0,54.0,0.09262435677530018,53,140,0.9075461483674675,104,150,104,84,42,data\synthetic\seed_42\human_annotations_majority_annotation.csv,data\synthetic\seed_42\annotation\sample_manifest.json,False
A2_feedback_langsung,all,0.5675728463307257,0.9444444444444444,0.48148148148148145,0.6296296296296297,0.49114928783591516,0.14697406340057637,0.8850175606641124,0.4300172644197009,0.34538058216569745,750.0,54.0,0.072,53,140,0.9075461483674675,104,150,104,84,42,data\synthetic\seed_42\human_annotations_majority_annotation.csv,data\synthetic\seed_42\annotation\sample_manifest.json,False
A2_feedback_langsung,entity,0.658516337109532,0.9814814814814815,0.5740740740740741,0.7037037037037037,0.5216634039613082,0.18928571428571428,0.9058671147518028,0.38405039835561805,0.3123857494240264,583.0,54.0,0.09262435677530018,54,79,0.9096173913026246,104,150,104,84,42,data\synthetic\seed_42\human_annotations_majority_annotation.csv,data\synthetic\seed_42\annotation\sample_manifest.json,False
A2_feedback_langsung,all,0.5579823201683379,0.9814814814814815,0.5185185185185185,0.6296296296296297,0.42978168784620396,0.12529550827423167,0.8962058322690507,0.44448825232674904,0.3481351751432425,750.0,54.0,0.072,54,79,0.9096173913026246,104,150,104,84,42,data\synthetic\seed_42\human_annotations_majority_annotation.csv,data\synthetic\seed_42\annotation\sample_manifest.json,False
A2_feedback_langsung,entity,0.6523360453385886,0.9259259259259259,0.5370370370370371,0.6851851851851852,0.552460527787743,0.20408163265306123,0.9071973674998249,0.33678714429515116,0.2922843697249944,583.0,54.0,0.09262435677530018,55,194,0.9216154979276738,104,150,104,84,42,data\synthetic\seed_42\human_annotations_majority_annotation.csv,data\synthetic\seed_42\annotation\sample_manifest.json,False
A2_feedback_langsung,all,0.6054681659284845,0.9259259259259259,0.5,0.6481481481481481,0.5369803369733386,0.17064846416382254,0.9054650915283099,0.3500252161481445,0.28851551164405587,750.0,54.0,0.072,55,194,0.9216154979276738,104,150,104,84,42,data\synthetic\seed_42\human_annotations_majority_annotation.csv,data\synthetic\seed_42\annotation\sample_manifest.json,False
A2_feedback_langsung,entity,0.615670268186535,0.9074074074074074,0.5185185185185185,0.6296296296296297,0.5379560355386348,0.19367588932806323,0.8854582370650423,0.34770495197907453,0.2904713674895565,583.0,54.0,0.09262435677530018,56,74,0.9059878490506965,104,150,104,84,42,data\synthetic\seed_42\human_annotations_majority_annotation.csv,data\synthetic\seed_42\annotation\sample_manifest.json,False
A2_feedback_langsung,all,0.5509262508351932,0.9074074074074074,0.4444444444444444,0.5925925925925926,0.5193661458990766,0.1590909090909091,0.8754257130693912,0.3945660628479284,0.310082399069905,750.0,54.0,0.072,56,74,0.9059878490506965,104,150,104,84,42,data\synthetic\seed_42\human_annotations_majority_annotation.csv,data\synthetic\seed_42\annotation\sample_manifest.json,False
A2_feedback_langsung,entity,0.6198528755458713,0.9259259259259259,0.5370370370370371,0.6111111111111112,0.5398753082363781,0.19607843137254902,0.8918644542463068,0.34794393048222744,0.2856010412793136,583.0,54.0,0.09262435677530018,57,79,0.9037870930622253,104,150,104,84,42,data\synthetic\seed_42\human_annotations_majority_annotation.csv,data\synthetic\seed_42\annotation\sample_manifest.json,False
A2_feedback_langsung,all,0.573185507708772,0.9259259259259259,0.48148148148148145,0.5740740740740741,0.5174950069135044,0.1592356687898089,0.8840996168582376,0.3914500052876926,0.303970048614336,750.0,54.0,0.072,57,79,0.9037870930622253,104,150,104,84,42,data\synthetic\seed_42\human_annotations_majority_annotation.csv,data\synthetic\seed_42\annotation\sample_manifest.json,False
A2_feedback_langsung,entity,0.6218294794092256,0.9629629629629629,0.5185185185185185,0.6296296296296297,0.5436253928064452,0.20077220077220076,0.8914443744311419,0.35986498587493454,0.30958633635316163,583.0,54.0,0.09262435677530018,58,169,0.9142721089284794,104,150,104,84,42,data\synthetic\seed_42\human_annotations_majority_annotation.csv,data\synthetic\seed_42\annotation\sample_manifest.json,False
A2_feedback_langsung,all,0.5510045251117232,0.9629629629629629,0.4444444444444444,0.5555555555555556,0.5246965739744969,0.16560509554140126,0.8868135376756066,0.3814586142508827,0.3120034897927081,750.0,54.0,0.072,58,169,0.9142721089284794,104,150,104,84,42,data\synthetic\seed_42\human_annotations_majority_annotation.csv,data\synthetic\seed_42\annotation\sample_manifest.json,False
A2_feedback_langsung,entity,0.6489327912160794,0.9259259259259259,0.5370370370370371,0.6851851851851852,0.5262263593380614,0.18796992481203006,0.8919344675488343,0.3673166906745594,0.31107584847421055,583.0,54.0,0.09262435677530018,59,89,0.9086848599969577,104,150,104,84,42,data\synthetic\seed_42\human_annotations_majority_annotation.csv,data\synthetic\seed_42\annotation\sample_manifest.json,False
A2_feedback_langsung,all,0.5972846756749012,0.9259259259259259,0.5,0.5925925925925926,0.5056750613948056,0.1529051987767584,0.8806939123031077,0.4054992909704742,0.32706029303119005,750.0,54.0,0.072,59,89,0.9086848599969577,104,150,104,84,42,data\synthetic\seed_42\human_annotations_majority_annotation.csv,data\synthetic\seed_42\annotation\sample_manifest.json,False
A2_feedback_langsung,entity,0.6035004501937702,0.9074074074074074,0.48148148148148145,0.6111111111111112,0.52437106918239,0.1856060606060606,0.8797346495834208,0.3682203379810972,0.3135636839384234,583.0,54.0,0.09262435677530018,60,114,0.9113223773005635,104,150,104,84,42,data\synthetic\seed_42\human_annotations_majority_annotation.csv,data\synthetic\seed_42\annotation\sample_manifest.json,False
A2_feedback_langsung,all,0.5382677659184039,0.9074074074074074,0.46296296296296297,0.5555555555555556,0.5075555555555555,0.1526479750778816,0.871141975308642,0.4031953184851639,0.3255923054285024,750.0,54.0,0.072,60,114,0.9113223773005635,104,150,104,84,42,data\synthetic\seed_42\human_annotations_majority_annotation.csv,data\synthetic\seed_42\annotation\sample_manifest.json,False
A2_feedback_langsung,entity,0.6608263067211173,0.9074074074074074,0.5555555555555556,0.6851851851851852,0.530523729442037,0.1891891891891892,0.8975355317510326,0.35374283222424696,0.2882050159919785,583.0,54.0,0.09262435677530018,61,83,0.9109287104261653,104,150,104,84,42,data\synthetic\seed_42\human_annotations_majority_annotation.csv,data\synthetic\seed_42\annotation\sample_manifest.json,False
A2_feedback_langsung,all,0.596322546848652,0.9074074074074074,0.5185185185185185,0.6111111111111112,0.4447800818577105,0.125,0.881625159642401,0.41634829276221963,0.32339832086649206,750.0,54.0,0.072,61,83,0.9109287104261653,104,150,104,84,42,data\synthetic\seed_42\human_annotations_majority_annotation.csv,data\synthetic\seed_42\annotation\sample_manifest.json,False
A3_feedback_propagasi,entity,0.6557743520524658,0.9444444444444444,0.5925925925925926,0.6851851851851852,0.5034917390563788,0.17708333333333334,0.8918644542463068,0.39058747190724413,0.31175955061163374,583.0,54.0,0.09262435677530018,42,82,0.9009035624714339,323,150,104,84,42,data\synthetic\seed_42\human_annotations_majority_annotation.csv,data\synthetic\seed_42\annotation\sample_manifest.json,False
A3_feedback_propagasi,all,0.6161325448165691,0.9444444444444444,0.5185185185185185,0.6481481481481481,0.46090335114133074,0.13385826771653545,0.8863346104725416,0.441341202206347,0.3364872264280261,750.0,54.0,0.072,42,82,0.9009035624714339,323,150,104,84,42,data\synthetic\seed_42\human_annotations_majority_annotation.csv,data\synthetic\seed_42\annotation\sample_manifest.json,False
A3_feedback_propagasi,entity,0.6501639126476082,0.8888888888888888,0.5185185185185185,0.6481481481481481,0.5347697218422253,0.19047619047619047,0.8921795141076805,0.35403763124057736,0.2982154749079232,583.0,54.0,0.09262435677530018,43,103,0.9107972196986858,323,150,104,84,42,data\synthetic\seed_42\human_annotations_majority_annotation.csv,data\synthetic\seed_42\annotation\sample_manifest.json,False
A3_feedback_propagasi,all,0.5950563624181149,0.8888888888888888,0.5,0.5925925925925926,0.5221108309244111,0.15946843853820597,0.8904054916985951,0.37209585370232523,0.2974914340117081,750.0,54.0,0.072,43,103,0.9107972196986858,323,150,104,84,42,data\synthetic\seed_42\human_annotations_majority_annotation.csv,data\synthetic\seed_42\annotation\sample_manifest.json,False
A3_feedback_propagasi,entity,0.6089980016685539,0.9259259259259259,0.5370370370370371,0.6481481481481481,0.529931297908469,0.19011406844106463,0.8797171462577891,0.3722935479194126,0.30816153286489756,583.0,54.0,0.09262435677530018,44,98,0.9159081805899906,323,150,104,84,42,data\synthetic\seed_42\human_annotations_majority_annotation.csv,data\synthetic\seed_42\annotation\sample_manifest.json,False
A3_feedback_propagasi,all,0.552814785699816,0.9259259259259259,0.5,0.5925925925925926,0.5184110088477698,0.1597444089456869,0.8821306939123031,0.39518399407384763,0.30901066910815767,750.0,54.0,0.072,44,98,0.9159081805899906,323,150,104,84,42,data\synthetic\seed_42\human_annotations_majority_annotation.csv,data\synthetic\seed_42\annotation\sample_manifest.json,False
A3_feedback_propagasi,entity,0.6906126651053004,0.8888888888888888,0.5925925925925926,0.7407407407407407,0.5323010323010323,0.1889763779527559,0.9041867954911433,0.35106141841830607,0.28019381731213555,583.0,54.0,0.09262435677530018,45,67,0.9032397470207849,323,150,104,84,42,data\synthetic\seed_42\human_annotations_majority_annotation.csv,data\synthetic\seed_42\annotation\sample_manifest.json,False
A3_feedback_propagasi,all,0.6467701377727815,0.8888888888888888,0.5370370370370371,0.6481481481481481,0.5193671790155465,0.15789473684210525,0.9001436781609196,0.37544509901277096,0.2848875881267439,750.0,54.0,0.072,45,67,0.9032397470207849,323,150,104,84,42,data\synthetic\seed_42\human_annotations_majority_annotation.csv,data\synthetic\seed_42\annotation\sample_manifest.json,False
A3_feedback_propagasi,entity,0.6310911224430125,0.9259259259259259,0.5555555555555556,0.6666666666666666,0.5324081845820976,0.19157088122605365,0.8986207379402087,0.36164586313846026,0.28923666420756333,583.0,54.0,0.09262435677530018,46,82,0.9087573917596478,323,150,104,84,42,data\synthetic\seed_42\human_annotations_majority_annotation.csv,data\synthetic\seed_42\annotation\sample_manifest.json,False
A3_feedback_propagasi,all,0.5587309031529913,0.9259259259259259,0.48148148148148145,0.6111111111111112,0.5184110088477698,0.1597444089456869,0.8934520008514262,0.3901536368040058,0.2972890719989351,750.0,54.0,0.072,46,82,0.9087573917596478,323,150,104,84,42,data\synthetic\seed_42\human_annotations_majority_annotation.csv,data\synthetic\seed_42\annotation\sample_manifest.json,False
A3_feedback_propagasi,entity,0.6217278747905216,0.9629629629629629,0.5185185185185185,0.6481481481481481,0.5348404255319149,0.19548872180451127,0.8892039487502625,0.3700539853620796,0.3027165097352349,583.0,54.0,0.09262435677530018,47,130,0.9100950864258068,323,150,104,84,42,data\synthetic\seed_42\human_annotations_majority_annotation.csv,data\synthetic\seed_42\annotation\sample_manifest.json,False
A3_feedback_propagasi,all,0.5577928424868908,0.9629629629629629,0.46296296296296297,0.6111111111111112,0.5200667981378354,0.16300940438871472,0.8825297999148574,0.411555002013755,0.3195923101554207,750.0,54.0,0.072,47,130,0.9100950864258068,323,150,104,84,42,data\synthetic\seed_42\human_annotations_majority_annotation.csv,data\synthetic\seed_42\annotation\sample_manifest.json,False
A3_feedback_propagasi,entity,0.6640601479694475,0.9074074074074074,0.5555555555555556,0.7222222222222222,0.52437106918239,0.1856060606060606,0.9040117622348245,0.3686457701178853,0.31790687762943304,583.0,54.0,0.09262435677530018,48,174,0.9127257183243969,323,150,104,84,42,data\synthetic\seed_42\human_annotations_majority_annotation.csv,data\synthetic\seed_42\annotation\sample_manifest.json,False
A3_feedback_propagasi,all,0.6210105163274806,0.9074074074074074,0.5555555555555556,0.6481481481481481,0.5075555555555555,0.1526479750778816,0.9037888463175818,0.39270589366838493,0.32199700753231547,750.0,54.0,0.072,48,174,0.9127257183243969,323,150,104,84,42,data\synthetic\seed_42\human_annotations_majority_annotation.csv,data\synthetic\seed_42\annotation\sample_manifest.json,False
A3_feedback_propagasi,entity,0.6669581609680447,0.9444444444444444,0.5555555555555556,0.7037037037037037,0.5392581716849758,0.1969111969111969,0.9039417489322972,0.35392988171659334,0.300644253457016,583.0,54.0,0.09262435677530018,49,105,0.9107573107470696,323,150,104,84,42,data\synthetic\seed_42\human_annotations_majority_annotation.csv,data\synthetic\seed_42\annotation\sample_manifest.json,False
A3_feedback_propagasi,all,0.5905528035392021,0.9444444444444444,0.5,0.5925925925925926,0.5210957904440006,0.1624203821656051,0.8946892294593444,0.3856266746428179,0.3116712250735698,750.0,54.0,0.072,49,105,0.9107573107470696,323,150,104,84,42,data\synthetic\seed_42\human_annotations_majority_annotation.csv,data\synthetic\seed_42\annotation\sample_manifest.json,False
A3_feedback_propagasi,entity,0.6485491275023897,0.9259259259259259,0.5740740740740741,0.7222222222222222,0.5225330439349367,0.18587360594795538,0.8968353987257578,0.38604095168265834,0.32499412314031195,583.0,54.0,0.09262435677530018,50,157,0.9039870155229569,323,150,104,84,42,data\synthetic\seed_42\human_annotations_majority_annotation.csv,data\synthetic\seed_42\annotation\sample_manifest.json,False
A3_feedback_propagasi,all,0.5485850981238399,0.9259259259259259,0.42592592592592593,0.6296296296296297,0.4815233785822021,0.14124293785310735,0.883221583652618,0.42963914288317995,0.3447695040909269,750.0,54.0,0.072,50,157,0.9039870155229569,323,150,104,84,42,data\synthetic\seed_42\human_annotations_majority_annotation.csv,data\synthetic\seed_42\annotation\sample_manifest.json,False
A3_feedback_propagasi,entity,0.6652269173712931,0.9814814814814815,0.5370370370370371,0.6666666666666666,0.5216634039613082,0.18928571428571428,0.8994959042218021,0.3935065272855095,0.32905167841859295,583.0,54.0,0.09262435677530018,51,124,0.9067249911589359,323,150,104,84,42,data\synthetic\seed_42\human_annotations_majority_annotation.csv,data\synthetic\seed_42\annotation\sample_manifest.json,False
A3_feedback_propagasi,all,0.5958580297649081,0.9814814814814815,0.5,0.6296296296296297,0.5088840503587634,0.1582089552238806,0.8946493188590889,0.41341196840491223,0.33165328847057146,750.0,54.0,0.072,51,124,0.9067249911589359,323,150,104,84,42,data\synthetic\seed_42\human_annotations_majority_annotation.csv,data\synthetic\seed_42\annotation\sample_manifest.json,False
A3_feedback_propagasi,entity,0.5904070310708305,0.9074074074074074,0.5185185185185185,0.6111111111111112,0.5036693787380786,0.17437722419928825,0.8674298116642162,0.38805222186556654,0.3119658483871271,583.0,54.0,0.09262435677530018,52,67,0.9050515242369644,323,150,104,84,42,data\synthetic\seed_42\human_annotations_majority_annotation.csv,data\synthetic\seed_42\annotation\sample_manifest.json,False
A3_feedback_propagasi,all,0.5130414823783936,0.9074074074074074,0.48148148148148145,0.5740740740740741,0.48966149263989917,0.1436950146627566,0.8526234567901235,0.42605035068490543,0.3283292984837232,750.0,54.0,0.072,52,67,0.9050515242369644,323,150,104,84,42,data\synthetic\seed_42\human_annotations_majority_annotation.csv,data\synthetic\seed_42\annotation\sample_manifest.json,False
A3_feedback_propagasi,entity,0.6307356721780024,0.8888888888888888,0.5370370370370371,0.6481481481481481,0.49948093467679655,0.1708185053380783,0.8797521529090526,0.3884067725116306,0.3349105117044634,583.0,54.0,0.09262435677530018,53,134,0.909439564115151,323,150,104,84,42,data\synthetic\seed_42\human_annotations_majority_annotation.csv,data\synthetic\seed_42\annotation\sample_manifest.json,False
A3_feedback_propagasi,all,0.4827111379063279,0.8888888888888888,0.48148148148148145,0.5555555555555556,0.4853425559947299,0.14035087719298245,0.8582375478927202,0.4299101242473407,0.35180397758509335,750.0,54.0,0.072,53,134,0.909439564115151,323,150,104,84,42,data\synthetic\seed_42\human_annotations_majority_annotation.csv,data\synthetic\seed_42\annotation\sample_manifest.json,False
A3_feedback_propagasi,entity,0.6762584795995054,0.9814814814814815,0.5925925925925926,0.7222222222222222,0.5031476539018633,0.17966101694915254,0.9036967023734509,0.4116407610584919,0.3408301713892058,583.0,54.0,0.09262435677530018,54,126,0.9077985931564791,323,150,104,84,42,data\synthetic\seed_42\human_annotations_majority_annotation.csv,data\synthetic\seed_42\annotation\sample_manifest.json,False
A3_feedback_propagasi,all,0.5507436509244319,0.9814814814814815,0.46296296296296297,0.6296296296296297,0.48891704034371586,0.1484593837535014,0.8933056619838229,0.4473186348473246,0.35485028650670286,750.0,54.0,0.072,54,126,0.9077985931564791,323,150,104,84,42,data\synthetic\seed_42\human_annotations_majority_annotation.csv,data\synthetic\seed_42\annotation\sample_manifest.json,False
A3_feedback_propagasi,entity,0.6451333390693624,0.9629629629629629,0.5555555555555556,0.6851851851851852,0.5385961587765157,0.19771863117870722,0.8991808443604286,0.3714936761192316,0.3035492586609264,583.0,54.0,0.09262435677530018,55,106,0.9123235993855701,323,150,104,84,42,data\synthetic\seed_42\human_annotations_majority_annotation.csv,data\synthetic\seed_42\annotation\sample_manifest.json,False
A3_feedback_propagasi,all,0.5564162975840282,0.9629629629629629,0.5,0.6296296296296297,0.5163816132895263,0.1609907120743034,0.891044061302682,0.40603857693153744,0.3166546548868281,750.0,54.0,0.072,55,106,0.9123235993855701,323,150,104,84,42,data\synthetic\seed_42\human_annotations_majority_annotation.csv,data\synthetic\seed_42\annotation\sample_manifest.json,False
A3_feedback_propagasi,entity,0.6453854282936815,0.9444444444444444,0.5740740740740741,0.6851851851851852,0.5157247695819248,0.18345323741007194,0.8897640551704823,0.3839274776213296,0.3104588295179321,583.0,54.0,0.09262435677530018,56,67,0.9107003440151535,323,150,104,84,42,data\synthetic\seed_42\human_annotations_majority_annotation.csv,data\synthetic\seed_42\annotation\sample_manifest.json,False
A3_feedback_propagasi,all,0.5851468211276865,0.9444444444444444,0.5,0.6296296296296297,0.5019424821659544,0.15223880597014924,0.8848180076628352,0.4212791521140995,0.3237334956521012,750.0,54.0,0.072,56,67,0.9107003440151535,323,150,104,84,42,data\synthetic\seed_42\human_annotations_majority_annotation.csv,data\synthetic\seed_42\annotation\sample_manifest.json,False
A3_feedback_propagasi,entity,0.6115289235964473,0.9444444444444444,0.5185185185185185,0.6481481481481481,0.5268152587875382,0.1895910780669145,0.8921095008051529,0.38710232619052404,0.292093231295571,583.0,54.0,0.09262435677530018,57,49,0.8939822352376536,323,150,104,84,42,data\synthetic\seed_42\human_annotations_majority_annotation.csv,data\synthetic\seed_42\annotation\sample_manifest.json,False
A3_feedback_propagasi,all,0.5412052696168852,0.9444444444444444,0.46296296296296297,0.5925925925925926,0.5073759206752515,0.15501519756838905,0.8856694338016177,0.4319470188276222,0.31581976589433736,750.0,54.0,0.072,57,49,0.8939822352376536,323,150,104,84,42,data\synthetic\seed_42\human_annotations_majority_annotation.csv,data\synthetic\seed_42\annotation\sample_manifest.json,False
A3_feedback_propagasi,entity,0.6527761458055138,0.8888888888888888,0.5555555555555556,0.6851851851851852,0.5509932014277392,0.200836820083682,0.9029615626969124,0.3290386162894208,0.2693377190893134,583.0,54.0,0.09262435677530018,58,111,0.9073517108270335,323,150,104,84,42,data\synthetic\seed_42\human_annotations_majority_annotation.csv,data\synthetic\seed_42\annotation\sample_manifest.json,False
A3_feedback_propagasi,all,0.5855822617778114,0.8888888888888888,0.48148148148148145,0.6296296296296297,0.5332001179283913,0.16608996539792387,0.898201362281822,0.36739621440602543,0.2818198903278898,750.0,54.0,0.072,58,111,0.9073517108270335,323,150,104,84,42,data\synthetic\seed_42\human_annotations_majority_annotation.csv,data\synthetic\seed_42\annotation\sample_manifest.json,False
A3_feedback_propagasi,entity,0.6974612530869155,0.9259259259259259,0.5925925925925926,0.7592592592592593,0.5486647657591366,0.20161290322580644,0.9119932787229574,0.3478405224880248,0.28942507334143486,583.0,54.0,0.09262435677530018,59,129,0.9130362208747179,323,150,104,84,42,data\synthetic\seed_42\human_annotations_majority_annotation.csv,data\synthetic\seed_42\annotation\sample_manifest.json,False
A3_feedback_propagasi,all,0.6197345336142186,0.9259259259259259,0.5,0.6296296296296297,0.5267050846794313,0.16447368421052633,0.9047866113239678,0.3736960700255222,0.2982589255429751,750.0,54.0,0.072,59,129,0.9130362208747179,323,150,104,84,42,data\synthetic\seed_42\human_annotations_majority_annotation.csv,data\synthetic\seed_42\annotation\sample_manifest.json,False
A3_feedback_propagasi,entity,0.6149412820347134,0.9074074074074074,0.5,0.6481481481481481,0.5542813455657493,0.20416666666666666,0.8869285164181195,0.3270285256293053,0.2538689419650829,583.0,54.0,0.09262435677530018,60,83,0.907289185164305,323,150,104,84,42,data\synthetic\seed_42\human_annotations_majority_annotation.csv,data\synthetic\seed_42\annotation\sample_manifest.json,False
A3_feedback_propagasi,all,0.5079127066137372,0.9074074074074074,0.46296296296296297,0.5925925925925926,0.4976790913572897,0.14759036144578314,0.8657673478075776,0.39107704263700477,0.2926800424504192,750.0,54.0,0.072,60,83,0.907289185164305,323,150,104,84,42,data\synthetic\seed_42\human_annotations_majority_annotation.csv,data\synthetic\seed_42\annotation\sample_manifest.json,False
A3_feedback_propagasi,entity,0.685263797371866,0.9629629629629629,0.5925925925925926,0.7222222222222222,0.5211715541726215,0.18772563176895307,0.9092277532731219,0.3820520813469448,0.31315592648729607,583.0,54.0,0.09262435677530018,61,113,0.9062182836397366,323,150,104,84,42,data\synthetic\seed_42\human_annotations_majority_annotation.csv,data\synthetic\seed_42\annotation\sample_manifest.json,False
A3_feedback_propagasi,all,0.6069671483965363,0.9629629629629629,0.48148148148148145,0.6851851851851852,0.5045045045045045,0.15476190476190477,0.9021924223073648,0.4272457272601314,0.33273567077654587,750.0,54.0,0.072,61,113,0.9062182836397366,323,150,104,84,42,data\synthetic\seed_42\human_annotations_majority_annotation.csv,data\synthetic\seed_42\annotation\sample_manifest.json,False
