seed,model,epoch,loss,val_auprc_weak
42,rgcn,1,0.832771360874176,0.7693483046108462
42,rgcn,2,1.284067153930664,0.7750439938565561
42,rgcn,3,0.6872342228889465,0.7670158349620855
42,rgcn,4,0.55949866771698,0.7621967826603343
42,rgcn,5,0.5687286257743835,0.7644136392216465
42,rgcn,6,0.5819921493530273,0.775505174685791
42,rgcn,7,0.5810157656669617,0.7799461000016937
42,rgcn,8,0.5742594599723816,0.7832453231931834
42,rgcn,9,0.55052649974823,0.7827780909251313
42,rgcn,10,0.5455774664878845,0.7821640909738713
42,rgcn,11,0.5298284888267517,0.781679970262716
42,rgcn,12,0.5210947394371033,0.7807999947821053
42,rgcn,13,0.506680965423584,0.7798865828133491
42,rgcn,14,0.4946184456348419,0.7796787325088377
42,rgcn,15,0.48630958795547485,0.7809649019185058
42,rgcn,16,0.4854761064052582,0.7810735060647221
42,rgcn,17,0.48485028743743896,0.7833551836879207
42,rgcn,18,0.47159335017204285,0.7854218925724302
42,rgcn,19,0.45399391651153564,0.7832231892250989
42,rgcn,20,0.45713767409324646,0.7834376055285196
42,rgcn,21,0.4483610689640045,0.7882005283610082
42,rgcn,22,0.44481557607650757,0.7940669591430839
42,rgcn,23,0.4293184280395508,0.8055483738208473
42,rgcn,24,0.4291825592517853,0.8129641824820614
42,rgcn,25,0.43620508909225464,0.8165641615358612
42,rgcn,26,0.4116312265396118,0.8196104083109695
42,rgcn,27,0.41364485025405884,0.8223048955853911
42,rgcn,28,0.4071666896343231,0.8276814460496275
42,rgcn,29,0.404416024684906,0.8314156873105911
42,rgcn,30,0.40322285890579224,0.8357869751190717
42,rgcn,31,0.38158220052719116,0.8427411809583368
42,rgcn,32,0.39472800493240356,0.849317455069863
42,rgcn,33,0.3864000737667084,0.8545957638201996
42,rgcn,34,0.3782344460487366,0.8568034714424068
42,rgcn,35,0.3745943307876587,0.85752285244594
42,rgcn,36,0.37296003103256226,0.858500670149697
42,rgcn,37,0.3662588596343994,0.8597640674274767
42,rgcn,38,0.36548542976379395,0.8622512109175031
42,rgcn,39,0.3644793629646301,0.8653595405028387
42,rgcn,40,0.3548652231693268,0.8674909367890429
42,rgcn,41,0.3418888747692108,0.8687322639928401
42,rgcn,42,0.3414616584777832,0.8683878479878021
42,rgcn,43,0.3449428975582123,0.8683065062841114
42,rgcn,44,0.34665393829345703,0.8697117699045699
42,rgcn,45,0.33952370285987854,0.8718528865545759
42,rgcn,46,0.33105167746543884,0.8730366794711912
42,rgcn,47,0.3265116810798645,0.8739849521287346
42,rgcn,48,0.31398922204971313,0.874685138173979
42,rgcn,49,0.33547332882881165,0.8747503896522779
42,rgcn,50,0.30802157521247864,0.8754292164922964
42,rgcn,51,0.31165972352027893,0.8779539192774022
42,rgcn,52,0.3041766881942749,0.8807086671306353
42,rgcn,53,0.30930498242378235,0.8818012657797134
42,rgcn,54,0.3117154538631439,0.8804525854524485
42,rgcn,55,0.3199349045753479,0.881374320232253
42,rgcn,56,0.31473129987716675,0.884059881513362
42,rgcn,57,0.28976619243621826,0.8878345397857254
42,rgcn,58,0.30215081572532654,0.8888804343212199
42,rgcn,59,0.2995707392692566,0.8905231227106781
42,rgcn,60,0.29031819105148315,0.8907893226328742
42,rgcn,61,0.29789191484451294,0.8909757462132383
42,rgcn,62,0.2868511974811554,0.8915797682370327
42,rgcn,63,0.29091814160346985,0.8931784372948834
42,rgcn,64,0.2823668420314789,0.8943279955193585
42,rgcn,65,0.27834275364875793,0.8940680149201093
42,rgcn,66,0.27954575419425964,0.8939263440614738
42,rgcn,67,0.2807639241218567,0.8947098871901243
42,rgcn,68,0.27954331040382385,0.8959519863014417
42,rgcn,69,0.2663637399673462,0.8972810424505581
42,rgcn,70,0.2686302363872528,0.8978734623538103
42,rgcn,71,0.2538815438747406,0.8998389507326626
42,rgcn,72,0.2739705443382263,0.9013423518132202
42,rgcn,73,0.26695725321769714,0.9014766587863109
42,rgcn,74,0.2743705213069916,0.8987324583332026
42,rgcn,75,0.2666110098361969,0.8992040648498952
42,rgcn,76,0.24581599235534668,0.9029557870383301
42,rgcn,77,0.25253650546073914,0.9052403691190999
42,rgcn,78,0.25127288699150085,0.905554984213885
42,rgcn,79,0.25777527689933777,0.9061737562680455
42,rgcn,80,0.24244920909404755,0.9033664700015701
42,rgcn,81,0.24198229610919952,0.9013921678378266
42,rgcn,82,0.25353357195854187,0.9039137845108749
42,rgcn,83,0.2408321052789688,0.9062091370459163
42,rgcn,84,0.2386956661939621,0.9069897648923384
42,rgcn,85,0.23781242966651917,0.9071595783329669
42,rgcn,86,0.22900691628456116,0.905671812809809
42,rgcn,87,0.21582604944705963,0.9065308068407477
42,rgcn,88,0.2348550409078598,0.9112078137883366
42,rgcn,89,0.2263755351305008,0.9116824294556332
42,rgcn,90,0.23804619908332825,0.9123304436192148
42,rgcn,91,0.22375203669071198,0.9100587285211149
42,rgcn,92,0.23052392899990082,0.9086259395008632
42,rgcn,93,0.22770240902900696,0.9089023812170813
42,rgcn,94,0.23019815981388092,0.9124572998007966
42,rgcn,95,0.23224538564682007,0.9109406140191774
42,rgcn,96,0.22838328778743744,0.9119555562785138
42,rgcn,97,0.23782776296138763,0.9121083875849738
42,rgcn,98,0.21560633182525635,0.9077271259612993
42,rgcn,99,0.21717695891857147,0.912575769310251
42,rgcn,100,0.22040195763111115,0.9162267939436519
42,rgcn,101,0.21059904992580414,0.9152705724939573
42,rgcn,102,0.2290296107530594,0.9144254559418962
42,rgcn,103,0.22320200502872467,0.9130952147144089
42,rgcn,104,0.21461184322834015,0.9084208105591143
42,rgcn,105,0.19930057227611542,0.9084659589397328
42,rgcn,106,0.2224978804588318,0.9139473945484424
42,rgcn,107,0.2158041000366211,0.9161315387898628
42,rgcn,108,0.21646660566329956,0.9158744030453734
42,rgcn,109,0.2174697369337082,0.9168159502137104
42,rgcn,110,0.20141121745109558,0.9163167402224126
42,rgcn,111,0.20027810335159302,0.9157283008369512
42,rgcn,112,0.20049849152565002,0.9158124306102664
42,rgcn,113,0.1910455971956253,0.9163340916039939
42,rgcn,114,0.2037001997232437,0.9190455020509155
42,rgcn,115,0.19127662479877472,0.9180710623925179
42,rgcn,116,0.198300302028656,0.9163724003842326
42,rgcn,117,0.19999444484710693,0.917273932490981
42,rgcn,118,0.20153746008872986,0.9168305331740608
42,rgcn,119,0.1959596425294876,0.9163651644720002
42,rgcn,120,0.2125522792339325,0.916003446785775
42,rgcn,121,0.18570177257061005,0.9156003700340005
42,rgcn,122,0.17643782496452332,0.913704029374925
42,rgcn,123,0.18881770968437195,0.915416313057825
42,rgcn,124,0.2039954662322998,0.916902002930065
42,rgcn,125,0.1996210366487503,0.9194624297115775
42,rgcn,126,0.18516609072685242,0.9200548303249781
42,rgcn,127,0.18329007923603058,0.9185358764635969
42,rgcn,128,0.17525629699230194,0.9165693020608441
42,rgcn,129,0.17475783824920654,0.9160865189163172
42,rgcn,130,0.20289579033851624,0.9163943785125329
42,rgcn,131,0.19149525463581085,0.9149104974115398
42,rgcn,132,0.18419469892978668,0.9152298402582912
42,rgcn,133,0.17415796220302582,0.916921479982942
42,rgcn,134,0.18163590133190155,0.9153136340466699
42,rgcn,135,0.2018980234861374,0.9130100460081403
42,rgcn,136,0.19834183156490326,0.9147748594052673
42,rgcn,137,0.1791006475687027,0.9160284432659762
42,rgcn,138,0.19384266436100006,0.9169976724579163
42,rgcn,139,0.1907247006893158,0.9152833035337844
42,rgcn,140,0.18592728674411774,0.9140055203300749
42,rgcn,141,0.17830078303813934,0.9114013870832851
42,rgcn,142,0.18610574305057526,0.9104693011380233
42,rgcn,143,0.18165622651576996,0.9119864226064243
42,rgcn,144,0.17584678530693054,0.9146795538712592
42,rgcn,145,0.17602203786373138,0.9168012694859649
42,rgcn,146,0.1823386549949646,0.9172867665785115
42,rgcn,147,0.1727534979581833,0.9172397066944287
42,rgcn,148,0.173173189163208,0.9174928508258086
42,rgcn,149,0.17198561131954193,0.9182158331310266
42,rgcn,150,0.17196495831012726,0.918876883194079
42,rgcn,151,0.17450805008411407,0.9189126354468714
42,rgcn,152,0.18573375046253204,0.9193540294729184
42,rgcn,153,0.16047115623950958,0.9201171009340845
42,rgcn,154,0.15702787041664124,0.9209988108132966
42,rgcn,155,0.16412889957427979,0.9215698897984483
42,rgcn,156,0.17761275172233582,0.9203239465021245
42,rgcn,157,0.15570469200611115,0.9183973485116705
42,rgcn,158,0.16145797073841095,0.916745867541522
42,rgcn,159,0.16874846816062927,0.9189628638838859
42,rgcn,160,0.15823350846767426,0.9211506858051435
42,rgcn,161,0.15283550322055817,0.9228874380654006
42,rgcn,162,0.16737109422683716,0.9220492368686253
42,rgcn,163,0.1590431034564972,0.9190688182896155
42,rgcn,164,0.16015826165676117,0.9181319639995651
42,rgcn,165,0.1636146903038025,0.9188205132806835
42,rgcn,166,0.16213072836399078,0.9202079795312753
42,rgcn,167,0.15502801537513733,0.9199468306670123
42,rgcn,168,0.17371203005313873,0.9190966662624933
42,rgcn,169,0.15898267924785614,0.9181690841201304
42,rgcn,170,0.18088966608047485,0.9167214932771066
42,rgcn,171,0.1609540432691574,0.9155564835713982
42,rgcn,172,0.18050095438957214,0.9173977575862845
42,rgcn,173,0.16384245455265045,0.9183825558169338
42,rgcn,174,0.16655750572681427,0.9148239903784664
42,rgcn,175,0.15550944209098816,0.9132364541852559
42,rgcn,176,0.1592036634683609,0.9170653547863058
42,rgcn,177,0.15245148539543152,0.9156657539148682
42,rgcn,178,0.17421065270900726,0.9173307900013355
42,rgcn,179,0.1501019448041916,0.9160274280387637
42,rgcn,180,0.14366289973258972,0.9138477383467672
42,rgcn,181,0.14373494684696198,0.9196241290214809
42,rgcn,182,0.1540713757276535,0.9222774508183765
42,rgcn,183,0.14706532657146454,0.9228776472710827
42,rgcn,184,0.16122108697891235,0.9230658400449678
42,rgcn,185,0.1472471058368683,0.9229711585325054
42,rgcn,186,0.1483244001865387,0.9210536501806896
42,rgcn,187,0.14570964872837067,0.9200962052806098
42,rgcn,188,0.146931454539299,0.91813734787459
42,rgcn,189,0.14437046647071838,0.9150806629753224
42,rgcn,190,0.14626175165176392,0.9137593420083875
42,rgcn,191,0.13569289445877075,0.9141746553169587
42,rgcn,192,0.14940598607063293,0.914782274801191
42,rgcn,193,0.14842085540294647,0.9149630341913148
42,rgcn,194,0.1514432579278946,0.9145200159574584
42,rgcn,195,0.151175394654274,0.9130861844192488
42,rgcn,196,0.14902527630329132,0.9152871553714006
42,rgcn,197,0.15948963165283203,0.9172371566101095
42,rgcn,198,0.13845261931419373,0.9178522152843874
42,rgcn,199,0.1471066176891327,0.9169910217437305
42,rgcn,200,0.14373818039894104,0.9153088026515914
42,mlp,1,0.6896273493766785,0.5983209793711137
42,mlp,2,0.6655716896057129,0.6041392962488423
42,mlp,3,0.6483374834060669,0.6125152989253444
42,mlp,4,0.6386632323265076,0.6219067279686672
42,mlp,5,0.6344365477561951,0.635385765024616
42,mlp,6,0.6260631680488586,0.6537665351477804
42,mlp,7,0.6145848631858826,0.6705151402015415
42,mlp,8,0.6178852319717407,0.6878837960775563
42,mlp,9,0.6096706986427307,0.7038238314927219
42,mlp,10,0.5976772308349609,0.7140526558456447
42,mlp,11,0.5900869965553284,0.7193526257400382
42,mlp,12,0.5959694385528564,0.719231878616427
42,mlp,13,0.5922237634658813,0.7235273783381211
42,mlp,14,0.5894965529441833,0.7270926456204319
42,mlp,15,0.5769745707511902,0.7284511970726009
42,mlp,16,0.5710077881813049,0.7288129047157594
42,mlp,17,0.5771628022193909,0.7295475693105596
42,mlp,18,0.5725146532058716,0.7292099142484068
42,mlp,19,0.5766538381576538,0.7293956522563748
42,mlp,20,0.5758616328239441,0.7291659555721757
42,mlp,21,0.5737333297729492,0.7293740447243761
42,mlp,22,0.5726875066757202,0.7302858785112598
42,mlp,23,0.5724278092384338,0.7308212808861487
42,mlp,24,0.5640938878059387,0.7313389798491053
42,mlp,25,0.5649299025535583,0.7311755198670997
42,mlp,26,0.5653019547462463,0.7305464298729067
42,mlp,27,0.5589489936828613,0.7304677790493145
42,mlp,28,0.5588154196739197,0.7305546858118648
42,mlp,29,0.562105119228363,0.7316358039953369
42,mlp,30,0.5551509261131287,0.7316501381589314
42,mlp,31,0.5571973323822021,0.7335698887664042
42,mlp,32,0.5541261434555054,0.7347841773912092
42,mlp,33,0.5599693655967712,0.7365003946042514
42,mlp,34,0.5546689629554749,0.7385957168710856
42,mlp,35,0.5463569164276123,0.7398520345418209
42,mlp,36,0.5406957864761353,0.7414038544969452
42,mlp,37,0.5518309473991394,0.743950468855239
42,mlp,38,0.548249363899231,0.7454267724233973
42,mlp,39,0.5524952411651611,0.7470744970792812
42,mlp,40,0.5598284006118774,0.7478498336695448
42,mlp,41,0.5435760021209717,0.7478483701571211
42,mlp,42,0.5440090298652649,0.7472689401917305
42,mlp,43,0.5473071932792664,0.7466913284412526
42,mlp,44,0.5478577017784119,0.7463931185082235
42,mlp,45,0.5478103160858154,0.7460422625537617
42,mlp,46,0.5379718542098999,0.7468419815126466
42,mlp,47,0.5386425256729126,0.7479977477551848
42,mlp,48,0.5385369658470154,0.7481257768972899
42,mlp,49,0.5379586815834045,0.7488633665475788
42,mlp,50,0.5410270094871521,0.7497690335473927
42,mlp,51,0.5373382568359375,0.7504516461647912
42,mlp,52,0.5309236645698547,0.7517120520685288
42,mlp,53,0.5426737666130066,0.7529611062515844
42,mlp,54,0.5346139669418335,0.7527147814620142
42,mlp,55,0.5355597138404846,0.7534013129472639
42,mlp,56,0.5341571569442749,0.7534658105778519
42,mlp,57,0.5302579998970032,0.7528950319707883
42,mlp,58,0.5340526700019836,0.7519107032450476
42,mlp,59,0.5309128165245056,0.7506313209433578
42,mlp,60,0.5338115692138672,0.7504166229380113
42,mlp,61,0.5263454914093018,0.7495043854375856
42,mlp,62,0.5256527066230774,0.7491712158673033
42,mlp,63,0.5278074145317078,0.7495130703188966
42,mlp,64,0.5266706943511963,0.7502836842186992
42,mlp,65,0.5242850184440613,0.7509060510259884
42,mlp,66,0.529968798160553,0.7518932722792961
42,mlp,67,0.5258912444114685,0.7507589025224068
42,mlp,68,0.5233389735221863,0.7495227148519092
42,mlp,69,0.5183996558189392,0.7480605185925003
42,mlp,70,0.5238558650016785,0.7465508026517386
42,mlp,71,0.521991491317749,0.7458836941248711
42,mlp,72,0.5247524976730347,0.7463926657582616
42,mlp,73,0.5255646109580994,0.7461403060981039
42,mlp,74,0.5186097025871277,0.7462395624172401
42,mlp,75,0.5144569873809814,0.7469617527053009
42,mlp,76,0.5257720947265625,0.7475772908204311
42,mlp,77,0.5217107534408569,0.7491356184452068
42,mlp,78,0.5234818458557129,0.7512601325452284
42,mlp,79,0.5230922102928162,0.7509917361336912
42,mlp,80,0.5196973085403442,0.7503304848460277
42,mlp,81,0.5103942155838013,0.7498526378675773
42,mlp,82,0.5185068249702454,0.7490482060076754
42,mlp,83,0.5184188485145569,0.7483850157480484
42,mlp,84,0.5129501223564148,0.7500628810694309
42,mlp,85,0.5179962515830994,0.749174008184677
42,mlp,86,0.5185784101486206,0.749173220063814
42,gcn_homogeneous,1,0.7138702869415283,0.6479801970386542
42,gcn_homogeneous,2,0.8072177171707153,0.7137460856918681
42,gcn_homogeneous,3,0.6720044612884521,0.7333839768382125
42,gcn_homogeneous,4,0.6646916270256042,0.7452078352868166
42,gcn_homogeneous,5,0.6783828735351562,0.7637471376818813
42,gcn_homogeneous,6,0.6578373312950134,0.7772382662950569
42,gcn_homogeneous,7,0.6372120380401611,0.7820597469015682
42,gcn_homogeneous,8,0.6187340021133423,0.7901562017226358
42,gcn_homogeneous,9,0.6053409576416016,0.8023378562910105
42,gcn_homogeneous,10,0.568489134311676,0.811807700850573
42,gcn_homogeneous,11,0.546108067035675,0.8177309932730273
42,gcn_homogeneous,12,0.5128049254417419,0.8228277921716656
42,gcn_homogeneous,13,0.48796018958091736,0.8263872895660973
42,gcn_homogeneous,14,0.49637094140052795,0.8296475155273891
42,gcn_homogeneous,15,0.4772253632545471,0.8332722271870389
42,gcn_homogeneous,16,0.47105956077575684,0.8363071648314678
42,gcn_homogeneous,17,0.46894386410713196,0.837617931896683
42,gcn_homogeneous,18,0.46286842226982117,0.8392839514694569
42,gcn_homogeneous,19,0.4472546875476837,0.8418193674471964
42,gcn_homogeneous,20,0.4361138641834259,0.8450979631166067
42,gcn_homogeneous,21,0.44009730219841003,0.848278647813727
42,gcn_homogeneous,22,0.43926048278808594,0.8500319825087266
42,gcn_homogeneous,23,0.44617652893066406,0.8523659711910871
42,gcn_homogeneous,24,0.4291611611843109,0.8542932271965388
42,gcn_homogeneous,25,0.43013980984687805,0.8560027073626928
42,gcn_homogeneous,26,0.4167388081550598,0.857867802408846
42,gcn_homogeneous,27,0.4055216312408447,0.8588298456618866
42,gcn_homogeneous,28,0.40451815724372864,0.8599615672868122
42,gcn_homogeneous,29,0.39815497398376465,0.8609462986119402
42,gcn_homogeneous,30,0.4022289514541626,0.8628452301207654
42,gcn_homogeneous,31,0.4039853513240814,0.8641542597180313
42,gcn_homogeneous,32,0.39729973673820496,0.8662008741406169
42,gcn_homogeneous,33,0.3888906240463257,0.8673501407444385
42,gcn_homogeneous,34,0.3807053864002228,0.8687119234802074
42,gcn_homogeneous,35,0.384734183549881,0.8695453536212037
42,gcn_homogeneous,36,0.3743673861026764,0.8696929763945924
42,gcn_homogeneous,37,0.38468366861343384,0.8704681288479479
42,gcn_homogeneous,38,0.3898480236530304,0.8717350656234386
42,gcn_homogeneous,39,0.371513694524765,0.8733059375026314
42,gcn_homogeneous,40,0.36900749802589417,0.8736982259044844
42,gcn_homogeneous,41,0.3744008541107178,0.8746591214493827
42,gcn_homogeneous,42,0.37087857723236084,0.875091057834219
42,gcn_homogeneous,43,0.3578808903694153,0.8763774348906475
42,gcn_homogeneous,44,0.3531709611415863,0.8777182281245679
42,gcn_homogeneous,45,0.3627830743789673,0.8787824166944792
42,gcn_homogeneous,46,0.3599788248538971,0.8791061016416979
42,gcn_homogeneous,47,0.3667728900909424,0.8800188906821139
42,gcn_homogeneous,48,0.3640325665473938,0.8812706509105344
42,gcn_homogeneous,49,0.35745593905448914,0.8824591804301111
42,gcn_homogeneous,50,0.352539598941803,0.883764014116047
42,gcn_homogeneous,51,0.36812031269073486,0.8839435648207871
42,gcn_homogeneous,52,0.35870903730392456,0.884051442973599
42,gcn_homogeneous,53,0.34132760763168335,0.8849572569802361
42,gcn_homogeneous,54,0.34067216515541077,0.8859841761971539
42,gcn_homogeneous,55,0.3553961217403412,0.8870123054487318
42,gcn_homogeneous,56,0.34730398654937744,0.8878314206877163
42,gcn_homogeneous,57,0.3447369337081909,0.8883101703810935
42,gcn_homogeneous,58,0.34818604588508606,0.8893008818233377
42,gcn_homogeneous,59,0.36132606863975525,0.8915773586691998
42,gcn_homogeneous,60,0.3279610872268677,0.8935071160956995
42,gcn_homogeneous,61,0.34471654891967773,0.8934107777179621
42,gcn_homogeneous,62,0.33338817954063416,0.8919358212956825
42,gcn_homogeneous,63,0.3398455083370209,0.8904748279965107
42,gcn_homogeneous,64,0.3352811932563782,0.891845085612706
42,gcn_homogeneous,65,0.3384473919868469,0.892487670046617
42,gcn_homogeneous,66,0.33598873019218445,0.8913438397090039
42,gcn_homogeneous,67,0.33133912086486816,0.890412795441463
42,gcn_homogeneous,68,0.3366568088531494,0.8905502109463501
42,gcn_homogeneous,69,0.3286324441432953,0.8916646256248963
42,gcn_homogeneous,70,0.3387526869773865,0.8921656879288361
42,gcn_homogeneous,71,0.3379859924316406,0.8924415563186423
42,gcn_homogeneous,72,0.32711178064346313,0.8932283181894319
42,gcn_homogeneous,73,0.3319510519504547,0.8942526503453935
42,gcn_homogeneous,74,0.32011884450912476,0.8951585559636993
42,gcn_homogeneous,75,0.3251520097255707,0.8949058938642116
42,gcn_homogeneous,76,0.32191532850265503,0.8946883605295904
42,gcn_homogeneous,77,0.31523510813713074,0.8950389093109811
42,gcn_homogeneous,78,0.33554574847221375,0.8956590299653585
42,gcn_homogeneous,79,0.31082770228385925,0.8962775644780696
42,gcn_homogeneous,80,0.3078196942806244,0.8969290710338271
42,gcn_homogeneous,81,0.31258487701416016,0.8972026386042825
42,gcn_homogeneous,82,0.3123372495174408,0.8982077672482232
42,gcn_homogeneous,83,0.31414735317230225,0.8985831164347092
42,gcn_homogeneous,84,0.31002897024154663,0.8972280668720984
42,gcn_homogeneous,85,0.31789630651474,0.8965889722751212
42,gcn_homogeneous,86,0.310356080532074,0.8966593478624083
42,gcn_homogeneous,87,0.3130350410938263,0.8956490825377849
42,gcn_homogeneous,88,0.30851754546165466,0.8948603237430262
42,gcn_homogeneous,89,0.32427939772605896,0.8940156085472589
42,gcn_homogeneous,90,0.3291323781013489,0.8954968910735452
42,gcn_homogeneous,91,0.31407663226127625,0.8957869549660005
42,gcn_homogeneous,92,0.3014228343963623,0.8959411862410965
42,gcn_homogeneous,93,0.3128788471221924,0.8972623346477441
42,gcn_homogeneous,94,0.30774009227752686,0.8978362175146262
42,gcn_homogeneous,95,0.31692299246788025,0.8981971603916787
42,gcn_homogeneous,96,0.3007669150829315,0.898513938906917
42,gcn_homogeneous,97,0.30233055353164673,0.8990524809672579
42,gcn_homogeneous,98,0.314119815826416,0.8999079250590313
42,gcn_homogeneous,99,0.30808335542678833,0.9007888544716196
42,gcn_homogeneous,100,0.29136285185813904,0.9014461701844055
42,gcn_homogeneous,101,0.30129820108413696,0.9018214031474885
42,gcn_homogeneous,102,0.29966020584106445,0.9025806801846238
42,gcn_homogeneous,103,0.2992699146270752,0.9031214817035231
42,gcn_homogeneous,104,0.29106754064559937,0.9035573554894842
42,gcn_homogeneous,105,0.30080023407936096,0.9042180453342663
42,gcn_homogeneous,106,0.3006465435028076,0.9035361616494886
42,gcn_homogeneous,107,0.3027696907520294,0.903208246809637
42,gcn_homogeneous,108,0.2801840305328369,0.9030426483249855
42,gcn_homogeneous,109,0.3021329343318939,0.901384653405719
42,gcn_homogeneous,110,0.3163648843765259,0.9018502217453088
42,gcn_homogeneous,111,0.2998346984386444,0.9013804902307765
42,gcn_homogeneous,112,0.323885440826416,0.9018519359426498
42,gcn_homogeneous,113,0.2835689187049866,0.9010562013827386
42,gcn_homogeneous,114,0.31115013360977173,0.9020584766725772
42,gcn_homogeneous,115,0.2914879322052002,0.9022720291410078
42,gcn_homogeneous,116,0.2933982312679291,0.9019585408250861
42,gcn_homogeneous,117,0.29699745774269104,0.9015167427787296
42,gcn_homogeneous,118,0.3052870035171509,0.8996450746633611
42,gcn_homogeneous,119,0.3018680214881897,0.9003424950808978
42,gcn_homogeneous,120,0.28834769129753113,0.8990454271464275
42,gcn_homogeneous,121,0.3027362525463104,0.9000445824508608
42,gcn_homogeneous,122,0.2835591435432434,0.8989317002000333
42,gcn_homogeneous,123,0.29086604714393616,0.8997773170309169
42,gcn_homogeneous,124,0.2837991416454315,0.9007223505470782
42,gcn_homogeneous,125,0.29645007848739624,0.9007673745239256
42,gcn_homogeneous,126,0.29369795322418213,0.8997590997628007
42,gcn_homogeneous,127,0.30970990657806396,0.9001935593364534
42,gcn_homogeneous,128,0.29186180233955383,0.9017420483940602
42,gcn_homogeneous,129,0.29232490062713623,0.9024270936064966
42,gcn_homogeneous,130,0.2859654724597931,0.9019116152023524
42,gcn_homogeneous,131,0.26748403906822205,0.9008256363414465
42,gcn_homogeneous,132,0.28415271639823914,0.9026717506930655
42,gcn_homogeneous,133,0.2746869623661041,0.902532530426715
42,gcn_homogeneous,134,0.27538955211639404,0.9026659150887741
42,gcn_homogeneous,135,0.27460071444511414,0.9027033265716806
43,rgcn,1,0.7626606225967407,0.8242353588960208
43,rgcn,2,0.6083162426948547,0.8187806289731652
43,rgcn,3,0.5577518343925476,0.8525491671785219
43,rgcn,4,0.49219009280204773,0.8684573175872778
43,rgcn,5,0.4985426366329193,0.8823990535320143
43,rgcn,6,0.475505530834198,0.895384348477143
43,rgcn,7,0.44145187735557556,0.904727391961885
43,rgcn,8,0.43477535247802734,0.9117149704638743
43,rgcn,9,0.41020143032073975,0.9164294607602905
43,rgcn,10,0.4144863188266754,0.91956224962696
43,rgcn,11,0.4027695059776306,0.9243677162890547
43,rgcn,12,0.3854776620864868,0.9273385702408129
43,rgcn,13,0.3597230911254883,0.9304260328979576
43,rgcn,14,0.3784322440624237,0.9315008085729107
43,rgcn,15,0.3649499714374542,0.9335849993865026
43,rgcn,16,0.3584829568862915,0.9368424079746492
43,rgcn,17,0.35383346676826477,0.936859120072165
43,rgcn,18,0.3481213450431824,0.9354808589225205
43,rgcn,19,0.3357682526111603,0.9337734841555023
43,rgcn,20,0.3361639678478241,0.9332473790601296
43,rgcn,21,0.333010733127594,0.9338825066909847
43,rgcn,22,0.3239053785800934,0.9340510249993728
43,rgcn,23,0.3272119164466858,0.9350124612555706
43,rgcn,24,0.3160041570663452,0.9349234692222043
43,rgcn,25,0.30472248792648315,0.9343238595769157
43,rgcn,26,0.3062496483325958,0.9350827130815229
43,rgcn,27,0.30380335450172424,0.9371546801251371
43,rgcn,28,0.29130688309669495,0.9383486256277368
43,rgcn,29,0.29140952229499817,0.9390594627806372
43,rgcn,30,0.2912467420101166,0.939559108624759
43,rgcn,31,0.28708136081695557,0.9401712487373087
43,rgcn,32,0.2866256535053253,0.9415063648122634
43,rgcn,33,0.2655712366104126,0.9434331221302916
43,rgcn,34,0.2742805480957031,0.9433185449978664
43,rgcn,35,0.2644123435020447,0.94402605306
43,rgcn,36,0.2724619209766388,0.9439816159249791
43,rgcn,37,0.26661211252212524,0.9452535093666982
43,rgcn,38,0.25559741258621216,0.9455817220048044
43,rgcn,39,0.2503221035003662,0.9455518314049156
43,rgcn,40,0.25038954615592957,0.94631877735825
43,rgcn,41,0.24149899184703827,0.9471297339524231
43,rgcn,42,0.24482470750808716,0.9481476660333332
43,rgcn,43,0.2527996599674225,0.9482118611471652
43,rgcn,44,0.24212706089019775,0.9480230840860269
43,rgcn,45,0.22675728797912598,0.9475864664761197
43,rgcn,46,0.23840031027793884,0.9477172276970504
43,rgcn,47,0.23221689462661743,0.9476864102086
43,rgcn,48,0.22103917598724365,0.9470689506053642
43,rgcn,49,0.23245909810066223,0.9468137839392493
43,rgcn,50,0.22662118077278137,0.9482979280884775
43,rgcn,51,0.21345895528793335,0.949036061968675
43,rgcn,52,0.21589212119579315,0.9490650995212783
43,rgcn,53,0.21200545132160187,0.9494601658173641
43,rgcn,54,0.21487709879875183,0.9507949918608943
43,rgcn,55,0.20743787288665771,0.9509010715344923
43,rgcn,56,0.22193245589733124,0.9512074196758902
43,rgcn,57,0.22117391228675842,0.9515782561988926
43,rgcn,58,0.2036941945552826,0.9520776642198012
43,rgcn,59,0.21404606103897095,0.9519580848844781
43,rgcn,60,0.19632141292095184,0.9522772036499434
43,rgcn,61,0.206073597073555,0.9525240076367228
43,rgcn,62,0.1989821344614029,0.9524790153504878
43,rgcn,63,0.19193784892559052,0.9524004333187578
43,rgcn,64,0.20024189352989197,0.9518932904927074
43,rgcn,65,0.20056776702404022,0.9518723969566686
43,rgcn,66,0.18537457287311554,0.9527456121784266
43,rgcn,67,0.18837909400463104,0.9536352345733545
43,rgcn,68,0.18480117619037628,0.953522088684367
43,rgcn,69,0.18104320764541626,0.9530294053743105
43,rgcn,70,0.18778662383556366,0.9527399092855909
43,rgcn,71,0.1837490200996399,0.9514927712679875
43,rgcn,72,0.17870524525642395,0.9507839093553788
43,rgcn,73,0.17855900526046753,0.9509891961248638
43,rgcn,74,0.16425688564777374,0.9513008367051656
43,rgcn,75,0.1635582447052002,0.9509265814896046
43,rgcn,76,0.1722903698682785,0.9525409805678113
43,rgcn,77,0.1766137033700943,0.9520693790191058
43,rgcn,78,0.16959284245967865,0.9504179078877175
43,rgcn,79,0.17459815740585327,0.9517043822957815
43,rgcn,80,0.1585724949836731,0.9522108592101344
43,rgcn,81,0.16494522988796234,0.9531023253186813
43,rgcn,82,0.1708545833826065,0.9538163413790308
43,rgcn,83,0.16396406292915344,0.9513572092511278
43,rgcn,84,0.16618001461029053,0.9533283205212228
43,rgcn,85,0.1676611602306366,0.9539561459314743
43,rgcn,86,0.15656916797161102,0.9524798341986942
43,rgcn,87,0.16605371236801147,0.9517082303231864
43,rgcn,88,0.14583903551101685,0.9505910359598297
43,rgcn,89,0.1455433964729309,0.9487255016525544
43,rgcn,90,0.15403491258621216,0.9500293494608008
43,rgcn,91,0.14277659356594086,0.9494488781083271
43,rgcn,92,0.15531861782073975,0.9497559301001746
43,rgcn,93,0.15644776821136475,0.9484655633635309
43,rgcn,94,0.14015540480613708,0.9485783253544444
43,rgcn,95,0.14423994719982147,0.9490094580302084
43,rgcn,96,0.13975346088409424,0.9499103489909462
43,rgcn,97,0.1498689502477646,0.9497059551750153
43,rgcn,98,0.15017031133174896,0.9514257695786693
43,rgcn,99,0.1425020843744278,0.9528071366322828
43,rgcn,100,0.13948671519756317,0.9524516779067349
43,rgcn,101,0.12734413146972656,0.9519653551859197
43,rgcn,102,0.137782022356987,0.9526971091986008
43,rgcn,103,0.1450144499540329,0.9525583426423485
43,rgcn,104,0.150408536195755,0.9500614419206175
43,rgcn,105,0.15938648581504822,0.9491303170436373
43,rgcn,106,0.13264594972133636,0.9507495694100847
43,rgcn,107,0.1354934722185135,0.951509969410985
43,rgcn,108,0.13317833840847015,0.9509891486745368
43,rgcn,109,0.140092134475708,0.9509207575093902
43,rgcn,110,0.13275574147701263,0.9507108758557242
43,rgcn,111,0.1264764666557312,0.9503481526122399
43,rgcn,112,0.12634028494358063,0.9504236440073608
43,rgcn,113,0.1179162785410881,0.951070038756437
43,rgcn,114,0.11962925642728806,0.9522114999061456
43,rgcn,115,0.1276712268590927,0.9522221951098737
43,mlp,1,0.7016993761062622,0.6202320123017993
43,mlp,2,0.6823925375938416,0.6440064222102777
43,mlp,3,0.6689328551292419,0.654454611764976
43,mlp,4,0.6575264930725098,0.6637460811243925
43,mlp,5,0.6522306799888611,0.6729608359618315
43,mlp,6,0.6422881484031677,0.6834884563052902
43,mlp,7,0.6384474635124207,0.6939766024297149
43,mlp,8,0.6282187104225159,0.7072117925765637
43,mlp,9,0.6204994916915894,0.7226352307535802
43,mlp,10,0.6193568110466003,0.7347544319485143
43,mlp,11,0.6028933525085449,0.7475879706205828
43,mlp,12,0.6004164218902588,0.757135797988088
43,mlp,13,0.5983152389526367,0.7646423941473397
43,mlp,14,0.5967803001403809,0.7702819570523414
43,mlp,15,0.5874455571174622,0.775007802692115
43,mlp,16,0.5835723280906677,0.7792175421210397
43,mlp,17,0.5813069343566895,0.7829767692776985
43,mlp,18,0.5780137777328491,0.7868033689291027
43,mlp,19,0.5766343474388123,0.7898844798127931
43,mlp,20,0.580389678478241,0.7926199655603325
43,mlp,21,0.5622973442077637,0.7950568203490892
43,mlp,22,0.5662712454795837,0.796756604542935
43,mlp,23,0.5681737065315247,0.7978474856495751
43,mlp,24,0.5604314804077148,0.7998069180853906
43,mlp,25,0.5664271116256714,0.8013155628405408
43,mlp,26,0.5596693754196167,0.8027306693209382
43,mlp,27,0.5594781637191772,0.8043616896348722
43,mlp,28,0.5625522136688232,0.8067354237361212
43,mlp,29,0.5495851635932922,0.808411809941185
43,mlp,30,0.5468679070472717,0.8102208415500243
43,mlp,31,0.5492393374443054,0.8118999873377684
43,mlp,32,0.5462441444396973,0.8122038315991127
43,mlp,33,0.5474633574485779,0.8135100038405092
43,mlp,34,0.551337718963623,0.8146360726950129
43,mlp,35,0.5456447005271912,0.8151263982449731
43,mlp,36,0.5470148921012878,0.8162368914977487
43,mlp,37,0.5367485284805298,0.8170115746471338
43,mlp,38,0.5445495843887329,0.8176022802809899
43,mlp,39,0.5422491431236267,0.8176070426780719
43,mlp,40,0.5360892415046692,0.8174914886327284
43,mlp,41,0.5393769145011902,0.8175162085730852
43,mlp,42,0.5386166572570801,0.8177326141970608
43,mlp,43,0.5403560996055603,0.8175975300096093
43,mlp,44,0.5359229445457458,0.8179968094871197
43,mlp,45,0.5375924706459045,0.8186210519090351
43,mlp,46,0.5462520718574524,0.8185312243542212
43,mlp,47,0.5329902768135071,0.8195654387822429
43,mlp,48,0.5362027287483215,0.8203894967196413
43,mlp,49,0.5346101522445679,0.8206207241006844
43,mlp,50,0.530963659286499,0.8207884008855612
43,mlp,51,0.526440441608429,0.8208895587228544
43,mlp,52,0.5345770120620728,0.8204703547551526
43,mlp,53,0.5274368524551392,0.820439288960157
43,mlp,54,0.526737630367279,0.8206541181170228
43,mlp,55,0.5320304036140442,0.8209698486189868
43,mlp,56,0.529083251953125,0.8210213081702478
43,mlp,57,0.5251555442810059,0.8217060819022632
43,mlp,58,0.5308101773262024,0.8218233489452825
43,mlp,59,0.5274946093559265,0.8225175787514493
43,mlp,60,0.5336588025093079,0.8229056958378516
43,mlp,61,0.5249437093734741,0.823496979208141
43,mlp,62,0.5224641561508179,0.8243188789932324
43,mlp,63,0.5310256481170654,0.8241653006420229
43,mlp,64,0.5294380784034729,0.8235102030062889
43,mlp,65,0.5259923934936523,0.8222185794065834
43,mlp,66,0.5249755382537842,0.82207591849847
43,mlp,67,0.5266018509864807,0.8229450907027043
43,mlp,68,0.5240445733070374,0.8253955356861422
43,mlp,69,0.5230157971382141,0.8273625887065243
43,mlp,70,0.5270527601242065,0.8287076002208515
43,mlp,71,0.5219889283180237,0.8290010878562288
43,mlp,72,0.5237106084823608,0.8294580749237999
43,mlp,73,0.5258197784423828,0.8299968340048772
43,mlp,74,0.5183268785476685,0.8299475390441284
43,mlp,75,0.5173138976097107,0.8302454401639128
43,mlp,76,0.5260421633720398,0.8303229619576349
43,mlp,77,0.5229753851890564,0.8298880900424326
43,mlp,78,0.5220882892608643,0.8300264734549877
43,mlp,79,0.518065333366394,0.8299338518827203
43,mlp,80,0.5233463644981384,0.8299825503302085
43,mlp,81,0.5201009511947632,0.8308955501661438
43,mlp,82,0.520794689655304,0.8315693174410481
43,mlp,83,0.5158854126930237,0.8315448069994698
43,mlp,84,0.5193702578544617,0.8323965408296503
43,mlp,85,0.5192996859550476,0.8318777260481078
43,mlp,86,0.519199550151825,0.8313936334198817
43,mlp,87,0.515040934085846,0.8307214115146737
43,mlp,88,0.520172119140625,0.8300518920717763
43,mlp,89,0.5123686194419861,0.8305175699219882
43,mlp,90,0.5199929475784302,0.8304331981264631
43,mlp,91,0.5112385749816895,0.8315643620319404
43,mlp,92,0.5158801674842834,0.8315992846966955
43,mlp,93,0.5128498673439026,0.8330101747707728
43,mlp,94,0.5140095949172974,0.8343825447069027
43,mlp,95,0.5177392959594727,0.834919583188193
43,mlp,96,0.5184192657470703,0.8342704092574666
43,mlp,97,0.5082154870033264,0.833939507769859
43,mlp,98,0.5157154202461243,0.8350864860472418
43,mlp,99,0.5135177969932556,0.8367277677518177
43,mlp,100,0.515414297580719,0.8370248790453123
43,mlp,101,0.5140824913978577,0.835472352623164
43,mlp,102,0.5138100385665894,0.8346769281386488
43,mlp,103,0.5145758390426636,0.8345817344882518
43,mlp,104,0.5116003155708313,0.8348280132121931
43,mlp,105,0.5085921883583069,0.8347974608636004
43,mlp,106,0.5074829459190369,0.8343320334475043
43,mlp,107,0.5134311318397522,0.8342456110411591
43,mlp,108,0.5093464851379395,0.8348936723632454
43,mlp,109,0.5083013772964478,0.8367931329793088
43,mlp,110,0.5082048773765564,0.8387172595825112
43,mlp,111,0.512466311454773,0.8399823863908007
43,mlp,112,0.5213353037834167,0.839975587111512
43,mlp,113,0.5071418285369873,0.8399196090184279
43,mlp,114,0.5164386630058289,0.8395267135257887
43,mlp,115,0.5134894847869873,0.83965964195481
43,mlp,116,0.5077024102210999,0.8401726208556743
43,mlp,117,0.5149617195129395,0.8391751839093393
43,mlp,118,0.5103863477706909,0.8394695099295092
43,mlp,119,0.5153846740722656,0.8398088112019433
43,mlp,120,0.5088772177696228,0.839143196791704
43,mlp,121,0.5088376402854919,0.8391729988962952
43,mlp,122,0.5086514353752136,0.8381360868597639
43,mlp,123,0.5146263241767883,0.8372155499204983
43,mlp,124,0.5086949467658997,0.8374340397421751
43,mlp,125,0.5100510716438293,0.8383137408822549
43,mlp,126,0.5038940906524658,0.8386356904720406
43,mlp,127,0.5053000450134277,0.8389328937315734
43,mlp,128,0.5022715330123901,0.8381006717820683
43,mlp,129,0.5121290683746338,0.8376907217816798
43,mlp,130,0.5128470659255981,0.8369958909332886
43,mlp,131,0.510109543800354,0.8369752947016573
43,mlp,132,0.510770320892334,0.8374162598545789
43,mlp,133,0.5096345543861389,0.8369498681657301
43,mlp,134,0.5019294619560242,0.836445540349921
43,mlp,135,0.5052742958068848,0.8364469515123916
43,mlp,136,0.5105723142623901,0.8360449024072065
43,mlp,137,0.5059333443641663,0.8364057782087658
43,mlp,138,0.5100558996200562,0.8367286585683638
43,mlp,139,0.5015813112258911,0.8378413169830619
43,mlp,140,0.5001088380813599,0.8379511640646188
43,mlp,141,0.4992867112159729,0.8386774650123374
43,mlp,142,0.5011587738990784,0.8386175694815231
43,mlp,143,0.5052079558372498,0.8399447904627569
43,mlp,144,0.5047491788864136,0.8406109196329663
43,mlp,145,0.49785536527633667,0.8400497788259611
43,mlp,146,0.505814254283905,0.8397961889881218
43,mlp,147,0.5079329609870911,0.8390222966968492
43,mlp,148,0.5080432891845703,0.8397537320677069
43,mlp,149,0.5036719441413879,0.8409083078859074
43,mlp,150,0.4966495931148529,0.8411140073399206
43,mlp,151,0.5089617371559143,0.8414280392085836
43,mlp,152,0.5018426775932312,0.8409909078555055
43,mlp,153,0.5080586671829224,0.8418012237180367
43,mlp,154,0.5059874653816223,0.8428775832458659
43,mlp,155,0.5015734434127808,0.8430799851147724
43,mlp,156,0.50545334815979,0.8425380107401228
43,mlp,157,0.5054219961166382,0.8404563928228528
43,mlp,158,0.501562237739563,0.8407739181190232
43,mlp,159,0.5038486123085022,0.8415844585226835
43,mlp,160,0.5004778504371643,0.8422389434919194
43,mlp,161,0.5058499574661255,0.8414200323922668
43,mlp,162,0.497866153717041,0.8409037927999286
43,mlp,163,0.5043759942054749,0.8405352532296582
43,mlp,164,0.5006307363510132,0.8406286495971163
43,mlp,165,0.5020429491996765,0.8397752559346596
43,mlp,166,0.49984633922576904,0.8401988623457243
43,mlp,167,0.5005916357040405,0.8399620309015489
43,mlp,168,0.5029151439666748,0.8405446450796115
43,mlp,169,0.5120713114738464,0.8421077847623546
43,mlp,170,0.5045022964477539,0.8426808925403877
43,mlp,171,0.5042550563812256,0.8419436963075381
43,mlp,172,0.49995991587638855,0.8412999982283919
43,mlp,173,0.5052064061164856,0.8412635251759327
43,mlp,174,0.5075936317443848,0.8410475184655501
43,mlp,175,0.5033504962921143,0.8407958503508278
43,mlp,176,0.50806725025177,0.8401500116061361
43,mlp,177,0.502863883972168,0.8401778122232446
43,mlp,178,0.508857250213623,0.8408748562073144
43,mlp,179,0.5041891932487488,0.8403634742325137
43,mlp,180,0.4970499575138092,0.8405554011116505
43,mlp,181,0.5031324625015259,0.8399270670730823
43,mlp,182,0.49988508224487305,0.8400472779311563
43,mlp,183,0.4992825388908386,0.8412068472972047
43,mlp,184,0.4980623424053192,0.8418887618841303
43,mlp,185,0.5048536062240601,0.8421544605060788
43,gcn_homogeneous,1,0.6981847286224365,0.8505997388298573
43,gcn_homogeneous,2,0.6480192542076111,0.8613108643737021
43,gcn_homogeneous,3,0.6151600480079651,0.8710454595493731
43,gcn_homogeneous,4,0.5627498030662537,0.8788607293739097
43,gcn_homogeneous,5,0.5156712532043457,0.8836472644510698
43,gcn_homogeneous,6,0.5014360547065735,0.8906223929777997
43,gcn_homogeneous,7,0.47466063499450684,0.8971954596617836
43,gcn_homogeneous,8,0.4784798324108124,0.90204387663365
43,gcn_homogeneous,9,0.48100656270980835,0.9076570879770622
43,gcn_homogeneous,10,0.4257570803165436,0.9117388488822413
43,gcn_homogeneous,11,0.4217113256454468,0.9157076167151339
43,gcn_homogeneous,12,0.41411086916923523,0.9175275543281102
43,gcn_homogeneous,13,0.43134647607803345,0.9194440132044205
43,gcn_homogeneous,14,0.4097011387348175,0.9213520885957523
43,gcn_homogeneous,15,0.3967248797416687,0.9229599614545663
43,gcn_homogeneous,16,0.40651342272758484,0.9239204560964008
43,gcn_homogeneous,17,0.3900702893733978,0.9244631429087187
43,gcn_homogeneous,18,0.393661230802536,0.9251420994729618
43,gcn_homogeneous,19,0.38530856370925903,0.9257594474513695
43,gcn_homogeneous,20,0.3781902492046356,0.9264796983349085
43,gcn_homogeneous,21,0.3791075050830841,0.9260968950140436
43,gcn_homogeneous,22,0.37189438939094543,0.9252004588733695
43,gcn_homogeneous,23,0.3669825792312622,0.9256743075791274
43,gcn_homogeneous,24,0.37080004811286926,0.9259998162322184
43,gcn_homogeneous,25,0.36217889189720154,0.9254294635071143
43,gcn_homogeneous,26,0.3616138994693756,0.9248198977697619
43,gcn_homogeneous,27,0.3639051914215088,0.924098430218582
43,gcn_homogeneous,28,0.35553649067878723,0.9239381665200087
43,gcn_homogeneous,29,0.36060312390327454,0.9247219171982256
43,gcn_homogeneous,30,0.3532062768936157,0.9250282640477616
43,gcn_homogeneous,31,0.34766772389411926,0.9247591264327562
43,gcn_homogeneous,32,0.34672632813453674,0.9250406876480279
43,gcn_homogeneous,33,0.34963467717170715,0.9256402546993581
43,gcn_homogeneous,34,0.34343796968460083,0.925503750156791
43,gcn_homogeneous,35,0.3470759987831116,0.9248483857093359
43,gcn_homogeneous,36,0.3402884602546692,0.9249634173534673
43,gcn_homogeneous,37,0.3421037197113037,0.9251522639020221
43,gcn_homogeneous,38,0.34473633766174316,0.9252863799330555
43,gcn_homogeneous,39,0.33138084411621094,0.9249129567898504
43,gcn_homogeneous,40,0.33585748076438904,0.9251686171485104
43,gcn_homogeneous,41,0.32045701146125793,0.9250763079723354
43,gcn_homogeneous,42,0.3319339454174042,0.9253371167131025
43,gcn_homogeneous,43,0.33350178599357605,0.9249208946639882
43,gcn_homogeneous,44,0.32980430126190186,0.9254675719038992
43,gcn_homogeneous,45,0.32033711671829224,0.9257609640791833
43,gcn_homogeneous,46,0.32724282145500183,0.9252152540169508
43,gcn_homogeneous,47,0.3284473419189453,0.9253467970547535
43,gcn_homogeneous,48,0.32200464606285095,0.9253853266415308
43,gcn_homogeneous,49,0.3116172254085541,0.9254073231604768
43,gcn_homogeneous,50,0.3145521879196167,0.9255055387212068
44,rgcn,1,0.8191193342208862,0.5681240707904466
44,rgcn,2,0.8252106308937073,0.6415821110155437
44,rgcn,3,0.628871738910675,0.7005616747192422
44,rgcn,4,0.5585015416145325,0.7189049930975492
44,rgcn,5,0.5486999750137329,0.7244006994033023
44,rgcn,6,0.5477892756462097,0.7249600316919176
44,rgcn,7,0.5414929389953613,0.7228015401794841
44,rgcn,8,0.5362080335617065,0.7224350107402021
44,rgcn,9,0.5255571603775024,0.7225730465661877
44,rgcn,10,0.5204717516899109,0.7234549730046393
44,rgcn,11,0.5093316435813904,0.722527183788596
44,rgcn,12,0.5111662745475769,0.7230184254685442
44,rgcn,13,0.5101913213729858,0.7227595232411665
44,rgcn,14,0.49185335636138916,0.7272125338878171
44,rgcn,15,0.48361513018608093,0.7319762032958164
44,rgcn,16,0.4721287190914154,0.7403932573500129
44,rgcn,17,0.4673558473587036,0.7495002747193122
44,rgcn,18,0.4550570845603943,0.7565519895991668
44,rgcn,19,0.44430798292160034,0.7612452987669213
44,rgcn,20,0.43567559123039246,0.7687333417189449
44,rgcn,21,0.41974398493766785,0.7764452153220185
44,rgcn,22,0.4235542416572571,0.7776762856902328
44,rgcn,23,0.41431283950805664,0.7841368321070783
44,rgcn,24,0.4020773470401764,0.788164734235558
44,rgcn,25,0.4018140435218811,0.7903367271209838
44,rgcn,26,0.38210126757621765,0.7944445046705133
44,rgcn,27,0.388742059469223,0.8005836243352228
44,rgcn,28,0.3738676905632019,0.8001860215645081
44,rgcn,29,0.3774847686290741,0.8016179134405268
44,rgcn,30,0.38693615794181824,0.8048341322635825
44,rgcn,31,0.3639248013496399,0.8080725520521521
44,rgcn,32,0.365006685256958,0.8095543378455956
44,rgcn,33,0.36192893981933594,0.8105276397413111
44,rgcn,34,0.3535996377468109,0.8118074809150904
44,rgcn,35,0.3506036102771759,0.8141599292072403
44,rgcn,36,0.34648561477661133,0.8163648771879881
44,rgcn,37,0.33498314023017883,0.8185576629080804
44,rgcn,38,0.32589876651763916,0.8211910619680449
44,rgcn,39,0.3267446756362915,0.8222577854120159
44,rgcn,40,0.32979509234428406,0.8245175897333279
44,rgcn,41,0.33852025866508484,0.8263801490273652
44,rgcn,42,0.32411888241767883,0.8289070642863232
44,rgcn,43,0.3397952914237976,0.8296224907375043
44,rgcn,44,0.3002890646457672,0.8303265077897849
44,rgcn,45,0.3110939860343933,0.8290941112517002
44,rgcn,46,0.2958916127681732,0.8270249732417986
44,rgcn,47,0.31860414147377014,0.8274002815604222
44,rgcn,48,0.31498414278030396,0.8301885143855401
44,rgcn,49,0.2958206832408905,0.8296302178091381
44,rgcn,50,0.304170161485672,0.8295103875280561
44,rgcn,51,0.3014501929283142,0.8309945686151864
44,rgcn,52,0.29140472412109375,0.8331909077564368
44,rgcn,53,0.3022211790084839,0.8366455881611915
44,rgcn,54,0.29008984565734863,0.8360079269824091
44,rgcn,55,0.2879602611064911,0.8372119178327071
44,rgcn,56,0.27742642164230347,0.8395048749406929
44,rgcn,57,0.28448235988616943,0.840083765812828
44,rgcn,58,0.2752368450164795,0.8418331047294912
44,rgcn,59,0.2689920961856842,0.8443506571542744
44,rgcn,60,0.25808030366897583,0.8438891127604505
44,rgcn,61,0.261383980512619,0.8448917813384331
44,rgcn,62,0.2635554373264313,0.8462549344037484
44,rgcn,63,0.24198570847511292,0.8464134270861929
44,rgcn,64,0.24845442175865173,0.8467558324497046
44,rgcn,65,0.24436628818511963,0.8476777684805407
44,rgcn,66,0.28054261207580566,0.8480241243873841
44,rgcn,67,0.2442329227924347,0.8475108477767702
44,rgcn,68,0.2495548576116562,0.8473540295635857
44,rgcn,69,0.23511449992656708,0.8456980041270987
44,rgcn,70,0.2384384572505951,0.8455205796470915
44,rgcn,71,0.24493096768856049,0.8452520790781731
44,rgcn,72,0.25174036622047424,0.8453478375357071
44,rgcn,73,0.24518150091171265,0.8457351951378409
44,rgcn,74,0.27039635181427,0.8477677987098092
44,rgcn,75,0.24522678554058075,0.8468423785265153
44,rgcn,76,0.23133139312267303,0.8461016002022439
44,rgcn,77,0.2243390530347824,0.8462807085203337
44,rgcn,78,0.22275564074516296,0.8445781352063216
44,rgcn,79,0.2161094844341278,0.8432448938705406
44,rgcn,80,0.2311975061893463,0.8439168600618715
44,rgcn,81,0.2202288955450058,0.8429133901738042
44,rgcn,82,0.23056568205356598,0.8443725224868625
44,rgcn,83,0.2226487398147583,0.844886610876986
44,rgcn,84,0.22116783261299133,0.847840778390816
44,rgcn,85,0.20267535746097565,0.8508698426266731
44,rgcn,86,0.21426177024841309,0.8528230151210718
44,rgcn,87,0.20396101474761963,0.8555312324178425
44,rgcn,88,0.20433343946933746,0.8590392237387736
44,rgcn,89,0.19600200653076172,0.8573054812595374
44,rgcn,90,0.20054492354393005,0.8560425178317514
44,rgcn,91,0.20128889381885529,0.8519502730944324
44,rgcn,92,0.21044117212295532,0.8483406517837524
44,rgcn,93,0.20003199577331543,0.8542868173819376
44,rgcn,94,0.19192226231098175,0.8533818262032016
44,rgcn,95,0.20323246717453003,0.8555125261741452
44,rgcn,96,0.19646234810352325,0.8594908935125383
44,rgcn,97,0.18606382608413696,0.8565945282407254
44,rgcn,98,0.21366672217845917,0.8602910084322211
44,rgcn,99,0.21914875507354736,0.8563244892959384
44,rgcn,100,0.21348132193088531,0.854704017988813
44,rgcn,101,0.1943022608757019,0.8515080148035841
44,rgcn,102,0.20464442670345306,0.8459348010708638
44,rgcn,103,0.18527032434940338,0.8432940548163272
44,rgcn,104,0.19831342995166779,0.844914064788631
44,rgcn,105,0.1870684176683426,0.8467432959702507
44,rgcn,106,0.21712873876094818,0.8457040613479629
44,rgcn,107,0.1800193190574646,0.8461920731521294
44,rgcn,108,0.19662822782993317,0.8454579807250884
44,rgcn,109,0.18257132172584534,0.8471542076611219
44,rgcn,110,0.19750547409057617,0.8509862772884041
44,rgcn,111,0.17425215244293213,0.8495828885763418
44,rgcn,112,0.19203108549118042,0.8456210284148117
44,rgcn,113,0.1956866979598999,0.8469150965325036
44,rgcn,114,0.18069511651992798,0.8436132914288564
44,rgcn,115,0.18996165692806244,0.8443006746325243
44,rgcn,116,0.17029720544815063,0.8471282235864896
44,rgcn,117,0.1747557818889618,0.8477722563290825
44,rgcn,118,0.17875801026821136,0.8489408924699176
44,rgcn,119,0.17937763035297394,0.8467142340423702
44,rgcn,120,0.15690985321998596,0.8403146363918905
44,rgcn,121,0.17082823812961578,0.8452029618725457
44,rgcn,122,0.16494078934192657,0.8497777221238456
44,rgcn,123,0.14958573877811432,0.8527796434619948
44,rgcn,124,0.18058350682258606,0.8536714807542263
44,rgcn,125,0.16390013694763184,0.8522634304450356
44,rgcn,126,0.1619182974100113,0.8519833818209013
44,rgcn,127,0.1653214991092682,0.8564684473491031
44,rgcn,128,0.16015364229679108,0.8579375256196483
44,mlp,1,0.693243682384491,0.52932392045884
44,mlp,2,0.6699390411376953,0.5463103303823249
44,mlp,3,0.6570503115653992,0.5654682540949927
44,mlp,4,0.6449507474899292,0.5898219660271613
44,mlp,5,0.6412718296051025,0.6090812902672536
44,mlp,6,0.6293268799781799,0.6353045804123153
44,mlp,7,0.6320496201515198,0.6611177409864599
44,mlp,8,0.6160690784454346,0.6793661133971718
44,mlp,9,0.6082181930541992,0.694553980176047
44,mlp,10,0.6070714592933655,0.702874598847358
44,mlp,11,0.6030704379081726,0.7056458002279025
44,mlp,12,0.5923458337783813,0.7081137824010401
44,mlp,13,0.5878303050994873,0.7089250544178343
44,mlp,14,0.5810304880142212,0.709828227477008
44,mlp,15,0.5788206458091736,0.7112964481394422
44,mlp,16,0.5699714422225952,0.712073395003906
44,mlp,17,0.5730509757995605,0.7132587220327569
44,mlp,18,0.571978747844696,0.7142529419103207
44,mlp,19,0.5744366645812988,0.7152153890987725
44,mlp,20,0.5750897526741028,0.7155922162489261
44,mlp,21,0.5740346908569336,0.7165813135445578
44,mlp,22,0.5650061964988708,0.7175877628566655
44,mlp,23,0.5706453919410706,0.7182801897454902
44,mlp,24,0.5586918592453003,0.7191145468343989
44,mlp,25,0.5647279620170593,0.7199752225518407
44,mlp,26,0.5587088465690613,0.719036670131781
44,mlp,27,0.5640487670898438,0.7183505686458778
44,mlp,28,0.5546789765357971,0.7189589550486031
44,mlp,29,0.5604825615882874,0.7191838134605036
44,mlp,30,0.5556497573852539,0.719917421321138
44,mlp,31,0.5534640550613403,0.7208301207650959
44,mlp,32,0.5479126572608948,0.7225987639299769
44,mlp,33,0.5531652569770813,0.724321563903112
44,mlp,34,0.5518001317977905,0.7252110521395412
44,mlp,35,0.5464026927947998,0.7242080292679914
44,mlp,36,0.5520938038825989,0.724083948354565
44,mlp,37,0.5417967438697815,0.7252825064542558
44,mlp,38,0.5506223440170288,0.7256577523328102
44,mlp,39,0.5439756512641907,0.7259138695779531
44,mlp,40,0.5431604981422424,0.726309774487066
44,mlp,41,0.5380327701568604,0.7278822414372148
44,mlp,42,0.5444391369819641,0.7281087473424996
44,mlp,43,0.5444492101669312,0.7293344596101632
44,mlp,44,0.5418441295623779,0.7296805908809205
44,mlp,45,0.5340641140937805,0.7299744479852769
44,mlp,46,0.5321233868598938,0.7300383176845051
44,mlp,47,0.5387996435165405,0.7291770547889609
44,mlp,48,0.5364081859588623,0.7289949476301527
44,mlp,49,0.5407242774963379,0.7293693549881325
44,mlp,50,0.5354081392288208,0.7299826313961557
44,mlp,51,0.5320509076118469,0.730432279859856
44,mlp,52,0.536453366279602,0.7309824164073593
44,mlp,53,0.5295304656028748,0.7308146179055443
44,mlp,54,0.5283632278442383,0.7310255548124276
44,mlp,55,0.537428081035614,0.7318257837112782
44,mlp,56,0.5243334174156189,0.7322478569865625
44,mlp,57,0.5250889658927917,0.7316456825657673
44,mlp,58,0.5274316668510437,0.7309383244995824
44,mlp,59,0.5265035033226013,0.7307022498426052
44,mlp,60,0.52628093957901,0.7306665656732134
44,mlp,61,0.5203311443328857,0.7299416574045189
44,mlp,62,0.5259945392608643,0.7300630681369172
44,mlp,63,0.5174165368080139,0.7299309126638105
44,mlp,64,0.5209264755249023,0.7303758872512428
44,mlp,65,0.5213319659233093,0.7300881265556961
44,mlp,66,0.5239835977554321,0.7304931232020008
44,mlp,67,0.5185137987136841,0.7303357146404286
44,mlp,68,0.527000367641449,0.7308041316317263
44,mlp,69,0.5217157602310181,0.7302898588503243
44,mlp,70,0.5231791138648987,0.7286298887928779
44,mlp,71,0.5261121392250061,0.7294987926173349
44,mlp,72,0.5157538056373596,0.730462591868825
44,mlp,73,0.5166065096855164,0.7312686031842897
44,mlp,74,0.5153241753578186,0.7296121964503173
44,mlp,75,0.5178032517433167,0.7287199106152386
44,mlp,76,0.5213937759399414,0.728020435251097
44,mlp,77,0.5234189033508301,0.7282143480002853
44,mlp,78,0.5272262692451477,0.7288311053599912
44,mlp,79,0.5185615420341492,0.7290002067304828
44,mlp,80,0.5203182697296143,0.7286463223674565
44,mlp,81,0.5284615159034729,0.7287298977817528
44,mlp,82,0.5169925689697266,0.7289453457332873
44,mlp,83,0.5196835398674011,0.7302019830911024
44,mlp,84,0.5127481818199158,0.7309107896944103
44,mlp,85,0.5179142355918884,0.7333016509298017
44,mlp,86,0.513670027256012,0.7344827892802941
44,mlp,87,0.5191872119903564,0.7353216077743077
44,mlp,88,0.5067756175994873,0.7351326481521159
44,mlp,89,0.5059286952018738,0.7353394651611022
44,mlp,90,0.512400209903717,0.7338963881090982
44,mlp,91,0.5184617042541504,0.7338282333979712
44,mlp,92,0.5129304528236389,0.7349052115485493
44,mlp,93,0.5219749808311462,0.7355594817996978
44,mlp,94,0.5083629488945007,0.7356114831590407
44,mlp,95,0.5191769003868103,0.7349745472722022
44,mlp,96,0.5108136534690857,0.7346107162317862
44,mlp,97,0.5161944627761841,0.7352779897753225
44,mlp,98,0.5144484639167786,0.7366906798782185
44,mlp,99,0.5145137906074524,0.7375184796833884
44,mlp,100,0.5151722431182861,0.7384964057660035
44,mlp,101,0.5154945850372314,0.7391141896872868
44,mlp,102,0.513114869594574,0.7394249536319888
44,mlp,103,0.5100552439689636,0.7406902206520272
44,mlp,104,0.5107868909835815,0.7408380323718732
44,mlp,105,0.5084743499755859,0.7410090238890553
44,mlp,106,0.5134523510932922,0.7415654767721734
44,mlp,107,0.5130980014801025,0.7415241967175881
44,mlp,108,0.5088590979576111,0.741011531992734
44,mlp,109,0.5111131072044373,0.7415848629763009
44,mlp,110,0.5090790390968323,0.7417489786880012
44,mlp,111,0.5037394165992737,0.7425008576156877
44,mlp,112,0.5130128264427185,0.7417806092508743
44,mlp,113,0.5140137076377869,0.7408839941651963
44,mlp,114,0.5038502216339111,0.7408121556926965
44,mlp,115,0.5092273354530334,0.7407831283035639
44,mlp,116,0.5060365796089172,0.7406822481617874
44,mlp,117,0.5073853731155396,0.7417599699274482
44,mlp,118,0.5071919560432434,0.7422550273627058
44,mlp,119,0.5101037621498108,0.742215487390667
44,mlp,120,0.5115776062011719,0.7423996970501158
44,mlp,121,0.5105983018875122,0.7415572044650501
44,mlp,122,0.5053078532218933,0.7405326586698115
44,mlp,123,0.5070221424102783,0.7394595917008725
44,mlp,124,0.507551372051239,0.7381165748460937
44,mlp,125,0.5115023255348206,0.7395182295494875
44,mlp,126,0.5072000622749329,0.7400260882483127
44,mlp,127,0.5092065930366516,0.7395056230806338
44,mlp,128,0.5044981241226196,0.7398035736585598
44,mlp,129,0.5046914219856262,0.7398326231789126
44,mlp,130,0.5079984068870544,0.7397044161827828
44,mlp,131,0.5122160911560059,0.7395963848837301
44,mlp,132,0.5139471292495728,0.7390171120651526
44,mlp,133,0.5064330697059631,0.7390460888532946
44,mlp,134,0.5062342882156372,0.7388197991892336
44,mlp,135,0.5079320073127747,0.7393429135015269
44,mlp,136,0.5075125694274902,0.7390866964732395
44,mlp,137,0.499380499124527,0.7393187849481925
44,mlp,138,0.49960076808929443,0.7396797401129165
44,mlp,139,0.5003436803817749,0.7397412702055552
44,mlp,140,0.507459819316864,0.7397751021356446
44,mlp,141,0.5068148970603943,0.7393950032455933
44,gcn_homogeneous,1,0.7181968688964844,0.4936135413871581
44,gcn_homogeneous,2,0.7412571907043457,0.7125334590453766
44,gcn_homogeneous,3,0.6643973588943481,0.7449591121858833
44,gcn_homogeneous,4,0.6660583019256592,0.7510448208327032
44,gcn_homogeneous,5,0.6560640931129456,0.7483115295261646
44,gcn_homogeneous,6,0.6319951415061951,0.7496225802735338
44,gcn_homogeneous,7,0.6045348644256592,0.7466197532684649
44,gcn_homogeneous,8,0.5772724151611328,0.7467105631625226
44,gcn_homogeneous,9,0.5505305528640747,0.7489829573047293
44,gcn_homogeneous,10,0.5197662711143494,0.7554163848084716
44,gcn_homogeneous,11,0.4873458445072174,0.7617086915947119
44,gcn_homogeneous,12,0.49632713198661804,0.7689025823567576
44,gcn_homogeneous,13,0.5076178908348083,0.7715774618786402
44,gcn_homogeneous,14,0.492206871509552,0.775047318949325
44,gcn_homogeneous,15,0.4784431457519531,0.7809788267091143
44,gcn_homogeneous,16,0.4555180072784424,0.7825720204733517
44,gcn_homogeneous,17,0.44212138652801514,0.784244543499579
44,gcn_homogeneous,18,0.43999335169792175,0.7869384126627297
44,gcn_homogeneous,19,0.44226720929145813,0.7895695617550957
44,gcn_homogeneous,20,0.43763941526412964,0.7921425600372832
44,gcn_homogeneous,21,0.432230144739151,0.7932191306025542
44,gcn_homogeneous,22,0.42007726430892944,0.7953521612843629
44,gcn_homogeneous,23,0.4230405390262604,0.7966005953946503
44,gcn_homogeneous,24,0.3959392309188843,0.7980633425120229
44,gcn_homogeneous,25,0.4089619517326355,0.7993827201780515
44,gcn_homogeneous,26,0.4094964861869812,0.8015728938936957
44,gcn_homogeneous,27,0.41650092601776123,0.8022347320413412
44,gcn_homogeneous,28,0.3968934118747711,0.802965085608571
44,gcn_homogeneous,29,0.4047223627567291,0.8056251477133731
44,gcn_homogeneous,30,0.3904676139354706,0.806124005636731
44,gcn_homogeneous,31,0.392959326505661,0.8059708648131825
44,gcn_homogeneous,32,0.38372546434402466,0.8073118893508954
44,gcn_homogeneous,33,0.38931798934936523,0.80772665160104
44,gcn_homogeneous,34,0.39036837220191956,0.8074513082470061
44,gcn_homogeneous,35,0.3835352957248688,0.8069284098169393
44,gcn_homogeneous,36,0.38101726770401,0.8074854992665631
44,gcn_homogeneous,37,0.37422436475753784,0.8079906820151719
44,gcn_homogeneous,38,0.38566461205482483,0.8083995589697235
44,gcn_homogeneous,39,0.3831981122493744,0.8084760859535636
44,gcn_homogeneous,40,0.3749539852142334,0.8089386993768639
44,gcn_homogeneous,41,0.3806423246860504,0.8100950419408188
44,gcn_homogeneous,42,0.3688577711582184,0.8109924593650301
44,gcn_homogeneous,43,0.37851259112358093,0.8121121197548028
44,gcn_homogeneous,44,0.3788245618343353,0.8134143761081511
44,gcn_homogeneous,45,0.36545616388320923,0.814117015894103
44,gcn_homogeneous,46,0.3848346769809723,0.8143203646664186
44,gcn_homogeneous,47,0.3643048107624054,0.815450718189045
44,gcn_homogeneous,48,0.36051279306411743,0.8160270200364406
44,gcn_homogeneous,49,0.3708152770996094,0.816130395131083
44,gcn_homogeneous,50,0.36952972412109375,0.8159997858165118
44,gcn_homogeneous,51,0.37634098529815674,0.8168670508793947
44,gcn_homogeneous,52,0.3645223081111908,0.8181312906237288
44,gcn_homogeneous,53,0.3619905412197113,0.8206123237330931
44,gcn_homogeneous,54,0.3629273772239685,0.8216792167697997
44,gcn_homogeneous,55,0.3706984519958496,0.819880525299512
44,gcn_homogeneous,56,0.3472205102443695,0.8192854297323244
44,gcn_homogeneous,57,0.37162309885025024,0.8218532415402718
44,gcn_homogeneous,58,0.3454364538192749,0.8230036685534302
44,gcn_homogeneous,59,0.3530345857143402,0.8232572156791549
44,gcn_homogeneous,60,0.35475555062294006,0.8220619433509597
44,gcn_homogeneous,61,0.3456357419490814,0.8221347958372761
44,gcn_homogeneous,62,0.3461907207965851,0.8237304725261353
44,gcn_homogeneous,63,0.34867361187934875,0.8258262339759852
44,gcn_homogeneous,64,0.3396725058555603,0.8268121061743229
44,gcn_homogeneous,65,0.35962772369384766,0.824828652908443
44,gcn_homogeneous,66,0.3406124711036682,0.8261385424666898
44,gcn_homogeneous,67,0.33789610862731934,0.8309672197201217
44,gcn_homogeneous,68,0.3337174654006958,0.833257608195802
44,gcn_homogeneous,69,0.35016265511512756,0.8300728629650983
44,gcn_homogeneous,70,0.3546862304210663,0.8270100210988517
44,gcn_homogeneous,71,0.3445862829685211,0.8283744186966084
44,gcn_homogeneous,72,0.33866778016090393,0.8328011400766522
44,gcn_homogeneous,73,0.33993440866470337,0.832726621743901
44,gcn_homogeneous,74,0.3427830636501312,0.8278786034231044
44,gcn_homogeneous,75,0.33533909916877747,0.825241744885832
44,gcn_homogeneous,76,0.3431849777698517,0.8297828557089627
44,gcn_homogeneous,77,0.3256723880767822,0.8314216125868388
44,gcn_homogeneous,78,0.32807955145835876,0.8312387221917854
44,gcn_homogeneous,79,0.3255139887332916,0.8289187906324825
44,gcn_homogeneous,80,0.3264886140823364,0.8263101746259298
44,gcn_homogeneous,81,0.3374926745891571,0.8286158567178792
44,gcn_homogeneous,82,0.31861793994903564,0.8328627755380721
44,gcn_homogeneous,83,0.32361900806427,0.8345602253708284
44,gcn_homogeneous,84,0.33155667781829834,0.8333764063997718
44,gcn_homogeneous,85,0.322154700756073,0.8335843330739802
44,gcn_homogeneous,86,0.31317606568336487,0.8377907928865419
44,gcn_homogeneous,87,0.31752416491508484,0.8386107731666249
44,gcn_homogeneous,88,0.31845617294311523,0.8385906456574995
44,gcn_homogeneous,89,0.31762993335723877,0.8348428884045318
44,gcn_homogeneous,90,0.30731672048568726,0.8366874786141609
44,gcn_homogeneous,91,0.3106970489025116,0.8373609162143572
44,gcn_homogeneous,92,0.31724756956100464,0.835496876244713
44,gcn_homogeneous,93,0.3122490644454956,0.8355563154740374
44,gcn_homogeneous,94,0.3020872175693512,0.8358622957189721
44,gcn_homogeneous,95,0.309300035238266,0.8354998950392225
44,gcn_homogeneous,96,0.3094216287136078,0.8361792384347868
44,gcn_homogeneous,97,0.3060678541660309,0.8365284259556819
44,gcn_homogeneous,98,0.30567681789398193,0.8373234837771779
44,gcn_homogeneous,99,0.30550190806388855,0.8377155704571528
44,gcn_homogeneous,100,0.31566140055656433,0.8370656182889352
44,gcn_homogeneous,101,0.30099332332611084,0.8374138520265654
44,gcn_homogeneous,102,0.3078885078430176,0.8376826311757755
44,gcn_homogeneous,103,0.3108001947402954,0.83532151807558
44,gcn_homogeneous,104,0.3090652823448181,0.8343948480612228
44,gcn_homogeneous,105,0.29847073554992676,0.8357721759729537
44,gcn_homogeneous,106,0.30000612139701843,0.8359075468199746
44,gcn_homogeneous,107,0.30304154753685,0.8350529223903591
44,gcn_homogeneous,108,0.2962516248226166,0.834450844407953
44,gcn_homogeneous,109,0.30787500739097595,0.8351673338629574
44,gcn_homogeneous,110,0.2884952127933502,0.8351428696426298
44,gcn_homogeneous,111,0.28482770919799805,0.8346339148872557
44,gcn_homogeneous,112,0.290482759475708,0.8344863608662572
44,gcn_homogeneous,113,0.29528695344924927,0.8344565416831241
44,gcn_homogeneous,114,0.2930944263935089,0.835616860614427
44,gcn_homogeneous,115,0.29630520939826965,0.8356535002652228
44,gcn_homogeneous,116,0.2841750383377075,0.8345259518947982
44,gcn_homogeneous,117,0.2998810112476349,0.8347107548863946
45,rgcn,1,0.7472540140151978,0.7539095573464826
45,rgcn,2,0.6380417943000793,0.7576604872691445
45,rgcn,3,0.6069578528404236,0.7946503675299926
45,rgcn,4,0.5238297581672668,0.8092777191305756
45,rgcn,5,0.5362929701805115,0.8114120776847624
45,rgcn,6,0.5250463485717773,0.8141786820964788
45,rgcn,7,0.4991986155509949,0.816791238372113
45,rgcn,8,0.4699191451072693,0.8213802072127151
45,rgcn,9,0.4505211114883423,0.8282015186544075
45,rgcn,10,0.4491446316242218,0.837935837578397
45,rgcn,11,0.4287281632423401,0.8480962173817597
45,rgcn,12,0.42099449038505554,0.8548546772324027
45,rgcn,13,0.4129396975040436,0.8582303357519427
45,rgcn,14,0.4109928011894226,0.8618461277345278
45,rgcn,15,0.39811044931411743,0.8660596979359746
45,rgcn,16,0.38060376048088074,0.8725335463399945
45,rgcn,17,0.38352635502815247,0.875810906079362
45,rgcn,18,0.37115010619163513,0.8785609195646572
45,rgcn,19,0.3666388988494873,0.8794130175592266
45,rgcn,20,0.3683469593524933,0.8771678683354844
45,rgcn,21,0.3591937720775604,0.8749331200395759
45,rgcn,22,0.35878220200538635,0.8756880524946824
45,rgcn,23,0.35092025995254517,0.8786754394839587
45,rgcn,24,0.3570987582206726,0.8824735515224679
45,rgcn,25,0.3451412618160248,0.8836231533147405
45,rgcn,26,0.3372817039489746,0.8844955663552985
45,rgcn,27,0.3329227864742279,0.8850673701319277
45,rgcn,28,0.3315166234970093,0.8866225751840737
45,rgcn,29,0.3266719579696655,0.8884043864430642
45,rgcn,30,0.33121857047080994,0.8872019808071726
45,rgcn,31,0.3171226680278778,0.8871359614902271
45,rgcn,32,0.3134698271751404,0.8876853221543748
45,rgcn,33,0.2985577881336212,0.890805655771495
45,rgcn,34,0.31142404675483704,0.8924734016253719
45,rgcn,35,0.29872986674308777,0.8927631367667496
45,rgcn,36,0.29871687293052673,0.8924323636070254
45,rgcn,37,0.3004922568798065,0.89179790293647
45,rgcn,38,0.28752371668815613,0.8921218128212954
45,rgcn,39,0.29529187083244324,0.893413298797536
45,rgcn,40,0.29256102442741394,0.8941442680227774
45,rgcn,41,0.2769746780395508,0.8960112747557853
45,rgcn,42,0.27071985602378845,0.8959086682067957
45,rgcn,43,0.2771435081958771,0.8970897858557052
45,rgcn,44,0.2791997492313385,0.8966123371083425
45,rgcn,45,0.26294660568237305,0.89542484026424
45,rgcn,46,0.2573438286781311,0.8955799281017005
45,rgcn,47,0.2630060911178589,0.8949707975415815
45,rgcn,48,0.28177979588508606,0.8968905091496399
45,rgcn,49,0.2599247694015503,0.8966666312071235
45,rgcn,50,0.2601793706417084,0.898349936106175
45,rgcn,51,0.26444491744041443,0.9000137986584403
45,rgcn,52,0.24275580048561096,0.9008004778027585
45,rgcn,53,0.2625746726989746,0.902429206030401
45,rgcn,54,0.2492983043193817,0.9040894657192544
45,rgcn,55,0.2534256875514984,0.9043544420849368
45,rgcn,56,0.23907627165317535,0.9045308862277681
45,rgcn,57,0.24213749170303345,0.904593582443863
45,rgcn,58,0.24010908603668213,0.90339085911752
45,rgcn,59,0.22066178917884827,0.9013753120374761
45,rgcn,60,0.21727284789085388,0.8993519440952781
45,rgcn,61,0.2395150512456894,0.8999826708344886
45,rgcn,62,0.2268766313791275,0.8995120419458948
45,rgcn,63,0.22396241128444672,0.8992274864945633
45,rgcn,64,0.20228099822998047,0.89856945586969
45,rgcn,65,0.23343634605407715,0.8978360458174653
45,rgcn,66,0.24442651867866516,0.8986000251168531
45,rgcn,67,0.22277617454528809,0.9023420474129973
45,rgcn,68,0.2176090031862259,0.9047893085104977
45,rgcn,69,0.2030787467956543,0.904497066555336
45,rgcn,70,0.2157488763332367,0.9066969866593151
45,rgcn,71,0.2000332921743393,0.9076378888014112
45,rgcn,72,0.2023949772119522,0.9092863368918964
45,rgcn,73,0.1969473958015442,0.9104094421791841
45,rgcn,74,0.20467796921730042,0.9116339569917583
45,rgcn,75,0.1894434243440628,0.9109545345527774
45,rgcn,76,0.20152346789836884,0.9120617987625825
45,rgcn,77,0.19913701713085175,0.9135724509544809
45,rgcn,78,0.1839006394147873,0.911845663498048
45,rgcn,79,0.21165482699871063,0.9129101190812965
45,rgcn,80,0.18970118463039398,0.9111289269179298
45,rgcn,81,0.1968173235654831,0.9092411117435398
45,rgcn,82,0.19473634660243988,0.9081295256184787
45,rgcn,83,0.19206634163856506,0.9064624143514457
45,rgcn,84,0.18447721004486084,0.9036843075027661
45,rgcn,85,0.18595919013023376,0.9050877164837839
45,rgcn,86,0.19712740182876587,0.9025565243112941
45,rgcn,87,0.17956800758838654,0.9029210147866784
45,rgcn,88,0.16439470648765564,0.9036015680730283
45,rgcn,89,0.17675839364528656,0.9008917829630467
45,rgcn,90,0.1875700056552887,0.8990039721781512
45,rgcn,91,0.18279482424259186,0.8994499316018347
45,rgcn,92,0.16381041705608368,0.899880150153344
45,rgcn,93,0.16812975704669952,0.9022503101851267
45,rgcn,94,0.1631685197353363,0.9022724394843807
45,rgcn,95,0.18250074982643127,0.9042285860942326
45,rgcn,96,0.16425509750843048,0.9047515419580172
45,rgcn,97,0.15340901911258698,0.9049199783982824
45,rgcn,98,0.1643521785736084,0.9045930327725327
45,rgcn,99,0.16492126882076263,0.9058400082817714
45,rgcn,100,0.16939395666122437,0.9055522538987943
45,rgcn,101,0.18592287600040436,0.9080951512305094
45,rgcn,102,0.17020389437675476,0.9061635869061132
45,rgcn,103,0.15886786580085754,0.9060366257149793
45,rgcn,104,0.18647056818008423,0.9063267486479799
45,rgcn,105,0.15938222408294678,0.9055427703567706
45,rgcn,106,0.1737106591463089,0.9059547598533908
45,rgcn,107,0.16883327066898346,0.90508026722323
45,mlp,1,0.7000485062599182,0.6179967139884893
45,mlp,2,0.6759740710258484,0.6271361206240593
45,mlp,3,0.6560688018798828,0.6347028702824983
45,mlp,4,0.6438462138175964,0.6436183656765629
45,mlp,5,0.6430386304855347,0.6568250340214379
45,mlp,6,0.6421492099761963,0.6740693832547837
45,mlp,7,0.620647668838501,0.6929005526638374
45,mlp,8,0.6151683926582336,0.7113942027718072
45,mlp,9,0.6178998947143555,0.728815353918131
45,mlp,10,0.6038353443145752,0.7434580571449045
45,mlp,11,0.6003565788269043,0.751509161205804
45,mlp,12,0.5834645628929138,0.7552657899295004
45,mlp,13,0.5893917679786682,0.7572490333408526
45,mlp,14,0.5817148089408875,0.7585298568332651
45,mlp,15,0.5797855854034424,0.7593951505734616
45,mlp,16,0.5683538913726807,0.7593364059428866
45,mlp,17,0.5683528184890747,0.7603378311737636
45,mlp,18,0.5632290840148926,0.7598230519723523
45,mlp,19,0.5625471472740173,0.7589429986374046
45,mlp,20,0.5639152526855469,0.7610683396901172
45,mlp,21,0.5549978017807007,0.7615749725025673
45,mlp,22,0.5615091323852539,0.7619875049437398
45,mlp,23,0.5614309310913086,0.7629213345095763
45,mlp,24,0.557805061340332,0.7634057441041575
45,mlp,25,0.5512351989746094,0.7644547963059694
45,mlp,26,0.5441813468933105,0.7648791582183073
45,mlp,27,0.5408117771148682,0.7658253909164119
45,mlp,28,0.5495810508728027,0.7675998552336293
45,mlp,29,0.5411303043365479,0.769350098202262
45,mlp,30,0.5537732243537903,0.77021775306849
45,mlp,31,0.5461755990982056,0.7705256981712849
45,mlp,32,0.532541036605835,0.7702301413239038
45,mlp,33,0.5291716456413269,0.7696761266533094
45,mlp,34,0.5335094928741455,0.7689473082938091
45,mlp,35,0.5310977101325989,0.7689513504142369
45,mlp,36,0.5272412896156311,0.7684592972248867
45,mlp,37,0.5344818234443665,0.7696235051147978
45,mlp,38,0.523790717124939,0.7701985876109763
45,mlp,39,0.5256837606430054,0.7705900045254407
45,mlp,40,0.5242968797683716,0.7708153556394702
45,mlp,41,0.530865490436554,0.7707667790208843
45,mlp,42,0.5325289964675903,0.7713986242937745
45,mlp,43,0.5263057351112366,0.7732015008101079
45,mlp,44,0.5204285979270935,0.7739578675083416
45,mlp,45,0.5289995074272156,0.7740490116324557
45,mlp,46,0.5142340064048767,0.7742233734315793
45,mlp,47,0.5224407911300659,0.7758964426935104
45,mlp,48,0.5120181441307068,0.7772006413565242
45,mlp,49,0.5177567005157471,0.7779353261769977
45,mlp,50,0.5151803493499756,0.778183404583114
45,mlp,51,0.5206572413444519,0.7792358141332592
45,mlp,52,0.5153778195381165,0.7790641438025321
45,mlp,53,0.5143720507621765,0.7795999983157706
45,mlp,54,0.5138094425201416,0.7802186643458973
45,mlp,55,0.5163480043411255,0.7808281600310201
45,mlp,56,0.5096995830535889,0.7804245052732401
45,mlp,57,0.514172375202179,0.7804181128268382
45,mlp,58,0.51183021068573,0.7794419140427574
45,mlp,59,0.5071685314178467,0.7790026942457599
45,mlp,60,0.5030949711799622,0.7774560168654998
45,mlp,61,0.5119407773017883,0.7773941993752618
45,mlp,62,0.5138340592384338,0.7775271872868782
45,mlp,63,0.5057187080383301,0.7781898429322404
45,mlp,64,0.5046771168708801,0.7781794306315764
45,mlp,65,0.5081230401992798,0.778083656401472
45,mlp,66,0.5017359852790833,0.7785858595769471
45,mlp,67,0.5142861604690552,0.7791312205109605
45,mlp,68,0.5092358589172363,0.7799510232108544
45,mlp,69,0.5026939511299133,0.7805538237107315
45,mlp,70,0.5099014639854431,0.7811594514411069
45,mlp,71,0.5047116279602051,0.7820206795529577
45,mlp,72,0.49977782368659973,0.783091467979584
45,mlp,73,0.5015828013420105,0.783120104088691
45,mlp,74,0.49962136149406433,0.7834791747702378
45,mlp,75,0.5079072713851929,0.7832742654256213
45,mlp,76,0.5044995546340942,0.7833680859118748
45,mlp,77,0.4979425370693207,0.7837086522778874
45,mlp,78,0.5004525184631348,0.783039640040244
45,mlp,79,0.5060394406318665,0.7832636439518617
45,mlp,80,0.49375033378601074,0.7835230501447921
45,mlp,81,0.5067514777183533,0.7835804183308511
45,mlp,82,0.5040526986122131,0.7827160899690857
45,mlp,83,0.5002259016036987,0.7826356678175186
45,mlp,84,0.5023081302642822,0.7821640791537365
45,mlp,85,0.5011122822761536,0.7811082435224733
45,mlp,86,0.5084326267242432,0.7804332525251552
45,mlp,87,0.49863988161087036,0.7809435723240783
45,mlp,88,0.4988577663898468,0.7815668501164993
45,mlp,89,0.5033888220787048,0.7814019093890374
45,mlp,90,0.49534788727760315,0.7810778687548421
45,mlp,91,0.4988192617893219,0.7802627990311817
45,mlp,92,0.4956135153770447,0.7789311618255981
45,mlp,93,0.5001309514045715,0.7787243196417168
45,mlp,94,0.4994022250175476,0.7799393430028263
45,mlp,95,0.499442458152771,0.7806915847299036
45,mlp,96,0.4948999881744385,0.781388634461588
45,mlp,97,0.4903796911239624,0.7826006578778145
45,mlp,98,0.49240103363990784,0.7837996187104743
45,mlp,99,0.5017322897911072,0.7840280601396743
45,mlp,100,0.4927682876586914,0.7843515957114829
45,mlp,101,0.5047856569290161,0.7845254841855784
45,mlp,102,0.5014333128929138,0.7845039265425102
45,mlp,103,0.4919552803039551,0.784552714490918
45,mlp,104,0.49734267592430115,0.7843203450871443
45,mlp,105,0.5010595321655273,0.7844574526648899
45,mlp,106,0.49389970302581787,0.7853973239321872
45,mlp,107,0.4991738498210907,0.7862303881722593
45,mlp,108,0.5012593865394592,0.7865323120248104
45,mlp,109,0.49517813324928284,0.7867840188483799
45,mlp,110,0.4925696849822998,0.7848005629300528
45,mlp,111,0.5006577372550964,0.784279000367561
45,mlp,112,0.48285070061683655,0.782231553680256
45,mlp,113,0.4933515787124634,0.779965801429874
45,mlp,114,0.48905256390571594,0.7789993208844846
45,mlp,115,0.49793797731399536,0.7786251768358163
45,mlp,116,0.5024510025978088,0.778572355789598
45,mlp,117,0.4951857626438141,0.779532579297985
45,mlp,118,0.5004375576972961,0.7821531269155569
45,mlp,119,0.4939931333065033,0.7836046884697445
45,mlp,120,0.4958522915840149,0.7840176775018577
45,mlp,121,0.49268755316734314,0.7853846929260295
45,mlp,122,0.49415379762649536,0.7860045230227656
45,mlp,123,0.4913516938686371,0.7862501663238524
45,mlp,124,0.4980356991291046,0.7851379961497653
45,mlp,125,0.5029269456863403,0.7843423958839759
45,mlp,126,0.4975641965866089,0.7842656378311178
45,mlp,127,0.48719891905784607,0.7832389162494382
45,mlp,128,0.4946158826351166,0.7828758565997305
45,mlp,129,0.48912811279296875,0.7826492297917523
45,mlp,130,0.4900389015674591,0.7813656066301814
45,mlp,131,0.4989537000656128,0.7819873127460715
45,mlp,132,0.494395911693573,0.7820613984641696
45,mlp,133,0.491977334022522,0.7819030648075654
45,mlp,134,0.49122023582458496,0.7826182912467858
45,mlp,135,0.48421767354011536,0.7833484253911009
45,mlp,136,0.487568199634552,0.7842589003153599
45,mlp,137,0.4886583387851715,0.7846093634916215
45,mlp,138,0.48504260182380676,0.785476633735506
45,mlp,139,0.4861779808998108,0.7850559839054191
45,gcn_homogeneous,1,0.703141987323761,0.7262441213225578
45,gcn_homogeneous,2,0.6679748892784119,0.7463081613208649
45,gcn_homogeneous,3,0.6484683156013489,0.7913793233715669
45,gcn_homogeneous,4,0.599786102771759,0.8169783382472069
45,gcn_homogeneous,5,0.5751820802688599,0.8198232304302722
45,gcn_homogeneous,6,0.5180908441543579,0.8201121130165696
45,gcn_homogeneous,7,0.49684351682662964,0.832064578143781
45,gcn_homogeneous,8,0.48422449827194214,0.8394904432787343
45,gcn_homogeneous,9,0.4683741629123688,0.8440811502525052
45,gcn_homogeneous,10,0.4483031630516052,0.8524847661301018
45,gcn_homogeneous,11,0.4414515495300293,0.8622172825672774
45,gcn_homogeneous,12,0.42851313948631287,0.8698415014016684
45,gcn_homogeneous,13,0.4328325688838959,0.8740940395222255
45,gcn_homogeneous,14,0.41938453912734985,0.8781571438828879
45,gcn_homogeneous,15,0.4108918011188507,0.880964684918039
45,gcn_homogeneous,16,0.41049301624298096,0.8839547974715456
45,gcn_homogeneous,17,0.4072587490081787,0.8867817098242349
45,gcn_homogeneous,18,0.3856618404388428,0.8885632552291254
45,gcn_homogeneous,19,0.39965328574180603,0.8899196176609817
45,gcn_homogeneous,20,0.38377776741981506,0.8906958846906008
45,gcn_homogeneous,21,0.37545791268348694,0.891002746037011
45,gcn_homogeneous,22,0.3850293755531311,0.8920826556241891
45,gcn_homogeneous,23,0.3835583031177521,0.8922455531105145
45,gcn_homogeneous,24,0.37157541513442993,0.8922532002917355
45,gcn_homogeneous,25,0.3690846860408783,0.8927321086718067
45,gcn_homogeneous,26,0.3717244863510132,0.894060805423279
45,gcn_homogeneous,27,0.36081886291503906,0.8946254787052196
45,gcn_homogeneous,28,0.35611096024513245,0.8947238489454479
45,gcn_homogeneous,29,0.3551613390445709,0.8941361212885988
45,gcn_homogeneous,30,0.36035311222076416,0.8937934295571476
45,gcn_homogeneous,31,0.3573653995990753,0.8938333462332992
45,gcn_homogeneous,32,0.35178306698799133,0.8945824641945642
45,gcn_homogeneous,33,0.3403589725494385,0.8957192429959684
45,gcn_homogeneous,34,0.33782079815864563,0.8962911936796855
45,gcn_homogeneous,35,0.3407141864299774,0.8966660180917555
45,gcn_homogeneous,36,0.3406873643398285,0.8974326168851768
45,gcn_homogeneous,37,0.34256482124328613,0.8983501745547687
45,gcn_homogeneous,38,0.3347705006599426,0.8992883299828903
45,gcn_homogeneous,39,0.3272227346897125,0.9008294643082565
45,gcn_homogeneous,40,0.34205320477485657,0.9018417172721608
45,gcn_homogeneous,41,0.33970558643341064,0.902277548527519
45,gcn_homogeneous,42,0.33142703771591187,0.9034475709645734
45,gcn_homogeneous,43,0.3314652740955353,0.9037166769664647
45,gcn_homogeneous,44,0.3313642144203186,0.9042810455595581
45,gcn_homogeneous,45,0.3110872507095337,0.9046760173657488
45,gcn_homogeneous,46,0.31817489862442017,0.9044023597482923
45,gcn_homogeneous,47,0.323020875453949,0.9046714759957056
45,gcn_homogeneous,48,0.3209778666496277,0.9053688000607838
45,gcn_homogeneous,49,0.31870371103286743,0.9052177701482041
45,gcn_homogeneous,50,0.3094545006752014,0.9049036759477885
45,gcn_homogeneous,51,0.3194558322429657,0.9045671939170115
45,gcn_homogeneous,52,0.32141751050949097,0.904375814383911
45,gcn_homogeneous,53,0.3096773326396942,0.904641811237462
45,gcn_homogeneous,54,0.3093055486679077,0.9050653343412673
45,gcn_homogeneous,55,0.32523113489151,0.905146373718148
45,gcn_homogeneous,56,0.3128003776073456,0.9055530317058069
45,gcn_homogeneous,57,0.3199298679828644,0.9052334231501187
45,gcn_homogeneous,58,0.31040865182876587,0.9050495287443738
45,gcn_homogeneous,59,0.2975391447544098,0.9051595083408147
45,gcn_homogeneous,60,0.30753979086875916,0.9053888172503579
45,gcn_homogeneous,61,0.30523011088371277,0.9057313394150488
45,gcn_homogeneous,62,0.30229976773262024,0.9056862452769283
45,gcn_homogeneous,63,0.29018634557724,0.9068122282502401
45,gcn_homogeneous,64,0.30591875314712524,0.9078925298081151
45,gcn_homogeneous,65,0.2918945252895355,0.9080825159659862
45,gcn_homogeneous,66,0.2949061691761017,0.9087754981877672
45,gcn_homogeneous,67,0.29391247034072876,0.9092842391254902
45,gcn_homogeneous,68,0.2883380949497223,0.9099576626867463
45,gcn_homogeneous,69,0.2994641661643982,0.9096398635985569
45,gcn_homogeneous,70,0.27687492966651917,0.9093224820156146
45,gcn_homogeneous,71,0.29996436834335327,0.9098316308058642
45,gcn_homogeneous,72,0.30021798610687256,0.9095970473267062
45,gcn_homogeneous,73,0.28791344165802,0.9085059006438859
45,gcn_homogeneous,74,0.28582674264907837,0.9090158430915092
45,gcn_homogeneous,75,0.2901880443096161,0.9089463224519693
45,gcn_homogeneous,76,0.2921850085258484,0.9087957744474525
45,gcn_homogeneous,77,0.2812793254852295,0.9114587424274874
45,gcn_homogeneous,78,0.2818177342414856,0.9123360768266224
45,gcn_homogeneous,79,0.28807228803634644,0.9131102868356052
45,gcn_homogeneous,80,0.2883733808994293,0.9128133591566465
45,gcn_homogeneous,81,0.2868306040763855,0.913514328971071
45,gcn_homogeneous,82,0.28431814908981323,0.9121174539893815
45,gcn_homogeneous,83,0.285521537065506,0.9114834400933824
45,gcn_homogeneous,84,0.2742816209793091,0.9112992630896879
45,gcn_homogeneous,85,0.288446843624115,0.9111240181414939
45,gcn_homogeneous,86,0.2808951437473297,0.9105397944790894
45,gcn_homogeneous,87,0.27961647510528564,0.9097524208468538
45,gcn_homogeneous,88,0.26601794362068176,0.9103489585131834
45,gcn_homogeneous,89,0.27381208539009094,0.9105414560040871
45,gcn_homogeneous,90,0.28098127245903015,0.9102902634132102
45,gcn_homogeneous,91,0.27733904123306274,0.9104606128600174
45,gcn_homogeneous,92,0.26999565958976746,0.9113188744847978
45,gcn_homogeneous,93,0.26722463965415955,0.9117508181663353
45,gcn_homogeneous,94,0.269837886095047,0.9127918143739556
45,gcn_homogeneous,95,0.2741716504096985,0.9134497395754514
45,gcn_homogeneous,96,0.27362900972366333,0.913123161683964
45,gcn_homogeneous,97,0.27856212854385376,0.9137370551680416
45,gcn_homogeneous,98,0.26857900619506836,0.9131149997580457
45,gcn_homogeneous,99,0.2699688673019409,0.9116010683178022
45,gcn_homogeneous,100,0.2741975486278534,0.912241833608478
45,gcn_homogeneous,101,0.2567746937274933,0.9131745475174673
45,gcn_homogeneous,102,0.2654177248477936,0.9129124010489339
45,gcn_homogeneous,103,0.2602189779281616,0.9115160572179446
45,gcn_homogeneous,104,0.2710959017276764,0.9127556859749575
45,gcn_homogeneous,105,0.25608769059181213,0.9147170618919102
45,gcn_homogeneous,106,0.2588746249675751,0.9138202496444762
45,gcn_homogeneous,107,0.2588455080986023,0.9144903930085709
45,gcn_homogeneous,108,0.26756757497787476,0.9158919653054443
45,gcn_homogeneous,109,0.26573649048805237,0.9156046928730703
45,gcn_homogeneous,110,0.2595861852169037,0.9153235490624483
45,gcn_homogeneous,111,0.25666385889053345,0.9145198119928029
45,gcn_homogeneous,112,0.26309823989868164,0.9158659056145931
45,gcn_homogeneous,113,0.26055508852005005,0.915571810362658
45,gcn_homogeneous,114,0.2634882628917694,0.9151197185495713
45,gcn_homogeneous,115,0.25827687978744507,0.9159976965982094
45,gcn_homogeneous,116,0.2519150972366333,0.9167926454738965
45,gcn_homogeneous,117,0.2566334903240204,0.9173055842969924
45,gcn_homogeneous,118,0.2571486830711365,0.9157503921820783
45,gcn_homogeneous,119,0.2593211233615875,0.9150969753251192
45,gcn_homogeneous,120,0.25186529755592346,0.9142192080116446
45,gcn_homogeneous,121,0.2541513442993164,0.9136352434683935
45,gcn_homogeneous,122,0.25276342034339905,0.9138399934834054
45,gcn_homogeneous,123,0.25619104504585266,0.9147943053391048
45,gcn_homogeneous,124,0.23606964945793152,0.9155184817066515
45,gcn_homogeneous,125,0.24241790175437927,0.9158003847471772
45,gcn_homogeneous,126,0.24465829133987427,0.9157093758581628
45,gcn_homogeneous,127,0.24517804384231567,0.916062035941598
45,gcn_homogeneous,128,0.24655602872371674,0.9164727390450403
45,gcn_homogeneous,129,0.24348433315753937,0.9175957283094891
45,gcn_homogeneous,130,0.2289905846118927,0.9177153159692457
45,gcn_homogeneous,131,0.25383496284484863,0.9177894240477131
45,gcn_homogeneous,132,0.2328694611787796,0.9182294660844663
45,gcn_homogeneous,133,0.24182985723018646,0.9176054660993491
45,gcn_homogeneous,134,0.24640746414661407,0.91743555827283
45,gcn_homogeneous,135,0.24139995872974396,0.9172412588638419
45,gcn_homogeneous,136,0.2548116445541382,0.9175418046549887
45,gcn_homogeneous,137,0.25647464394569397,0.9176493405817077
45,gcn_homogeneous,138,0.24588587880134583,0.9182362765565543
45,gcn_homogeneous,139,0.24063289165496826,0.9192284021977386
45,gcn_homogeneous,140,0.24558234214782715,0.9186899296828165
45,gcn_homogeneous,141,0.24043120443820953,0.9183625454806967
45,gcn_homogeneous,142,0.2429565191268921,0.9188391528199467
45,gcn_homogeneous,143,0.248212993144989,0.9195611115822985
45,gcn_homogeneous,144,0.2359553724527359,0.9194312124319133
45,gcn_homogeneous,145,0.23612575232982635,0.9205051040326238
45,gcn_homogeneous,146,0.24866639077663422,0.9205780455313933
45,gcn_homogeneous,147,0.25066956877708435,0.9201092801858737
45,gcn_homogeneous,148,0.23118755221366882,0.9193586585091893
45,gcn_homogeneous,149,0.23778721690177917,0.9184842103414378
45,gcn_homogeneous,150,0.23475313186645508,0.9173487773444862
45,gcn_homogeneous,151,0.2245219200849533,0.9174273563990639
45,gcn_homogeneous,152,0.24657417833805084,0.9181662914671591
45,gcn_homogeneous,153,0.2548258900642395,0.9181070333676734
45,gcn_homogeneous,154,0.2480669468641281,0.919345011992863
45,gcn_homogeneous,155,0.21634435653686523,0.9192670019060181
45,gcn_homogeneous,156,0.24071112275123596,0.9195312486755465
45,gcn_homogeneous,157,0.24049098789691925,0.9186291620307406
45,gcn_homogeneous,158,0.229943186044693,0.9194504195925396
45,gcn_homogeneous,159,0.22556984424591064,0.917614590565678
45,gcn_homogeneous,160,0.2341051548719406,0.9191333043527405
45,gcn_homogeneous,161,0.2268877476453781,0.9199210942313474
45,gcn_homogeneous,162,0.2359001636505127,0.9206932294485674
45,gcn_homogeneous,163,0.2362116426229477,0.9208511773158267
45,gcn_homogeneous,164,0.23007330298423767,0.9202217533751691
45,gcn_homogeneous,165,0.23305082321166992,0.9205868210912225
45,gcn_homogeneous,166,0.23234646022319794,0.9196532869157074
45,gcn_homogeneous,167,0.22097639739513397,0.9200068635827209
45,gcn_homogeneous,168,0.2245769500732422,0.9196815441145991
45,gcn_homogeneous,169,0.22963301837444305,0.9196942004340829
45,gcn_homogeneous,170,0.2202196717262268,0.9206039536548793
45,gcn_homogeneous,171,0.2318107634782791,0.9211905181444948
45,gcn_homogeneous,172,0.22362293303012848,0.9215402194986361
45,gcn_homogeneous,173,0.22282227873802185,0.9215741176665492
45,gcn_homogeneous,174,0.22160695493221283,0.9211512007741723
45,gcn_homogeneous,175,0.21868181228637695,0.9198117552154199
45,gcn_homogeneous,176,0.2291061133146286,0.9213416988907748
45,gcn_homogeneous,177,0.22837339341640472,0.9221636224920213
45,gcn_homogeneous,178,0.2384292185306549,0.9203407231254149
45,gcn_homogeneous,179,0.2437763661146164,0.9217970154965264
45,gcn_homogeneous,180,0.22806158661842346,0.9224220053239658
45,gcn_homogeneous,181,0.24329103529453278,0.9222876247102895
45,gcn_homogeneous,182,0.23181244730949402,0.9223832348769269
45,gcn_homogeneous,183,0.22375474870204926,0.9226425427079681
45,gcn_homogeneous,184,0.21997316181659698,0.9233047518564892
45,gcn_homogeneous,185,0.2316928654909134,0.9224088498031545
45,gcn_homogeneous,186,0.21545587480068207,0.9211481284675931
45,gcn_homogeneous,187,0.22562022507190704,0.9224263388000422
45,gcn_homogeneous,188,0.22209669649600983,0.9220113416049096
45,gcn_homogeneous,189,0.2222961187362671,0.9202283883914082
45,gcn_homogeneous,190,0.2187129259109497,0.9190938391674446
45,gcn_homogeneous,191,0.20652124285697937,0.920554648886483
45,gcn_homogeneous,192,0.2293764054775238,0.9218310026479555
45,gcn_homogeneous,193,0.2189304530620575,0.9214655103603749
45,gcn_homogeneous,194,0.21951372921466827,0.9217802325338467
45,gcn_homogeneous,195,0.20556534826755524,0.9222222503190001
45,gcn_homogeneous,196,0.22329042851924896,0.9231888923025687
45,gcn_homogeneous,197,0.21124188601970673,0.9230734001592544
45,gcn_homogeneous,198,0.21159031987190247,0.9230314456361555
45,gcn_homogeneous,199,0.21055488288402557,0.9232170665276991
45,gcn_homogeneous,200,0.21626263856887817,0.9224145263674016
46,rgcn,1,0.847300112247467,0.6259971085354505
46,rgcn,2,0.9321455359458923,0.7056685574532038
46,rgcn,3,0.5755465626716614,0.7379086674570363
46,rgcn,4,0.565585196018219,0.7411273313365005
46,rgcn,5,0.5684511065483093,0.7349107181305216
46,rgcn,6,0.571844756603241,0.7458924076785556
46,rgcn,7,0.5665430426597595,0.7602498630741961
46,rgcn,8,0.5537487268447876,0.7711032030061526
46,rgcn,9,0.5350909233093262,0.7741983105599605
46,rgcn,10,0.5134369730949402,0.7770116088337772
46,rgcn,11,0.4922012984752655,0.7835240837145452
46,rgcn,12,0.4782615005970001,0.7909055651608646
46,rgcn,13,0.47803404927253723,0.8037253117796341
46,rgcn,14,0.47054576873779297,0.8172453983677486
46,rgcn,15,0.4521971642971039,0.8302887059191351
46,rgcn,16,0.443640798330307,0.8475155311393459
46,rgcn,17,0.4157732427120209,0.8706309949423978
46,rgcn,18,0.4182807505130768,0.8887081454400517
46,rgcn,19,0.3977367877960205,0.8953197467247482
46,rgcn,20,0.39924678206443787,0.9000251116482568
46,rgcn,21,0.39364734292030334,0.9061934628461992
46,rgcn,22,0.38263651728630066,0.9111209484626447
46,rgcn,23,0.36195191740989685,0.9135378427947469
46,rgcn,24,0.3635719120502472,0.9139218655343625
46,rgcn,25,0.36595243215560913,0.9157404251142839
46,rgcn,26,0.357896625995636,0.9156043323452361
46,rgcn,27,0.35070616006851196,0.9174352118316487
46,rgcn,28,0.34730544686317444,0.917725235489
46,rgcn,29,0.3429974317550659,0.9180395018178953
46,rgcn,30,0.3342691659927368,0.9195980531752866
46,rgcn,31,0.3330715000629425,0.9217357262229354
46,rgcn,32,0.3189193606376648,0.9239645686731912
46,rgcn,33,0.31586676836013794,0.9240344131265332
46,rgcn,34,0.31533974409103394,0.9223622645569143
46,rgcn,35,0.31213608384132385,0.922504955890055
46,rgcn,36,0.31900542974472046,0.924227948748872
46,rgcn,37,0.3113272488117218,0.9267300624490256
46,rgcn,38,0.304892897605896,0.9275185092695265
46,rgcn,39,0.3006327748298645,0.9277415187088457
46,rgcn,40,0.30073681473731995,0.9273232004512483
46,rgcn,41,0.2978876829147339,0.9283659062939603
46,rgcn,42,0.29147815704345703,0.9306294937521689
46,rgcn,43,0.283408522605896,0.9323196230757063
46,rgcn,44,0.29177361726760864,0.934177329538922
46,rgcn,45,0.278527170419693,0.935781046157093
46,rgcn,46,0.2774387300014496,0.9366031729072335
46,rgcn,47,0.2722237706184387,0.9367341838919983
46,rgcn,48,0.2793627679347992,0.9360980148057509
46,rgcn,49,0.26961445808410645,0.936191715666643
46,rgcn,50,0.27036595344543457,0.9372763517060462
46,rgcn,51,0.2750847339630127,0.9378329958280459
46,rgcn,52,0.2705819010734558,0.9388486383789887
46,rgcn,53,0.25591060519218445,0.9389134035505503
46,rgcn,54,0.26358693838119507,0.9388241132632003
46,rgcn,55,0.25492382049560547,0.9383576109747561
46,rgcn,56,0.24118737876415253,0.9383502566530737
46,rgcn,57,0.25130292773246765,0.9375431128081088
46,rgcn,58,0.24084816873073578,0.9370968191900219
46,rgcn,59,0.24247145652770996,0.9366100344161092
46,rgcn,60,0.24635212123394012,0.9360715235817967
46,rgcn,61,0.2498689740896225,0.9356067849615841
46,rgcn,62,0.2397097647190094,0.9355021192233349
46,rgcn,63,0.22984351217746735,0.9354499345055025
46,rgcn,64,0.22770938277244568,0.9351308843272911
46,rgcn,65,0.23173166811466217,0.9351241519910745
46,rgcn,66,0.23997224867343903,0.934632963093977
46,rgcn,67,0.22434620559215546,0.9357499869070641
46,rgcn,68,0.22972166538238525,0.9370115324049721
46,rgcn,69,0.2303074300289154,0.9368509811229269
46,rgcn,70,0.22236599028110504,0.9369121856328884
46,rgcn,71,0.2199639230966568,0.9363776003625128
46,rgcn,72,0.21866998076438904,0.9368914828455548
46,rgcn,73,0.21768046915531158,0.9368079813946519
46,rgcn,74,0.23010052740573883,0.9375815435476337
46,rgcn,75,0.21156853437423706,0.9379625765894253
46,rgcn,76,0.20461376011371613,0.9392187057901007
46,rgcn,77,0.20056335628032684,0.9390146721176188
46,rgcn,78,0.2226642519235611,0.938409261178562
46,rgcn,79,0.21417713165283203,0.938288301089035
46,rgcn,80,0.19539541006088257,0.9381485427194609
46,rgcn,81,0.2078019678592682,0.9394685308419394
46,rgcn,82,0.19578418135643005,0.9391796118712564
46,rgcn,83,0.21159934997558594,0.9400141031856319
46,rgcn,84,0.19401657581329346,0.9404404508364987
46,rgcn,85,0.19878871738910675,0.9394796480135019
46,rgcn,86,0.1952560991048813,0.9388568146109352
46,rgcn,87,0.17920158803462982,0.938660566829205
46,rgcn,88,0.18432317674160004,0.9393311892680132
46,rgcn,89,0.19221097230911255,0.9398691941850231
46,rgcn,90,0.18463990092277527,0.9393774914366365
46,rgcn,91,0.19256898760795593,0.9398192922997284
46,rgcn,92,0.18355345726013184,0.9405184611919883
46,rgcn,93,0.17099963128566742,0.940005161036404
46,rgcn,94,0.18990270793437958,0.9415928607756247
46,rgcn,95,0.17677780985832214,0.9408674606725519
46,rgcn,96,0.18751373887062073,0.9401144578798593
46,rgcn,97,0.16505084931850433,0.939807386607675
46,rgcn,98,0.17517293989658356,0.9382888608699929
46,rgcn,99,0.17814283072948456,0.9381258966286343
46,rgcn,100,0.17389845848083496,0.9401726342521005
46,rgcn,101,0.16167816519737244,0.9417768147525343
46,rgcn,102,0.17933881282806396,0.9422728338329198
46,rgcn,103,0.16950605809688568,0.9430207629885664
46,rgcn,104,0.1611432284116745,0.9418103482201171
46,rgcn,105,0.1589197963476181,0.9419444990563688
46,rgcn,106,0.17611853778362274,0.9421052181204504
46,rgcn,107,0.1631152480840683,0.9414382273430305
46,rgcn,108,0.1823534220457077,0.9391143140052668
46,rgcn,109,0.15951548516750336,0.9377268535034483
46,rgcn,110,0.16680417954921722,0.937065437308315
46,rgcn,111,0.16192388534545898,0.9362776609994904
46,rgcn,112,0.1605442613363266,0.9371417803319612
46,rgcn,113,0.1581096202135086,0.9369497535249904
46,rgcn,114,0.1458577811717987,0.9361418401204333
46,rgcn,115,0.14975138008594513,0.9385560794712096
46,rgcn,116,0.1528300940990448,0.9391447971481345
46,rgcn,117,0.15177494287490845,0.9396602119297044
46,rgcn,118,0.15406662225723267,0.9390898913860486
46,rgcn,119,0.15892896056175232,0.9366625427258333
46,rgcn,120,0.14946024119853973,0.9376459935695219
46,rgcn,121,0.13390150666236877,0.939516820362404
46,rgcn,122,0.15828169882297516,0.9401507600024561
46,rgcn,123,0.1379941999912262,0.939353319601703
46,rgcn,124,0.1348733752965927,0.9380640140910227
46,rgcn,125,0.1316363364458084,0.9395588101584175
46,rgcn,126,0.125175341963768,0.9402313769270144
46,rgcn,127,0.14522016048431396,0.9393553354987618
46,rgcn,128,0.14685197174549103,0.9404986978558406
46,rgcn,129,0.13541199266910553,0.9410069737513879
46,rgcn,130,0.1327553242444992,0.9401294490326683
46,rgcn,131,0.13940311968326569,0.9414021394985745
46,rgcn,132,0.1520545333623886,0.9404565249202488
46,rgcn,133,0.13163933157920837,0.9388293711764769
46,mlp,1,0.7009210586547852,0.6362600792509486
46,mlp,2,0.6852687001228333,0.6526491565683787
46,mlp,3,0.6680903434753418,0.6541605782383222
46,mlp,4,0.6552385091781616,0.6566066995443588
46,mlp,5,0.6473760008811951,0.6616101488758185
46,mlp,6,0.640404462814331,0.6682089208543147
46,mlp,7,0.636009693145752,0.6786641216030824
46,mlp,8,0.6327354311943054,0.6947714304284038
46,mlp,9,0.6197965145111084,0.7137286466434919
46,mlp,10,0.6126846671104431,0.7269297278043968
46,mlp,11,0.6027910113334656,0.740504276149464
46,mlp,12,0.6011301279067993,0.7509207837624221
46,mlp,13,0.5927921533584595,0.7572961303220042
46,mlp,14,0.5923123359680176,0.7636852908773066
46,mlp,15,0.5819924473762512,0.765401475389111
46,mlp,16,0.5811132192611694,0.7683307652963792
46,mlp,17,0.5712068676948547,0.7702932291341555
46,mlp,18,0.5645101070404053,0.770400011495227
46,mlp,19,0.5653365254402161,0.7702258755317137
46,mlp,20,0.5583347082138062,0.769556322497729
46,mlp,21,0.5668771266937256,0.7707078506100852
46,mlp,22,0.5692756772041321,0.7713909704754373
46,mlp,23,0.5650966167449951,0.7724613331621653
46,mlp,24,0.5501970052719116,0.774149252152403
46,mlp,25,0.5534977316856384,0.7763837792928366
46,mlp,26,0.5565747022628784,0.7779193144157366
46,mlp,27,0.5471326112747192,0.7786445524139953
46,mlp,28,0.5471768379211426,0.779526215568534
46,mlp,29,0.5428040027618408,0.779709934039464
46,mlp,30,0.5443379878997803,0.780215047479493
46,mlp,31,0.5507811307907104,0.7800945255516176
46,mlp,32,0.5456251502037048,0.7793111434697907
46,mlp,33,0.5376116633415222,0.7789319323622226
46,mlp,34,0.5389247536659241,0.7781660463957746
46,mlp,35,0.5318257808685303,0.7770742095963954
46,mlp,36,0.5409870147705078,0.7765699702535724
46,mlp,37,0.5320531725883484,0.7763927789262594
46,mlp,38,0.5222936272621155,0.7774889513146935
46,mlp,39,0.5310674905776978,0.7777619221864454
46,mlp,40,0.5228060483932495,0.7796856518217675
46,mlp,41,0.5251882672309875,0.7813600550288644
46,mlp,42,0.5276062488555908,0.7827747553583119
46,mlp,43,0.5227689743041992,0.7843607619436718
46,mlp,44,0.5261533856391907,0.7853321869061494
46,mlp,45,0.5228493213653564,0.7863964825692499
46,mlp,46,0.5264393091201782,0.7879034192128764
46,mlp,47,0.5267397165298462,0.7896504813554763
46,mlp,48,0.5179510116577148,0.7903411887654097
46,mlp,49,0.5225657820701599,0.7908174779050003
46,mlp,50,0.5199761986732483,0.7907990227057812
46,mlp,51,0.5152382850646973,0.7910373092609501
46,mlp,52,0.5097614526748657,0.7900216604810354
46,mlp,53,0.5136247873306274,0.7907296044361707
46,mlp,54,0.5168750882148743,0.7919950882145923
46,mlp,55,0.517994225025177,0.7926881324691077
46,mlp,56,0.5184555053710938,0.7934664059643716
46,mlp,57,0.5102201104164124,0.793909671605744
46,mlp,58,0.5167110562324524,0.7941766100869337
46,mlp,59,0.5187925100326538,0.7933771327078468
46,mlp,60,0.5182241201400757,0.7923940152853817
46,mlp,61,0.508355438709259,0.7919647222267215
46,mlp,62,0.507685124874115,0.792166566199278
46,mlp,63,0.5066709518432617,0.7922376107233827
46,mlp,64,0.5170376300811768,0.7920492727253525
46,mlp,65,0.5097179412841797,0.7922592204911363
46,mlp,66,0.5126687288284302,0.7931363827706466
46,mlp,67,0.5045109391212463,0.7934198372005439
46,mlp,68,0.5024632215499878,0.7932985669293322
46,mlp,69,0.5063763856887817,0.7936104767243616
46,mlp,70,0.5081397294998169,0.7946106792256341
46,mlp,71,0.5058595538139343,0.7954224000086975
46,mlp,72,0.5087072849273682,0.7969416712198114
46,mlp,73,0.5061273574829102,0.7979154056490875
46,mlp,74,0.49668362736701965,0.7983352714792776
46,mlp,75,0.5068168044090271,0.7996784780958698
46,mlp,76,0.49915316700935364,0.8007358933548565
46,mlp,77,0.5025049448013306,0.8016881418732261
46,mlp,78,0.5069011449813843,0.802260226511016
46,mlp,79,0.5021324157714844,0.8025755702675607
46,mlp,80,0.4989771544933319,0.8023863610617085
46,mlp,81,0.5077479481697083,0.8016192752990986
46,mlp,82,0.5000343322753906,0.8018700655547
46,mlp,83,0.5063456892967224,0.8025508693976933
46,mlp,84,0.49320220947265625,0.8030382629094629
46,mlp,85,0.5022899508476257,0.8029743082133708
46,mlp,86,0.4965178668498993,0.8034573206209757
46,mlp,87,0.5032727122306824,0.8039914976462748
46,mlp,88,0.5037520527839661,0.8049081873949544
46,mlp,89,0.497964471578598,0.8052135890102775
46,mlp,90,0.4970792829990387,0.8059563092728239
46,mlp,91,0.5006232857704163,0.806035732908003
46,mlp,92,0.5004766583442688,0.8062311931164892
46,mlp,93,0.4992157518863678,0.8061041705904156
46,mlp,94,0.4951595366001129,0.806585521573596
46,mlp,95,0.49593594670295715,0.8070477198409861
46,mlp,96,0.498062402009964,0.8079581606936878
46,mlp,97,0.49020496010780334,0.8085106418494928
46,mlp,98,0.49482616782188416,0.8085670541328087
46,mlp,99,0.49865368008613586,0.8083959476807664
46,mlp,100,0.4945770502090454,0.8081050692025787
46,mlp,101,0.5020702481269836,0.8077884011175291
46,mlp,102,0.48915591835975647,0.8073835098375558
46,mlp,103,0.49368929862976074,0.8068343623421874
46,mlp,104,0.5007140636444092,0.8068688512395912
46,mlp,105,0.49167755246162415,0.8070283049622282
46,mlp,106,0.495324045419693,0.8068221445431781
46,mlp,107,0.4912676215171814,0.8065199736587008
46,mlp,108,0.4887968897819519,0.8056582057317252
46,mlp,109,0.4965231418609619,0.8037848886257969
46,mlp,110,0.49743592739105225,0.8024077287872187
46,mlp,111,0.49451279640197754,0.8022685999251894
46,mlp,112,0.4994463324546814,0.8029648144017927
46,mlp,113,0.4977383017539978,0.8040163928573548
46,mlp,114,0.49146053194999695,0.8043602022019659
46,mlp,115,0.4917744994163513,0.8045497486005083
46,mlp,116,0.4928210377693176,0.8048541799625449
46,mlp,117,0.495496928691864,0.8051483881186459
46,mlp,118,0.4945358335971832,0.805438766293908
46,mlp,119,0.4906584918498993,0.8065873385595143
46,mlp,120,0.48028457164764404,0.8060281065731226
46,mlp,121,0.49382027983665466,0.8051942576506683
46,mlp,122,0.49338585138320923,0.8045236209456731
46,mlp,123,0.4883255958557129,0.8045247105646727
46,mlp,124,0.4910637438297272,0.8045963011576935
46,mlp,125,0.49031779170036316,0.8049943255383971
46,mlp,126,0.4875631630420685,0.805979827409247
46,mlp,127,0.4803414046764374,0.8070310147542635
46,mlp,128,0.488827645778656,0.8067543279723983
46,gcn_homogeneous,1,0.7039103507995605,0.7842447674488677
46,gcn_homogeneous,2,0.7065569162368774,0.7408061757694424
46,gcn_homogeneous,3,0.6508503556251526,0.7545520147928609
46,gcn_homogeneous,4,0.6466630697250366,0.8004650104182626
46,gcn_homogeneous,5,0.5942384004592896,0.8204078293817242
46,gcn_homogeneous,6,0.5717324614524841,0.8292828154549576
46,gcn_homogeneous,7,0.5342563986778259,0.8330999944337439
46,gcn_homogeneous,8,0.490305632352829,0.8354028136908462
46,gcn_homogeneous,9,0.4817937910556793,0.8440211297897244
46,gcn_homogeneous,10,0.474428653717041,0.8527277838708739
46,gcn_homogeneous,11,0.4662996828556061,0.8606383327692139
46,gcn_homogeneous,12,0.4482470452785492,0.8688449017019193
46,gcn_homogeneous,13,0.42304936051368713,0.8769969081403776
46,gcn_homogeneous,14,0.42324748635292053,0.8837869446329313
46,gcn_homogeneous,15,0.40055182576179504,0.8888469682152282
46,gcn_homogeneous,16,0.4006131589412689,0.892688010771002
46,gcn_homogeneous,17,0.3922726809978485,0.8966604628013266
46,gcn_homogeneous,18,0.38409850001335144,0.9000061494422422
46,gcn_homogeneous,19,0.3873392939567566,0.902699782803729
46,gcn_homogeneous,20,0.3712126612663269,0.9040302508966731
46,gcn_homogeneous,21,0.3639354407787323,0.905208163633861
46,gcn_homogeneous,22,0.36354389786720276,0.9070357834871523
46,gcn_homogeneous,23,0.3468494713306427,0.9077865602535119
46,gcn_homogeneous,24,0.3647580146789551,0.9098940791156911
46,gcn_homogeneous,25,0.36230242252349854,0.9116652215445922
46,gcn_homogeneous,26,0.33692076802253723,0.9130529092889828
46,gcn_homogeneous,27,0.3460697531700134,0.9144046888733001
46,gcn_homogeneous,28,0.33111482858657837,0.9138981586850989
46,gcn_homogeneous,29,0.3273097276687622,0.9141650717059111
46,gcn_homogeneous,30,0.33717846870422363,0.9151383489379386
46,gcn_homogeneous,31,0.3354816734790802,0.9157379740646131
46,gcn_homogeneous,32,0.324283629655838,0.9165372563273769
46,gcn_homogeneous,33,0.31807100772857666,0.9166754441608083
46,gcn_homogeneous,34,0.31992435455322266,0.9155298782007265
46,gcn_homogeneous,35,0.3150581419467926,0.9153088239498467
46,gcn_homogeneous,36,0.32238778471946716,0.9166038149282811
46,gcn_homogeneous,37,0.31137099862098694,0.9185493288102873
46,gcn_homogeneous,38,0.3132454454898834,0.9188954472508375
46,gcn_homogeneous,39,0.29318100214004517,0.918858685211761
46,gcn_homogeneous,40,0.30656003952026367,0.9179753199340014
46,gcn_homogeneous,41,0.3150549530982971,0.9181969746398473
46,gcn_homogeneous,42,0.2944607138633728,0.9189823854238972
46,gcn_homogeneous,43,0.29209357500076294,0.9193582901853934
46,gcn_homogeneous,44,0.31249362230300903,0.9190470988761734
46,gcn_homogeneous,45,0.30563801527023315,0.9178424523050782
46,gcn_homogeneous,46,0.2987879514694214,0.9184798582943342
46,gcn_homogeneous,47,0.3010053038597107,0.9197581747810807
46,gcn_homogeneous,48,0.2835882902145386,0.9198836805297894
46,gcn_homogeneous,49,0.3016715347766876,0.9196483244215993
46,gcn_homogeneous,50,0.29283422231674194,0.9198369020517103
46,gcn_homogeneous,51,0.27952882647514343,0.9196984670852577
46,gcn_homogeneous,52,0.28045111894607544,0.9201565214934078
46,gcn_homogeneous,53,0.2819923758506775,0.9204133280140248
46,gcn_homogeneous,54,0.2925342917442322,0.9209032789188046
46,gcn_homogeneous,55,0.2847900390625,0.9212084470119384
46,gcn_homogeneous,56,0.2706742286682129,0.9212258628574401
46,gcn_homogeneous,57,0.2798146903514862,0.92199117149873
46,gcn_homogeneous,58,0.2829799950122833,0.9224406686189578
46,gcn_homogeneous,59,0.28384631872177124,0.9230062423957991
46,gcn_homogeneous,60,0.2753402590751648,0.9230855249029886
46,gcn_homogeneous,61,0.2650492191314697,0.9231081292039071
46,gcn_homogeneous,62,0.2807786762714386,0.9229875850358614
46,gcn_homogeneous,63,0.2855895161628723,0.9225402999959468
46,gcn_homogeneous,64,0.2733374536037445,0.9227097121483285
46,gcn_homogeneous,65,0.26985251903533936,0.9225516964375994
46,gcn_homogeneous,66,0.2649456560611725,0.9216460826086995
46,gcn_homogeneous,67,0.2634275555610657,0.9214988045128315
46,gcn_homogeneous,68,0.2712132930755615,0.9223157332311488
46,gcn_homogeneous,69,0.2694883346557617,0.9223998054477804
46,gcn_homogeneous,70,0.2884799838066101,0.9227154983575094
46,gcn_homogeneous,71,0.2517325282096863,0.9227071781926376
46,gcn_homogeneous,72,0.2697560489177704,0.9230033547534172
46,gcn_homogeneous,73,0.26027753949165344,0.9230012329877906
46,gcn_homogeneous,74,0.24834397435188293,0.9231667924621967
46,gcn_homogeneous,75,0.2568051218986511,0.923537528218417
46,gcn_homogeneous,76,0.2506471574306488,0.9238146592855704
46,gcn_homogeneous,77,0.24546127021312714,0.9237161303286228
46,gcn_homogeneous,78,0.2628592252731323,0.9236396674192953
46,gcn_homogeneous,79,0.2515839636325836,0.9237500100960724
46,gcn_homogeneous,80,0.2489064484834671,0.9237127515393716
46,gcn_homogeneous,81,0.25547122955322266,0.9239128287982816
46,gcn_homogeneous,82,0.2513516843318939,0.9236243765702181
46,gcn_homogeneous,83,0.2396036982536316,0.924059324861299
46,gcn_homogeneous,84,0.2456539124250412,0.9243041738554135
46,gcn_homogeneous,85,0.24826514720916748,0.9244569946994465
46,gcn_homogeneous,86,0.242336705327034,0.9242231218562191
46,gcn_homogeneous,87,0.25315675139427185,0.924545166940417
46,gcn_homogeneous,88,0.25074827671051025,0.9237666492089301
46,gcn_homogeneous,89,0.2494264543056488,0.9232524898845527
46,gcn_homogeneous,90,0.2558264434337616,0.9222170367920624
46,gcn_homogeneous,91,0.24763798713684082,0.9224419273774169
46,gcn_homogeneous,92,0.24667052924633026,0.9237122222512707
46,gcn_homogeneous,93,0.26060596108436584,0.9247106173931482
46,gcn_homogeneous,94,0.2425050139427185,0.9242609998804322
46,gcn_homogeneous,95,0.25080379843711853,0.9251151785250581
46,gcn_homogeneous,96,0.23771147429943085,0.9260734667319348
46,gcn_homogeneous,97,0.2506224811077118,0.9259749932684405
46,gcn_homogeneous,98,0.24463698267936707,0.9258672320412135
46,gcn_homogeneous,99,0.23517760634422302,0.9251305107171084
46,gcn_homogeneous,100,0.23428623378276825,0.9250441319015963
46,gcn_homogeneous,101,0.24286825954914093,0.9252224645521692
46,gcn_homogeneous,102,0.23768138885498047,0.9249878532207629
46,gcn_homogeneous,103,0.23529653251171112,0.9246292440228552
46,gcn_homogeneous,104,0.22851717472076416,0.9249787110572185
46,gcn_homogeneous,105,0.24172119796276093,0.9263612069995153
46,gcn_homogeneous,106,0.22692573070526123,0.9273874987949854
46,gcn_homogeneous,107,0.2285592257976532,0.9269814523798696
46,gcn_homogeneous,108,0.23517388105392456,0.9269780276331911
46,gcn_homogeneous,109,0.22414149343967438,0.9277177611551157
46,gcn_homogeneous,110,0.22893232107162476,0.9270198165942698
46,gcn_homogeneous,111,0.21974624693393707,0.9268749824363175
46,gcn_homogeneous,112,0.24142244458198547,0.9262342363151871
46,gcn_homogeneous,113,0.2306349128484726,0.9275042475284958
46,gcn_homogeneous,114,0.22785179316997528,0.9284373209986196
46,gcn_homogeneous,115,0.22655968368053436,0.9289096737349002
46,gcn_homogeneous,116,0.2317246049642563,0.9284764234907953
46,gcn_homogeneous,117,0.22510214149951935,0.9295685608654829
46,gcn_homogeneous,118,0.21959976851940155,0.9303385162140116
46,gcn_homogeneous,119,0.2206936925649643,0.9298562023200233
46,gcn_homogeneous,120,0.2225843220949173,0.9290796815553866
46,gcn_homogeneous,121,0.22604861855506897,0.9298157486184749
46,gcn_homogeneous,122,0.2258298546075821,0.9288358256961348
46,gcn_homogeneous,123,0.22346749901771545,0.9281748055136482
46,gcn_homogeneous,124,0.22410288453102112,0.929428417464519
46,gcn_homogeneous,125,0.20918487012386322,0.9296656449474385
46,gcn_homogeneous,126,0.22035858035087585,0.9285645795068824
46,gcn_homogeneous,127,0.22344326972961426,0.9293321010431749
46,gcn_homogeneous,128,0.23137642443180084,0.9289264652825348
46,gcn_homogeneous,129,0.22156450152397156,0.9280660535071016
46,gcn_homogeneous,130,0.21631042659282684,0.9289689914331689
46,gcn_homogeneous,131,0.2205994725227356,0.9289521628297859
46,gcn_homogeneous,132,0.20689944922924042,0.9285162219040962
46,gcn_homogeneous,133,0.21507111191749573,0.9277522727940087
46,gcn_homogeneous,134,0.2355000525712967,0.9282299927925153
46,gcn_homogeneous,135,0.21889159083366394,0.9281495094433067
46,gcn_homogeneous,136,0.2144126147031784,0.9277340268090003
46,gcn_homogeneous,137,0.21518248319625854,0.9275228716138452
46,gcn_homogeneous,138,0.2224331945180893,0.9288272922061122
46,gcn_homogeneous,139,0.22471173107624054,0.9275204957226223
46,gcn_homogeneous,140,0.21973058581352234,0.9259812057075352
46,gcn_homogeneous,141,0.21748438477516174,0.9287843198243627
46,gcn_homogeneous,142,0.21272413432598114,0.9299250281297327
46,gcn_homogeneous,143,0.21385908126831055,0.9294145169181443
46,gcn_homogeneous,144,0.2198995053768158,0.929002245674899
46,gcn_homogeneous,145,0.21080712974071503,0.9301614870851194
46,gcn_homogeneous,146,0.2086007297039032,0.9320893542088164
46,gcn_homogeneous,147,0.20940181612968445,0.9317892654180916
46,gcn_homogeneous,148,0.21655941009521484,0.9313701327823322
46,gcn_homogeneous,149,0.2055986523628235,0.9321842528857103
46,gcn_homogeneous,150,0.20660461485385895,0.9344871876024593
46,gcn_homogeneous,151,0.21682307124137878,0.9347886514438567
46,gcn_homogeneous,152,0.21588581800460815,0.9336991710693173
46,gcn_homogeneous,153,0.20889228582382202,0.9327942732176059
46,gcn_homogeneous,154,0.21130293607711792,0.9340425771543301
46,gcn_homogeneous,155,0.2064933329820633,0.9339130815753335
46,gcn_homogeneous,156,0.2065829038619995,0.9326469354639547
46,gcn_homogeneous,157,0.21244388818740845,0.9318366198003528
46,gcn_homogeneous,158,0.19255973398685455,0.93055994131506
46,gcn_homogeneous,159,0.20602494478225708,0.9293971627942399
46,gcn_homogeneous,160,0.2146056443452835,0.9285828692894919
46,gcn_homogeneous,161,0.21147173643112183,0.928614387951877
46,gcn_homogeneous,162,0.20770326256752014,0.9280958745740309
46,gcn_homogeneous,163,0.20817570388317108,0.92797330673147
46,gcn_homogeneous,164,0.21351809799671173,0.927992470048988
46,gcn_homogeneous,165,0.20163190364837646,0.929337071503532
46,gcn_homogeneous,166,0.20255596935749054,0.9291544696031943
46,gcn_homogeneous,167,0.20806097984313965,0.9294614673271727
46,gcn_homogeneous,168,0.19922104477882385,0.9299290739289667
46,gcn_homogeneous,169,0.1967850625514984,0.9316096827648686
46,gcn_homogeneous,170,0.19877469539642334,0.9326625802240437
46,gcn_homogeneous,171,0.21139509975910187,0.9320455126392425
46,gcn_homogeneous,172,0.21579279005527496,0.9325195810625575
46,gcn_homogeneous,173,0.20340479910373688,0.9335639059045918
46,gcn_homogeneous,174,0.2148793637752533,0.9327137471506777
46,gcn_homogeneous,175,0.1982225626707077,0.9321310169025475
46,gcn_homogeneous,176,0.200322225689888,0.9320114102496079
46,gcn_homogeneous,177,0.20028476417064667,0.9319770322650125
46,gcn_homogeneous,178,0.19974859058856964,0.9308875288603072
46,gcn_homogeneous,179,0.2012474238872528,0.9302001370299141
46,gcn_homogeneous,180,0.18478325009346008,0.929708040810747
46,gcn_homogeneous,181,0.20773518085479736,0.9303392590754819
47,rgcn,1,0.8560096025466919,0.6849045052827115
47,rgcn,2,1.1243380308151245,0.6892275328457345
47,rgcn,3,0.674419105052948,0.70026810648496
47,rgcn,4,0.5609262585639954,0.7043439787253147
47,rgcn,5,0.5512761473655701,0.7084852572287039
47,rgcn,6,0.5673291683197021,0.7114017895273235
47,rgcn,7,0.5566617250442505,0.7151588815554926
47,rgcn,8,0.5347782969474792,0.7177659221086439
47,rgcn,9,0.531545877456665,0.7207057055257696
47,rgcn,10,0.5224943161010742,0.7234741810116845
47,rgcn,11,0.5036755800247192,0.7259006137754243
47,rgcn,12,0.49691665172576904,0.7305334031313069
47,rgcn,13,0.4914851784706116,0.7343502740525484
47,rgcn,14,0.47650346159935,0.7404968807299404
47,rgcn,15,0.4716854691505432,0.7468774271195942
47,rgcn,16,0.46966493129730225,0.7551465112438083
47,rgcn,17,0.46729522943496704,0.7693634451445207
47,rgcn,18,0.44918179512023926,0.7806845316326899
47,rgcn,19,0.4426654279232025,0.7838509379275236
47,rgcn,20,0.43254631757736206,0.7885074132399428
47,rgcn,21,0.42905548214912415,0.7927836520008873
47,rgcn,22,0.4216133952140808,0.8013066148328043
47,rgcn,23,0.41808634996414185,0.8085621087871837
47,rgcn,24,0.40868911147117615,0.816844809232834
47,rgcn,25,0.3987729251384735,0.8251499366707685
47,rgcn,26,0.39456453919410706,0.8299144187666591
47,rgcn,27,0.38737013936042786,0.8352481332022001
47,rgcn,28,0.38381314277648926,0.8415764164038947
47,rgcn,29,0.37937670946121216,0.8481872615865248
47,rgcn,30,0.37437671422958374,0.854430510148088
47,rgcn,31,0.37743547558784485,0.8579626015854611
47,rgcn,32,0.3640369176864624,0.8616028596730704
47,rgcn,33,0.3604159355163574,0.8653793877901831
47,rgcn,34,0.353615403175354,0.8679544697356345
47,rgcn,35,0.35913243889808655,0.8711585822717454
47,rgcn,36,0.3530566096305847,0.8739346569743104
47,rgcn,37,0.3528992235660553,0.8763446153021239
47,rgcn,38,0.3404051661491394,0.8786250448182318
47,rgcn,39,0.3426475524902344,0.8804678312791603
47,rgcn,40,0.3428119122982025,0.8818935689544365
47,rgcn,41,0.33277401328086853,0.8822899581752179
47,rgcn,42,0.33662205934524536,0.8842803447242854
47,rgcn,43,0.3335520625114441,0.8871043478926116
47,rgcn,44,0.33459678292274475,0.8898602555794477
47,rgcn,45,0.3248385190963745,0.8924952934985684
47,rgcn,46,0.32859012484550476,0.8932441839593183
47,rgcn,47,0.3120459020137787,0.8942018482837673
47,rgcn,48,0.3079937994480133,0.8952119090083037
47,rgcn,49,0.29999589920043945,0.8964879489722334
47,rgcn,50,0.3025635778903961,0.8972443463806092
47,rgcn,51,0.30784860253334045,0.8978381254671521
47,rgcn,52,0.31245964765548706,0.8988694430529273
47,rgcn,53,0.29659488797187805,0.8995479038004882
47,rgcn,54,0.2848019003868103,0.9007126601840847
47,rgcn,55,0.3111051023006439,0.9019892795954443
47,rgcn,56,0.28991758823394775,0.9027952855442396
47,rgcn,57,0.2923735976219177,0.9015750052861577
47,rgcn,58,0.2762317657470703,0.9004976715709895
47,rgcn,59,0.2738568186759949,0.901097653446547
47,rgcn,60,0.2737712562084198,0.9013056647240721
47,rgcn,61,0.27507588267326355,0.9014448205656765
47,rgcn,62,0.2689253091812134,0.9013651998304264
47,rgcn,63,0.27508237957954407,0.9018731108441999
47,rgcn,64,0.27879995107650757,0.9035802852750965
47,rgcn,65,0.27403637766838074,0.9064732071978173
47,rgcn,66,0.273449182510376,0.9081771857658542
47,rgcn,67,0.25705116987228394,0.9088207593569846
47,rgcn,68,0.2596483528614044,0.9103010069530957
47,rgcn,69,0.2694553732872009,0.9107856842925706
47,rgcn,70,0.26422303915023804,0.9092753057840312
47,rgcn,71,0.26112741231918335,0.9097649137080408
47,rgcn,72,0.2483758181333542,0.9085607401282314
47,rgcn,73,0.24622932076454163,0.9090128423823496
47,rgcn,74,0.24416139721870422,0.9089182785754
47,rgcn,75,0.2358793467283249,0.9069423692818905
47,rgcn,76,0.23805774748325348,0.9060842946026906
47,rgcn,77,0.23323923349380493,0.9060829767866062
47,rgcn,78,0.25238314270973206,0.9054381784480972
47,rgcn,79,0.23967964947223663,0.9033569746781018
47,rgcn,80,0.23154501616954803,0.9025676925133891
47,rgcn,81,0.23911969363689423,0.9014908581895906
47,rgcn,82,0.23793357610702515,0.9061293300846288
47,rgcn,83,0.22177202999591827,0.9096681680553337
47,rgcn,84,0.233109250664711,0.9085142985315721
47,rgcn,85,0.22500723600387573,0.9050263298805966
47,rgcn,86,0.23509013652801514,0.9040286200907955
47,rgcn,87,0.21729980409145355,0.9032973669543984
47,rgcn,88,0.2231498807668686,0.9017188954899975
47,rgcn,89,0.21567784249782562,0.9032067413033014
47,rgcn,90,0.22299054265022278,0.9054750315181932
47,rgcn,91,0.22091937065124512,0.9027513236623149
47,rgcn,92,0.20939196646213531,0.9029474189245681
47,rgcn,93,0.22021295130252838,0.9051092212859991
47,rgcn,94,0.21381670236587524,0.9072768547116273
47,rgcn,95,0.22152581810951233,0.9038985150200111
47,rgcn,96,0.22079998254776,0.9082267977686974
47,rgcn,97,0.2186274379491806,0.9125563109956116
47,rgcn,98,0.21139219403266907,0.909617982226282
47,rgcn,99,0.20900002121925354,0.9068813111953016
47,rgcn,100,0.20725934207439423,0.9072093853652056
47,rgcn,101,0.20291416347026825,0.9066069576457765
47,rgcn,102,0.21289847791194916,0.9073666629936223
47,rgcn,103,0.2014046013355255,0.9064852531822547
47,rgcn,104,0.1939777433872223,0.902883427535382
47,rgcn,105,0.20335598289966583,0.9055764558495702
47,rgcn,106,0.19981649518013,0.9085952884730251
47,rgcn,107,0.2049960494041443,0.904313964602365
47,rgcn,108,0.1976148933172226,0.9009109909720677
47,rgcn,109,0.18800732493400574,0.9048335857740174
47,rgcn,110,0.188690185546875,0.9055965706974789
47,rgcn,111,0.19352610409259796,0.8992613621638993
47,rgcn,112,0.19808560609817505,0.9040820974970349
47,rgcn,113,0.19501911103725433,0.9083694160945014
47,rgcn,114,0.1826956868171692,0.906322022707037
47,rgcn,115,0.19485193490982056,0.9032419328039627
47,rgcn,116,0.18673068284988403,0.9018441389867003
47,rgcn,117,0.180788055062294,0.9047902338579967
47,rgcn,118,0.1865842044353485,0.9107469335575131
47,rgcn,119,0.19439095258712769,0.9111609696937223
47,rgcn,120,0.18195916712284088,0.9128760207344696
47,rgcn,121,0.17688879370689392,0.913060703316507
47,rgcn,122,0.17347197234630585,0.9089206215922263
47,rgcn,123,0.19491492211818695,0.9082728067269968
47,rgcn,124,0.1889369785785675,0.9089675264829342
47,rgcn,125,0.16432307660579681,0.9094451652015803
47,rgcn,126,0.16650085151195526,0.9092088278893987
47,rgcn,127,0.18390297889709473,0.909760416325189
47,rgcn,128,0.17113426327705383,0.9116604096942549
47,rgcn,129,0.17253927886486053,0.9110348307311704
47,rgcn,130,0.17371071875095367,0.910695146856957
47,rgcn,131,0.1625344306230545,0.9088984350866345
47,rgcn,132,0.16827858984470367,0.9096544082854925
47,rgcn,133,0.1714826077222824,0.9095267791250342
47,rgcn,134,0.1734354943037033,0.9080826208545519
47,rgcn,135,0.1743723750114441,0.9073599988896173
47,rgcn,136,0.16573022305965424,0.9048479664663875
47,rgcn,137,0.1660045087337494,0.9049476614592462
47,rgcn,138,0.15936557948589325,0.9068146013950514
47,rgcn,139,0.1926509588956833,0.908222150211381
47,rgcn,140,0.17941109836101532,0.9097793344809182
47,rgcn,141,0.15940524637699127,0.9093170077552795
47,rgcn,142,0.15765565633773804,0.9090844094811636
47,rgcn,143,0.15104742348194122,0.9097495841678651
47,rgcn,144,0.16029144823551178,0.9096497115013962
47,rgcn,145,0.15193459391593933,0.9071295397393315
47,rgcn,146,0.16663816571235657,0.9073859846826948
47,rgcn,147,0.14601261913776398,0.9077741625861461
47,rgcn,148,0.15377505123615265,0.9084884092063438
47,rgcn,149,0.153434619307518,0.907154273517651
47,rgcn,150,0.16749022901058197,0.9040006636382946
47,rgcn,151,0.1561448872089386,0.905344272886809
47,mlp,1,0.6973096132278442,0.6340620553658973
47,mlp,2,0.6735256314277649,0.6411105309901002
47,mlp,3,0.6622496843338013,0.6475688874028379
47,mlp,4,0.6462922692298889,0.6561220818304483
47,mlp,5,0.6479978561401367,0.6712223219679092
47,mlp,6,0.6424351930618286,0.6879868981388051
47,mlp,7,0.6347818374633789,0.7109552868095549
47,mlp,8,0.6230924129486084,0.7280699851725645
47,mlp,9,0.6230577230453491,0.7414261774369387
47,mlp,10,0.6179794669151306,0.7537109477547467
47,mlp,11,0.6134189367294312,0.7589288925203175
47,mlp,12,0.6130052804946899,0.7640967339136808
47,mlp,13,0.606133222579956,0.7661318091781244
47,mlp,14,0.5980139374732971,0.7673580496665515
47,mlp,15,0.5975755453109741,0.768364690738776
47,mlp,16,0.594661295413971,0.7693938143589589
47,mlp,17,0.5923807621002197,0.7711599260965243
47,mlp,18,0.5909889340400696,0.7719677715910214
47,mlp,19,0.5913254022598267,0.7722143005242736
47,mlp,20,0.586797833442688,0.7733036660936403
47,mlp,21,0.5987858176231384,0.774114107247529
47,mlp,22,0.5935317873954773,0.7746969643225855
47,mlp,23,0.5795394778251648,0.7758815612371841
47,mlp,24,0.5798723697662354,0.7773219184175777
47,mlp,25,0.585700273513794,0.7792187705260046
47,mlp,26,0.5784443020820618,0.7783691889476817
47,mlp,27,0.5794823169708252,0.7785931111982537
47,mlp,28,0.5775267481803894,0.7797975982685517
47,mlp,29,0.5755273699760437,0.7805284658293047
47,mlp,30,0.5765147805213928,0.7809720507656324
47,mlp,31,0.5726696848869324,0.7813743932590598
47,mlp,32,0.5793571472167969,0.7816436661404673
47,mlp,33,0.5735766887664795,0.7822313244223024
47,mlp,34,0.5742536187171936,0.7821771152062641
47,mlp,35,0.568681538105011,0.7821792134192346
47,mlp,36,0.56233149766922,0.7825627645923074
47,mlp,37,0.5701791644096375,0.7828100813993001
47,mlp,38,0.5653379559516907,0.7836716526047268
47,mlp,39,0.5684219002723694,0.7841079870316668
47,mlp,40,0.5615619421005249,0.7841357911393578
47,mlp,41,0.565570592880249,0.7838415238993316
47,mlp,42,0.5644175410270691,0.783626436176798
47,mlp,43,0.5548160672187805,0.7844744807186772
47,mlp,44,0.5643277168273926,0.7849135835828154
47,mlp,45,0.5648669600486755,0.7854134345263899
47,mlp,46,0.5571855306625366,0.7863900373602921
47,mlp,47,0.5616062879562378,0.7869360394708297
47,mlp,48,0.5595990419387817,0.7875840251117361
47,mlp,49,0.5566950440406799,0.787911691365729
47,mlp,50,0.5547594428062439,0.7889402357938184
47,mlp,51,0.5626600384712219,0.7898172410587865
47,mlp,52,0.5504659414291382,0.7905282203376309
47,mlp,53,0.5471160411834717,0.7909410409118012
47,mlp,54,0.5527482628822327,0.792111072999216
47,mlp,55,0.5495189428329468,0.7929320479436777
47,mlp,56,0.5455575585365295,0.7932744239089651
47,mlp,57,0.5544205904006958,0.7947804884878097
47,mlp,58,0.5415588021278381,0.7951929653298954
47,mlp,59,0.5474017858505249,0.7960097806635269
47,mlp,60,0.5385880470275879,0.79625959218431
47,mlp,61,0.5544915795326233,0.7966822738883849
47,mlp,62,0.5409176349639893,0.7967015374429821
47,mlp,63,0.5445330142974854,0.7964433028674157
47,mlp,64,0.5405468344688416,0.7968001215576724
47,mlp,65,0.5398697853088379,0.7967462507143657
47,mlp,66,0.5400266647338867,0.7980516198100926
47,mlp,67,0.5372405648231506,0.7983316598608292
47,mlp,68,0.5420559048652649,0.7989666504770728
47,mlp,69,0.5442635416984558,0.7991947388222387
47,mlp,70,0.5354433059692383,0.7994613213168309
47,mlp,71,0.5287336707115173,0.7992978496754335
47,mlp,72,0.537803590297699,0.7992576248752148
47,mlp,73,0.5370562076568604,0.7984609330735933
47,mlp,74,0.5382733345031738,0.799011950303583
47,mlp,75,0.5304875373840332,0.7999278721022327
47,mlp,76,0.5316100120544434,0.7996036356786252
47,mlp,77,0.5338873267173767,0.7992121473031283
47,mlp,78,0.5341231822967529,0.7973065248988706
47,mlp,79,0.533392071723938,0.797122509414757
47,mlp,80,0.5332253575325012,0.7971227967337293
47,mlp,81,0.5287067890167236,0.7970390292965808
47,mlp,82,0.5301082730293274,0.7971573923514639
47,mlp,83,0.542995274066925,0.7964845787778827
47,mlp,84,0.5268183946609497,0.7964635403618243
47,mlp,85,0.5293410420417786,0.7962610821516263
47,mlp,86,0.5371701717376709,0.7982196532513085
47,mlp,87,0.5316323041915894,0.7983229180872665
47,mlp,88,0.535007119178772,0.7977253387612103
47,mlp,89,0.5347927808761597,0.7969277109700241
47,mlp,90,0.5307698249816895,0.796911879785028
47,mlp,91,0.529191255569458,0.7973981122731866
47,mlp,92,0.5267950892448425,0.7966875851733819
47,mlp,93,0.5280731320381165,0.7962515094169537
47,mlp,94,0.5288366675376892,0.7961927557489873
47,mlp,95,0.5302308201789856,0.7958907359619457
47,mlp,96,0.5297252535820007,0.7961081979253691
47,mlp,97,0.529657244682312,0.7959345152784083
47,mlp,98,0.527485191822052,0.7958623109168532
47,mlp,99,0.5342203378677368,0.7957177066836898
47,mlp,100,0.528796911239624,0.793596555441457
47,mlp,101,0.5218515396118164,0.7929059963575756
47,mlp,102,0.5337942242622375,0.792507983450093
47,mlp,103,0.5248461365699768,0.7938432043929119
47,mlp,104,0.5287599563598633,0.7941982037873935
47,mlp,105,0.5251733064651489,0.7953872701717454
47,gcn_homogeneous,1,0.717082679271698,0.5186963944858674
47,gcn_homogeneous,2,0.7962307929992676,0.6676222658594819
47,gcn_homogeneous,3,0.6741074919700623,0.7266055139001368
47,gcn_homogeneous,4,0.6804198026657104,0.7288998604909495
47,gcn_homogeneous,5,0.6856443881988525,0.7265625598287184
47,gcn_homogeneous,6,0.6745454668998718,0.7154362833208816
47,gcn_homogeneous,7,0.6606758236885071,0.7139929689593933
47,gcn_homogeneous,8,0.6466501951217651,0.7273333216469459
47,gcn_homogeneous,9,0.6323814988136292,0.7461224613823321
47,gcn_homogeneous,10,0.6097018122673035,0.7650461635817862
47,gcn_homogeneous,11,0.5796517729759216,0.7830242433306889
47,gcn_homogeneous,12,0.5448141694068909,0.7957788056649135
47,gcn_homogeneous,13,0.5200768709182739,0.8097324520678323
47,gcn_homogeneous,14,0.5158872008323669,0.8217765872111206
47,gcn_homogeneous,15,0.5173476338386536,0.8348777584950215
47,gcn_homogeneous,16,0.48501840233802795,0.8500160801984439
47,gcn_homogeneous,17,0.4823763370513916,0.862483577278951
47,gcn_homogeneous,18,0.46462228894233704,0.8687389677663229
47,gcn_homogeneous,19,0.46023648977279663,0.8760948120870073
47,gcn_homogeneous,20,0.4361995458602905,0.8801712003350224
47,gcn_homogeneous,21,0.43838509917259216,0.8850937546727952
47,gcn_homogeneous,22,0.4247961640357971,0.887836513994742
47,gcn_homogeneous,23,0.4297426640987396,0.8893595764923541
47,gcn_homogeneous,24,0.4160986840724945,0.890395953643608
47,gcn_homogeneous,25,0.40935608744621277,0.8896604222416382
47,gcn_homogeneous,26,0.4069092869758606,0.8908474000693942
47,gcn_homogeneous,27,0.4063127636909485,0.8909498400053636
47,gcn_homogeneous,28,0.3916526436805725,0.8910259493346838
47,gcn_homogeneous,29,0.3766658902168274,0.8916996821062517
47,gcn_homogeneous,30,0.37428000569343567,0.8922762672907047
47,gcn_homogeneous,31,0.37157201766967773,0.8933516283286093
47,gcn_homogeneous,32,0.35883212089538574,0.893812163508554
47,gcn_homogeneous,33,0.3616181015968323,0.8947029704830671
47,gcn_homogeneous,34,0.37342897057533264,0.8957654200748733
47,gcn_homogeneous,35,0.3588618040084839,0.8967368214988589
47,gcn_homogeneous,36,0.36513271927833557,0.8975823324744212
47,gcn_homogeneous,37,0.3683231770992279,0.8979532510942017
47,gcn_homogeneous,38,0.3464079201221466,0.8984002049184538
47,gcn_homogeneous,39,0.36133894324302673,0.8989117840453181
47,gcn_homogeneous,40,0.35842379927635193,0.8986238961511117
47,gcn_homogeneous,41,0.3506123721599579,0.8987264847797996
47,gcn_homogeneous,42,0.34358012676239014,0.8988168586720179
47,gcn_homogeneous,43,0.3427916467189789,0.8990802485783078
47,gcn_homogeneous,44,0.34521883726119995,0.8988569421201104
47,gcn_homogeneous,45,0.33590996265411377,0.899797811526125
47,gcn_homogeneous,46,0.3478926122188568,0.9013052988885346
47,gcn_homogeneous,47,0.3418046236038208,0.9024285396895528
47,gcn_homogeneous,48,0.339336633682251,0.9026061614259383
47,gcn_homogeneous,49,0.33478930592536926,0.9029599875017977
47,gcn_homogeneous,50,0.3442625105381012,0.9030386240372597
47,gcn_homogeneous,51,0.331821471452713,0.9045346195492547
47,gcn_homogeneous,52,0.3345066010951996,0.9049743384789564
47,gcn_homogeneous,53,0.32245028018951416,0.9040710066234828
47,gcn_homogeneous,54,0.32599112391471863,0.9027492617191233
47,gcn_homogeneous,55,0.33686020970344543,0.9028637641543713
47,gcn_homogeneous,56,0.324423223733902,0.9032946869693768
47,gcn_homogeneous,57,0.3213426470756531,0.9040975869817179
47,gcn_homogeneous,58,0.3269500732421875,0.9040988875089679
47,gcn_homogeneous,59,0.3144117295742035,0.9039485104884086
47,gcn_homogeneous,60,0.31613436341285706,0.9048782336438851
47,gcn_homogeneous,61,0.3175452649593353,0.9048991589844455
47,gcn_homogeneous,62,0.31899699568748474,0.9058861870047431
47,gcn_homogeneous,63,0.314140260219574,0.9059424586993543
47,gcn_homogeneous,64,0.31347841024398804,0.9051362345418172
47,gcn_homogeneous,65,0.31361180543899536,0.9049831069044808
47,gcn_homogeneous,66,0.31747618317604065,0.9048819554708747
47,gcn_homogeneous,67,0.3052654564380646,0.9045304895542146
47,gcn_homogeneous,68,0.3172891438007355,0.9046302600907797
47,gcn_homogeneous,69,0.29486846923828125,0.9053481453637966
47,gcn_homogeneous,70,0.3050466775894165,0.9061931818132285
47,gcn_homogeneous,71,0.29803651571273804,0.9074258363417801
47,gcn_homogeneous,72,0.29758191108703613,0.907772106773375
47,gcn_homogeneous,73,0.30840182304382324,0.9076770495949156
47,gcn_homogeneous,74,0.30877235531806946,0.9078809296997971
47,gcn_homogeneous,75,0.3039402663707733,0.9077792743075233
47,gcn_homogeneous,76,0.30430465936660767,0.9083488370006709
47,gcn_homogeneous,77,0.2986432909965515,0.9091249921024637
47,gcn_homogeneous,78,0.29521703720092773,0.9089946005208729
47,gcn_homogeneous,79,0.2961418032646179,0.9088773650498099
47,gcn_homogeneous,80,0.28097426891326904,0.9088248892191266
47,gcn_homogeneous,81,0.2991218864917755,0.9086161745480323
47,gcn_homogeneous,82,0.3039725124835968,0.9091033208318655
47,gcn_homogeneous,83,0.2921503782272339,0.90903488881852
47,gcn_homogeneous,84,0.30039167404174805,0.9097996768308058
47,gcn_homogeneous,85,0.29701825976371765,0.910391920995494
47,gcn_homogeneous,86,0.28516268730163574,0.9093944806305759
47,gcn_homogeneous,87,0.28112348914146423,0.9099638391624237
47,gcn_homogeneous,88,0.28716692328453064,0.9102625438453588
47,gcn_homogeneous,89,0.27993321418762207,0.9111991077915145
47,gcn_homogeneous,90,0.2830415368080139,0.9115429349729812
47,gcn_homogeneous,91,0.28933751583099365,0.9120534687127428
47,gcn_homogeneous,92,0.27597033977508545,0.9126285308360318
47,gcn_homogeneous,93,0.28926387429237366,0.913833813692914
47,gcn_homogeneous,94,0.2758086323738098,0.9148377197269287
47,gcn_homogeneous,95,0.29202041029930115,0.9136840451096149
47,gcn_homogeneous,96,0.282614529132843,0.9131885508534188
47,gcn_homogeneous,97,0.264685720205307,0.9127130507020987
47,gcn_homogeneous,98,0.2751636505126953,0.912249521222063
47,gcn_homogeneous,99,0.2746162414550781,0.9133700617078683
47,gcn_homogeneous,100,0.2851782441139221,0.9135332839168272
47,gcn_homogeneous,101,0.28243687748908997,0.9140975513469215
47,gcn_homogeneous,102,0.2838377058506012,0.9146043466926334
47,gcn_homogeneous,103,0.2756534218788147,0.9148843011831599
47,gcn_homogeneous,104,0.2740744948387146,0.9131870107689739
47,gcn_homogeneous,105,0.2769871652126312,0.9130811322752821
47,gcn_homogeneous,106,0.27132150530815125,0.9127836378681418
47,gcn_homogeneous,107,0.271467387676239,0.9113329929102786
47,gcn_homogeneous,108,0.26736027002334595,0.9095453260747182
47,gcn_homogeneous,109,0.2619074285030365,0.9092376066697717
47,gcn_homogeneous,110,0.2554437518119812,0.9087126532379757
47,gcn_homogeneous,111,0.2597116231918335,0.9086858834215925
47,gcn_homogeneous,112,0.26751717925071716,0.9084706125838741
47,gcn_homogeneous,113,0.2793145477771759,0.911019691136663
47,gcn_homogeneous,114,0.2722359895706177,0.9120409334414883
47,gcn_homogeneous,115,0.2798187732696533,0.9134445110745634
47,gcn_homogeneous,116,0.25882038474082947,0.9129475556242731
47,gcn_homogeneous,117,0.27474352717399597,0.9139252917462295
47,gcn_homogeneous,118,0.2571115791797638,0.913468922696746
47,gcn_homogeneous,119,0.27916526794433594,0.9121629341110898
47,gcn_homogeneous,120,0.2592771649360657,0.9113837489832749
47,gcn_homogeneous,121,0.26250123977661133,0.9121850816457532
47,gcn_homogeneous,122,0.2753024697303772,0.9128028017636032
47,gcn_homogeneous,123,0.2568432092666626,0.9135646001536799
47,gcn_homogeneous,124,0.25662750005722046,0.9150789060833503
47,gcn_homogeneous,125,0.263068288564682,0.9156622170046208
47,gcn_homogeneous,126,0.26131606101989746,0.9151097622824216
47,gcn_homogeneous,127,0.2658064663410187,0.9142720394776007
47,gcn_homogeneous,128,0.2528362274169922,0.9138724127599722
47,gcn_homogeneous,129,0.24625538289546967,0.9127723962918314
47,gcn_homogeneous,130,0.2584580183029175,0.9123657792156256
47,gcn_homogeneous,131,0.25912657380104065,0.9127645123859295
47,gcn_homogeneous,132,0.25845375657081604,0.9130788339283459
47,gcn_homogeneous,133,0.25603964924812317,0.9123796133553507
47,gcn_homogeneous,134,0.2552758753299713,0.9119953679345071
47,gcn_homogeneous,135,0.25095030665397644,0.911610708187178
47,gcn_homogeneous,136,0.26524609327316284,0.9101587699377497
47,gcn_homogeneous,137,0.25322261452674866,0.9096932667273935
47,gcn_homogeneous,138,0.26583853363990784,0.9107152984907727
47,gcn_homogeneous,139,0.26132264733314514,0.9129531674573235
47,gcn_homogeneous,140,0.2479781210422516,0.914228255613688
47,gcn_homogeneous,141,0.24710741639137268,0.9154588087068434
47,gcn_homogeneous,142,0.2579358220100403,0.9159408801882823
47,gcn_homogeneous,143,0.26197031140327454,0.9154891889311234
47,gcn_homogeneous,144,0.23800736665725708,0.9149086184955773
47,gcn_homogeneous,145,0.2407127022743225,0.9139563251032978
47,gcn_homogeneous,146,0.2530875504016876,0.9142199845746288
47,gcn_homogeneous,147,0.24857401847839355,0.9144008570862885
47,gcn_homogeneous,148,0.2591744661331177,0.9148087991466721
47,gcn_homogeneous,149,0.23556098341941833,0.9157714006509772
47,gcn_homogeneous,150,0.24124668538570404,0.916737932536039
47,gcn_homogeneous,151,0.24510557949543,0.9165565682412609
47,gcn_homogeneous,152,0.2538699209690094,0.9164834585173486
47,gcn_homogeneous,153,0.24983960390090942,0.915717664999882
47,gcn_homogeneous,154,0.24531817436218262,0.9149979036454017
47,gcn_homogeneous,155,0.23856677114963531,0.9138987415713993
47,gcn_homogeneous,156,0.2460300326347351,0.9135612950787646
47,gcn_homogeneous,157,0.2439132034778595,0.9131001620210853
47,gcn_homogeneous,158,0.25376731157302856,0.9137889750749193
47,gcn_homogeneous,159,0.23705722391605377,0.9146187263779256
47,gcn_homogeneous,160,0.2412310689687729,0.9137263333576585
47,gcn_homogeneous,161,0.2522129714488983,0.9136195894195971
47,gcn_homogeneous,162,0.24559661746025085,0.9136947513772639
47,gcn_homogeneous,163,0.2493649125099182,0.9146466784828626
47,gcn_homogeneous,164,0.2322527915239334,0.9142406591107232
47,gcn_homogeneous,165,0.24214142560958862,0.9150021920272075
47,gcn_homogeneous,166,0.2385297268629074,0.9156335250445242
47,gcn_homogeneous,167,0.23666293919086456,0.9153229549367367
47,gcn_homogeneous,168,0.24407410621643066,0.9160109718715814
47,gcn_homogeneous,169,0.24305102229118347,0.9164929023200735
47,gcn_homogeneous,170,0.2285720556974411,0.9159503153077694
47,gcn_homogeneous,171,0.2359471470117569,0.916336444614303
47,gcn_homogeneous,172,0.23237766325473785,0.9158118910982682
47,gcn_homogeneous,173,0.23001974821090698,0.9170419458029012
47,gcn_homogeneous,174,0.2361149787902832,0.9169958153489138
47,gcn_homogeneous,175,0.2304275631904602,0.9164622746499729
47,gcn_homogeneous,176,0.25148406624794006,0.917480944882935
47,gcn_homogeneous,177,0.24726079404354095,0.9170419189572385
47,gcn_homogeneous,178,0.23759149014949799,0.9164385870247597
47,gcn_homogeneous,179,0.2239616960287094,0.9158848404536662
47,gcn_homogeneous,180,0.23535510897636414,0.9151988986586076
47,gcn_homogeneous,181,0.25642502307891846,0.9154038976232372
47,gcn_homogeneous,182,0.2272670865058899,0.9149451413119609
47,gcn_homogeneous,183,0.2339051365852356,0.9147973872754047
47,gcn_homogeneous,184,0.2404704988002777,0.9130263336333994
47,gcn_homogeneous,185,0.23564130067825317,0.912856772429737
47,gcn_homogeneous,186,0.2448078840970993,0.9103039118819887
47,gcn_homogeneous,187,0.23300424218177795,0.9105615565440102
47,gcn_homogeneous,188,0.23009814321994781,0.9118413483312005
47,gcn_homogeneous,189,0.2428802251815796,0.912645096796681
47,gcn_homogeneous,190,0.22493958473205566,0.913171748073964
47,gcn_homogeneous,191,0.2468724250793457,0.9139548336865463
47,gcn_homogeneous,192,0.22983752191066742,0.9139862145461686
47,gcn_homogeneous,193,0.23754221200942993,0.9127706020433861
47,gcn_homogeneous,194,0.23877860605716705,0.9116839074455925
47,gcn_homogeneous,195,0.23480680584907532,0.9114332531586647
47,gcn_homogeneous,196,0.22133061289787292,0.9114447775310116
47,gcn_homogeneous,197,0.24508102238178253,0.9105866128197628
47,gcn_homogeneous,198,0.22188207507133484,0.9104291527102008
47,gcn_homogeneous,199,0.22297409176826477,0.9117739089974097
47,gcn_homogeneous,200,0.23638232052326202,0.9115982885554677
