condition,scope,auprc,recall,recall_at_50,recall_at_100,macro_f1,precision,roc_auc,ece,brier,n,n_pos,pos_rate,repeat_seed,best_epoch,val_auprc_weak,n_supervised,budget,n_annotations_used,n_annotations_positive,seed,annotation_source,annotation_manifest,is_fixture
A2_feedback_langsung,entity,0.6558828646630351,0.9074074074074074,0.5370370370370371,0.6851851851851852,0.5479626436449063,0.2,0.8983406847300988,0.3178802229408765,0.26979122534061356,583.0,54.0,0.09262435677530018,42,126,0.9193536510556304,7,10,7,4,42,data\synthetic\seed_42\human_annotations_majority.csv,data\synthetic\seed_42\sample_manifest_merged.json,False
A2_feedback_langsung,all,0.5692350958052592,0.9074074074074074,0.48148148148148145,0.6111111111111112,0.5211988304093567,0.16013071895424835,0.8826628352490421,0.3578436994052665,0.2900814199719055,750.0,54.0,0.072,42,126,0.9193536510556304,7,10,7,4,42,data\synthetic\seed_42\human_annotations_majority.csv,data\synthetic\seed_42\sample_manifest_merged.json,False
A2_feedback_langsung,entity,0.6052797723042579,0.8518518518518519,0.5185185185185185,0.6481481481481481,0.5518688890216461,0.19913419913419914,0.868129944689491,0.28780499375371904,0.25651514444863227,583.0,54.0,0.09262435677530018,43,108,0.9180409371668202,7,10,7,4,42,data\synthetic\seed_42\human_annotations_majority.csv,data\synthetic\seed_42\sample_manifest_merged.json,False
A2_feedback_langsung,all,0.5474537375380225,0.8518518518518519,0.46296296296296297,0.5740740740740741,0.532093765341188,0.16312056737588654,0.8553639846743295,0.3175563674339601,0.26225479353286724,750.0,54.0,0.072,43,108,0.9180409371668202,7,10,7,4,42,data\synthetic\seed_42\human_annotations_majority.csv,data\synthetic\seed_42\sample_manifest_merged.json,False
A2_feedback_langsung,entity,0.6426830423125383,0.8703703703703703,0.5185185185185185,0.7037037037037037,0.5851302586646119,0.22488038277511962,0.9013512567387804,0.25862425924956733,0.21965949004728014,583.0,54.0,0.09262435677530018,44,105,0.9224155972838645,7,10,7,4,42,data\synthetic\seed_42\human_annotations_majority.csv,data\synthetic\seed_42\sample_manifest_merged.json,False
A2_feedback_langsung,all,0.562120756780494,0.8703703703703703,0.46296296296296297,0.5740740740740741,0.557910376253933,0.18146718146718147,0.8785653469561516,0.30950599423149455,0.24357841477574957,750.0,54.0,0.072,44,105,0.9224155972838645,7,10,7,4,42,data\synthetic\seed_42\human_annotations_majority.csv,data\synthetic\seed_42\sample_manifest_merged.json,False
A2_feedback_langsung,entity,0.6163182482919815,0.8703703703703703,0.5185185185185185,0.6111111111111112,0.5489405989199804,0.19831223628691982,0.874991248337184,0.31183826682612503,0.2750224554746645,583.0,54.0,0.09262435677530018,45,91,0.9247481288071377,7,10,7,4,42,data\synthetic\seed_42\human_annotations_majority.csv,data\synthetic\seed_42\sample_manifest_merged.json,False
A2_feedback_langsung,all,0.546833550986012,0.8703703703703703,0.48148148148148145,0.5740740740740741,0.5275738753999624,0.16151202749140894,0.8616698595146871,0.33309995087003175,0.28169290760700394,750.0,54.0,0.072,45,91,0.9247481288071377,7,10,7,4,42,data\synthetic\seed_42\human_annotations_majority.csv,data\synthetic\seed_42\sample_manifest_merged.json,False
A2_feedback_langsung,entity,0.6416907319940316,0.9074074074074074,0.5370370370370371,0.6851851851851852,0.5342327404280977,0.19140625,0.8979556115661976,0.33423497713130956,0.2889400738631893,583.0,54.0,0.09262435677530018,46,117,0.9182257241117314,7,10,7,4,42,data\synthetic\seed_42\human_annotations_majority.csv,data\synthetic\seed_42\sample_manifest_merged.json,False
A2_feedback_langsung,all,0.5501481546898586,0.9074074074074074,0.48148148148148145,0.6296296296296297,0.520281921012503,0.15960912052117263,0.8873323754789272,0.3663727286357677,0.2971402960232738,750.0,54.0,0.072,46,117,0.9182257241117314,7,10,7,4,42,data\synthetic\seed_42\human_annotations_majority.csv,data\synthetic\seed_42\sample_manifest_merged.json,False
A2_feedback_langsung,entity,0.6149671039492585,0.9259259259259259,0.5185185185185185,0.6481481481481481,0.5436312509499924,0.1984126984126984,0.8952600994188895,0.3280624126103373,0.27778133196723936,583.0,54.0,0.09262435677530018,47,89,0.9133193631606569,7,10,7,4,42,data\synthetic\seed_42\human_annotations_majority.csv,data\synthetic\seed_42\sample_manifest_merged.json,False
A2_feedback_langsung,all,0.5339044002785029,0.9259259259259259,0.46296296296296297,0.6111111111111112,0.47532063738826275,0.13850415512465375,0.8779267773520647,0.39714495944368766,0.31736138476706854,750.0,54.0,0.072,47,89,0.9133193631606569,7,10,7,4,42,data\synthetic\seed_42\human_annotations_majority.csv,data\synthetic\seed_42\sample_manifest_merged.json,False
A2_feedback_langsung,entity,0.6369533861039758,0.8888888888888888,0.5370370370370371,0.6296296296296297,0.5447143784987474,0.19672131147540983,0.8889238955401526,0.3154380576345899,0.26823035414182805,583.0,54.0,0.09262435677530018,48,91,0.9164796660396997,7,10,7,4,42,data\synthetic\seed_42\human_annotations_majority.csv,data\synthetic\seed_42\sample_manifest_merged.json,False
A2_feedback_langsung,all,0.5902413865240664,0.8888888888888888,0.5,0.6111111111111112,0.5202805531661483,0.15841584158415842,0.877208386547467,0.35330151409030963,0.28281400163438136,750.0,54.0,0.072,48,91,0.9164796660396997,7,10,7,4,42,data\synthetic\seed_42\human_annotations_majority.csv,data\synthetic\seed_42\sample_manifest_merged.json,False
A2_feedback_langsung,entity,0.6109310197906436,0.8333333333333334,0.5,0.6111111111111112,0.5190642690642691,0.17716535433070865,0.870020303857733,0.33582577563032123,0.30612990285642583,583.0,54.0,0.09262435677530018,49,105,0.9241949212501213,7,10,7,4,42,data\synthetic\seed_42\human_annotations_majority.csv,data\synthetic\seed_42\sample_manifest_merged.json,False
A2_feedback_langsung,all,0.5331174292883515,0.8333333333333334,0.46296296296296297,0.5925925925925926,0.5030277820770779,0.14516129032258066,0.8630401234567902,0.3591681637119425,0.3093340724679256,750.0,54.0,0.072,49,105,0.9241949212501213,7,10,7,4,42,data\synthetic\seed_42\human_annotations_majority.csv,data\synthetic\seed_42\sample_manifest_merged.json,False
A2_feedback_langsung,entity,0.5861930053721911,0.8703703703703703,0.5370370370370371,0.5925925925925926,0.5352587687024773,0.18951612903225806,0.873660995589162,0.32992444765573936,0.29568041041456816,583.0,54.0,0.09262435677530018,50,129,0.9197690095989831,7,10,7,4,42,data\synthetic\seed_42\human_annotations_majority.csv,data\synthetic\seed_42\sample_manifest_merged.json,False
A2_feedback_langsung,all,0.5303168988984913,0.8703703703703703,0.4444444444444444,0.5555555555555556,0.5175119823996228,0.15562913907284767,0.8597275436355897,0.3678645553977571,0.30502744376968677,750.0,54.0,0.072,50,129,0.9197690095989831,7,10,7,4,42,data\synthetic\seed_42\human_annotations_majority.csv,data\synthetic\seed_42\sample_manifest_merged.json,False
A2_feedback_langsung,entity,0.6130544884954384,0.8703703703703703,0.5370370370370371,0.6111111111111112,0.5451850464956625,0.19583333333333333,0.8761814744801513,0.3094965829684492,0.2743533289958174,583.0,54.0,0.09262435677530018,51,90,0.9148248021953851,7,10,7,4,42,data\synthetic\seed_42\human_annotations_majority.csv,data\synthetic\seed_42\sample_manifest_merged.json,False
A2_feedback_langsung,all,0.5609216743576592,0.8703703703703703,0.48148148148148145,0.5925925925925926,0.5229813664596273,0.15878378378378377,0.8577852277564921,0.36086982911971055,0.2953398956698842,750.0,54.0,0.072,51,90,0.9148248021953851,7,10,7,4,42,data\synthetic\seed_42\human_annotations_majority.csv,data\synthetic\seed_42\sample_manifest_merged.json,False
A2_feedback_langsung,entity,0.6127136481586815,0.8333333333333334,0.5370370370370371,0.6296296296296297,0.5397820324005891,0.189873417721519,0.8751312749422391,0.3136917011291919,0.2879943839349994,583.0,54.0,0.09262435677530018,52,139,0.914848756483289,7,10,7,4,42,data\synthetic\seed_42\human_annotations_majority.csv,data\synthetic\seed_42\sample_manifest_merged.json,False
A2_feedback_langsung,all,0.516376476617412,0.8333333333333334,0.46296296296296297,0.5740740740740741,0.5200451722190853,0.15463917525773196,0.866166453810132,0.33039733967883234,0.29185904831345183,750.0,54.0,0.072,52,139,0.914848756483289,7,10,7,4,42,data\synthetic\seed_42\human_annotations_majority.csv,data\synthetic\seed_42\sample_manifest_merged.json,False
A2_feedback_langsung,entity,0.6267862730686098,0.8888888888888888,0.5185185185185185,0.7222222222222222,0.5611565804408866,0.2077922077922078,0.8929496604354827,0.29795390784014203,0.26273720626509117,583.0,54.0,0.09262435677530018,53,133,0.9150930934102663,7,10,7,4,42,data\synthetic\seed_42\human_annotations_majority.csv,data\synthetic\seed_42\sample_manifest_merged.json,False
A2_feedback_langsung,all,0.497907395917703,0.8888888888888888,0.46296296296296297,0.5925925925925926,0.5322684477347711,0.16551724137931034,0.8690134099616857,0.3460570579361093,0.28664484092389814,750.0,54.0,0.072,53,133,0.9150930934102663,7,10,7,4,42,data\synthetic\seed_42\human_annotations_majority.csv,data\synthetic\seed_42\sample_manifest_merged.json,False
A2_feedback_langsung,entity,0.5922857243828132,0.8333333333333334,0.5370370370370371,0.6111111111111112,0.5263214373313712,0.1814516129032258,0.8696002240425682,0.32610307004764083,0.29298911074507694,583.0,54.0,0.09262435677530018,54,143,0.9198117702517604,7,10,7,4,42,data\synthetic\seed_42\human_annotations_majority.csv,data\synthetic\seed_42\sample_manifest_merged.json,False
A2_feedback_langsung,all,0.47365551603724665,0.8333333333333334,0.42592592592592593,0.5370370370370371,0.5083603205197194,0.14802631578947367,0.85012239250745,0.36989926709086696,0.3096244742556515,750.0,54.0,0.072,54,143,0.9198117702517604,7,10,7,4,42,data\synthetic\seed_42\human_annotations_majority.csv,data\synthetic\seed_42\sample_manifest_merged.json,False
A2_feedback_langsung,entity,0.6178146661503597,0.9259259259259259,0.5185185185185185,0.6296296296296297,0.5188504236050249,0.18382352941176472,0.8893439753553175,0.36459051351984995,0.32415724749608515,583.0,54.0,0.09262435677530018,55,100,0.921534456793547,7,10,7,4,42,data\synthetic\seed_42\human_annotations_majority.csv,data\synthetic\seed_42\sample_manifest_merged.json,False
A2_feedback_langsung,all,0.5490140787455063,0.9259259259259259,0.5,0.5740740740740741,0.5029681899641577,0.15151515151515152,0.8784456151553852,0.3961132678450916,0.32982643314969007,750.0,54.0,0.072,55,100,0.921534456793547,7,10,7,4,42,data\synthetic\seed_42\human_annotations_majority.csv,data\synthetic\seed_42\sample_manifest_merged.json,False
A2_feedback_langsung,entity,0.6117143564993877,0.8888888888888888,0.5185185185185185,0.6851851851851852,0.5335345621945069,0.18972332015810275,0.8943499264860323,0.34551096235163004,0.31387085689235505,583.0,54.0,0.09262435677530018,56,181,0.916720501025693,7,10,7,4,42,data\synthetic\seed_42\human_annotations_majority.csv,data\synthetic\seed_42\sample_manifest_merged.json,False
A2_feedback_langsung,all,0.5440340115133665,0.8888888888888888,0.46296296296296297,0.6111111111111112,0.523945950885547,0.1605351170568562,0.8894077266922094,0.3647731801404237,0.3085511229435194,750.0,54.0,0.072,56,181,0.916720501025693,7,10,7,4,42,data\synthetic\seed_42\human_annotations_majority.csv,data\synthetic\seed_42\sample_manifest_merged.json,False
A2_feedback_langsung,entity,0.615164054935714,0.9074074074074074,0.5,0.6111111111111112,0.5219193262411348,0.18421052631578946,0.8788769866274592,0.3515775059666826,0.3123841324326092,583.0,54.0,0.09262435677530018,57,129,0.9221096893842394,7,10,7,4,42,data\synthetic\seed_42\human_annotations_majority.csv,data\synthetic\seed_42\sample_manifest_merged.json,False
A2_feedback_langsung,all,0.5458529492109707,0.9074074074074074,0.48148148148148145,0.5740740740740741,0.5057526377574278,0.15170278637770898,0.8685078756917837,0.3891760093263578,0.3243740880272418,750.0,54.0,0.072,57,129,0.9221096893842394,7,10,7,4,42,data\synthetic\seed_42\human_annotations_majority.csv,data\synthetic\seed_42\sample_manifest_merged.json,False
A2_feedback_langsung,entity,0.602035153376185,0.9074074074074074,0.5185185185185185,0.6296296296296297,0.5492221569294529,0.20081967213114754,0.884303017573339,0.3210024877948309,0.2775622217629854,583.0,54.0,0.09262435677530018,58,125,0.9182563166041363,7,10,7,4,42,data\synthetic\seed_42\human_annotations_majority.csv,data\synthetic\seed_42\sample_manifest_merged.json,False
A2_feedback_langsung,all,0.511906172986635,0.9074074074074074,0.4444444444444444,0.5740740740740741,0.5313655249328477,0.16610169491525423,0.872738399318859,0.3561495745917268,0.2875936956694867,750.0,54.0,0.072,58,125,0.9182563166041363,7,10,7,4,42,data\synthetic\seed_42\human_annotations_majority.csv,data\synthetic\seed_42\sample_manifest_merged.json,False
A2_feedback_langsung,entity,0.6283967329812249,0.8888888888888888,0.5370370370370371,0.7222222222222222,0.553519882179676,0.20253164556962025,0.8965028355387523,0.31194696071825145,0.27243011089674135,583.0,54.0,0.09262435677530018,59,102,0.9186989593084759,7,10,7,4,42,data\synthetic\seed_42\human_annotations_majority.csv,data\synthetic\seed_42\sample_manifest_merged.json,False
A2_feedback_langsung,all,0.5812215424153535,0.8888888888888888,0.5,0.5925925925925926,0.524865378523915,0.1610738255033557,0.8851505959982972,0.3477963238950126,0.28688224690674896,750.0,54.0,0.072,59,102,0.9186989593084759,7,10,7,4,42,data\synthetic\seed_42\human_annotations_majority.csv,data\synthetic\seed_42\sample_manifest_merged.json,False
A2_feedback_langsung,entity,0.6186859758215527,0.8888888888888888,0.5,0.6851851851851852,0.5347697218422253,0.19047619047619047,0.8892039487502625,0.33567018534960186,0.29759485630230176,583.0,54.0,0.09262435677530018,60,141,0.9201119356890456,7,10,7,4,42,data\synthetic\seed_42\human_annotations_majority.csv,data\synthetic\seed_42\sample_manifest_merged.json,False
A2_feedback_langsung,all,0.5427744477477301,0.8888888888888888,0.4444444444444444,0.5925925925925926,0.5166338747844612,0.1563517915309446,0.8796562366964666,0.37916050431810927,0.31171898753500643,750.0,54.0,0.072,60,141,0.9201119356890456,7,10,7,4,42,data\synthetic\seed_42\human_annotations_majority.csv,data\synthetic\seed_42\sample_manifest_merged.json,False
A2_feedback_langsung,entity,0.661543719898396,0.8703703703703703,0.5370370370370371,0.7037037037037037,0.5514552994046233,0.2,0.8977805783098789,0.3085440628769691,0.259601849854302,583.0,54.0,0.09262435677530018,61,105,0.9206287610565519,7,10,7,4,42,data\synthetic\seed_42\human_annotations_majority.csv,data\synthetic\seed_42\sample_manifest_merged.json,False
A2_feedback_langsung,all,0.5849304016692068,0.8703703703703703,0.5,0.6666666666666666,0.47229521794938084,0.13314447592067988,0.87718177948063,0.37350880296298417,0.292941317604319,750.0,54.0,0.072,61,105,0.9206287610565519,7,10,7,4,42,data\synthetic\seed_42\human_annotations_majority.csv,data\synthetic\seed_42\sample_manifest_merged.json,False
A3_feedback_propagasi,entity,0.6478218431730952,0.8888888888888888,0.5555555555555556,0.6666666666666666,0.5573272589217919,0.20512820512820512,0.8917944409437794,0.30762723201943665,0.2599243883323048,583.0,54.0,0.09262435677530018,42,126,0.9178092314800526,19,10,7,4,42,data\synthetic\seed_42\human_annotations_majority.csv,data\synthetic\seed_42\sample_manifest_merged.json,False
A3_feedback_propagasi,all,0.5568883126769871,0.8888888888888888,0.48148148148148145,0.6111111111111112,0.5276313856892847,0.16271186440677965,0.8758514261387824,0.34986145636392396,0.2818441805432972,750.0,54.0,0.072,42,126,0.9178092314800526,19,10,7,4,42,data\synthetic\seed_42\human_annotations_majority.csv,data\synthetic\seed_42\sample_manifest_merged.json,False
A3_feedback_propagasi,entity,0.5972003866466529,0.8703703703703703,0.5,0.5925925925925926,0.5389668753592328,0.19183673469387755,0.8687600644122384,0.32468882403645816,0.2891922255262677,583.0,54.0,0.09262435677530018,43,108,0.9201926071201377,19,10,7,4,42,data\synthetic\seed_42\human_annotations_majority.csv,data\synthetic\seed_42\sample_manifest_merged.json,False
A3_feedback_propagasi,all,0.5580533597143821,0.8703703703703703,0.46296296296296297,0.5370370370370371,0.5238972464457219,0.15932203389830507,0.8647296722009365,0.34237908343149537,0.2872419727395453,750.0,54.0,0.072,43,108,0.9201926071201377,19,10,7,4,42,data\synthetic\seed_42\human_annotations_majority.csv,data\synthetic\seed_42\sample_manifest_merged.json,False
A3_feedback_propagasi,entity,0.6251655980465196,0.8703703703703703,0.5,0.6851851851851852,0.5719372079954387,0.2146118721461187,0.8880837359098229,0.27768877806580694,0.24191889891842813,583.0,54.0,0.09262435677530018,44,105,0.9223168783050716,19,10,7,4,42,data\synthetic\seed_42\human_annotations_majority.csv,data\synthetic\seed_42\sample_manifest_merged.json,False
A3_feedback_propagasi,all,0.5338277528716362,0.8703703703703703,0.46296296296296297,0.5925925925925926,0.5472726127488032,0.17407407407407408,0.8638516389953171,0.32665794669430254,0.26309624123903963,750.0,54.0,0.072,44,105,0.9223168783050716,19,10,7,4,42,data\synthetic\seed_42\human_annotations_majority.csv,data\synthetic\seed_42\sample_manifest_merged.json,False
A3_feedback_propagasi,entity,0.6346813687862926,0.8703703703703703,0.5185185185185185,0.6666666666666666,0.5402066000680419,0.19262295081967212,0.8905166981726529,0.327213903293357,0.2826795327887934,583.0,54.0,0.09262435677530018,45,92,0.9230569282621958,19,10,7,4,42,data\synthetic\seed_42\human_annotations_majority.csv,data\synthetic\seed_42\sample_manifest_merged.json,False
A3_feedback_propagasi,all,0.583297680891229,0.8703703703703703,0.5,0.6111111111111112,0.5211533892936332,0.15771812080536912,0.8856029161345254,0.3433815505667217,0.285128494972553,750.0,54.0,0.072,45,92,0.9230569282621958,19,10,7,4,42,data\synthetic\seed_42\human_annotations_majority.csv,data\synthetic\seed_42\sample_manifest_merged.json,False
A3_feedback_propagasi,entity,0.6486940773194066,0.9074074074074074,0.5185185185185185,0.6481481481481481,0.5479626436449063,0.2,0.8977805783098789,0.3261402546363058,0.2782707653958305,583.0,54.0,0.09262435677530018,46,117,0.9169612867969147,19,10,7,4,42,data\synthetic\seed_42\human_annotations_majority.csv,data\synthetic\seed_42\sample_manifest_merged.json,False
A3_feedback_propagasi,all,0.5905421646027841,0.9074074074074074,0.48148148148148145,0.6296296296296297,0.5313655249328477,0.16610169491525423,0.8901660280970626,0.35635146557493225,0.2850909684813356,750.0,54.0,0.072,46,117,0.9169612867969147,19,10,7,4,42,data\synthetic\seed_42\human_annotations_majority.csv,data\synthetic\seed_42\sample_manifest_merged.json,False
A3_feedback_propagasi,entity,0.6291854866784937,0.9259259259259259,0.5185185185185185,0.6851851851851852,0.5324081845820976,0.19157088122605365,0.8979906182174613,0.3393757216415646,0.28524990185004845,583.0,54.0,0.09262435677530018,47,91,0.9147639825264973,19,10,7,4,42,data\synthetic\seed_42\human_annotations_majority.csv,data\synthetic\seed_42\sample_manifest_merged.json,False
A3_feedback_propagasi,all,0.5546300614351459,0.9259259259259259,0.48148148148148145,0.6111111111111112,0.48774560414250995,0.1440922190201729,0.8840996168582376,0.40182894690040927,0.3186373273716325,750.0,54.0,0.072,47,91,0.9147639825264973,19,10,7,4,42,data\synthetic\seed_42\human_annotations_majority.csv,data\synthetic\seed_42\sample_manifest_merged.json,False
A3_feedback_propagasi,entity,0.649130746190353,0.8888888888888888,0.5555555555555556,0.6666666666666666,0.5434647595020696,0.19591836734693877,0.898305678078835,0.3190014719688914,0.2828367206035758,583.0,54.0,0.09262435677530018,48,117,0.9181985338629106,19,10,7,4,42,data\synthetic\seed_42\human_annotations_majority.csv,data\synthetic\seed_42\sample_manifest_merged.json,False
A3_feedback_propagasi,all,0.6139792594123952,0.8888888888888888,0.5370370370370371,0.6296296296296297,0.5202805531661483,0.15841584158415842,0.8918422733077905,0.3470445528304053,0.29105443880814724,750.0,54.0,0.072,48,117,0.9181985338629106,19,10,7,4,42,data\synthetic\seed_42\human_annotations_majority.csv,data\synthetic\seed_42\sample_manifest_merged.json,False
A3_feedback_propagasi,entity,0.6162595821125774,0.8703703703703703,0.5185185185185185,0.6666666666666666,0.5340262879126847,0.18875502008032127,0.8806273191906463,0.3212720325704164,0.2743751589904497,583.0,54.0,0.09262435677530018,49,80,0.9246107429399796,19,10,7,4,42,data\synthetic\seed_42\human_annotations_majority.csv,data\synthetic\seed_42\sample_manifest_merged.json,False
A3_feedback_propagasi,all,0.543245231411967,0.8703703703703703,0.46296296296296297,0.5925925925925926,0.51479301497245,0.1540983606557377,0.8736164325244784,0.349294633350171,0.2833420541539191,750.0,54.0,0.072,49,80,0.9246107429399796,19,10,7,4,42,data\synthetic\seed_42\human_annotations_majority.csv,data\synthetic\seed_42\sample_manifest_merged.json,False
A3_feedback_propagasi,entity,0.6014735420369367,0.8703703703703703,0.5185185185185185,0.6296296296296297,0.5414482376507692,0.1934156378600823,0.8792270531400966,0.32240938939151165,0.29563503665550844,583.0,54.0,0.09262435677530018,50,189,0.9206062093437736,19,10,7,4,42,data\synthetic\seed_42\human_annotations_majority.csv,data\synthetic\seed_42\sample_manifest_merged.json,False
A3_feedback_propagasi,all,0.5238753726377348,0.8703703703703703,0.46296296296296297,0.5925925925925926,0.49689191002191313,0.14461538461538462,0.8599137931034482,0.37594347835667596,0.31756683366214883,750.0,54.0,0.072,50,189,0.9206062093437736,19,10,7,4,42,data\synthetic\seed_42\human_annotations_majority.csv,data\synthetic\seed_42\sample_manifest_merged.json,False
A3_feedback_propagasi,entity,0.596360436819262,0.8703703703703703,0.5,0.5925925925925926,0.5501968193985198,0.19915254237288135,0.8634740600714135,0.3006010415955281,0.2670330613308988,583.0,54.0,0.09262435677530018,51,96,0.9158600774817167,19,10,7,4,42,data\synthetic\seed_42\human_annotations_majority.csv,data\synthetic\seed_42\sample_manifest_merged.json,False
A3_feedback_propagasi,all,0.5499822973619234,0.8703703703703703,0.4444444444444444,0.5925925925925926,0.530345726146108,0.16319444444444445,0.8468497232865049,0.3421299206385574,0.278347476539812,750.0,54.0,0.072,51,96,0.9158600774817167,19,10,7,4,42,data\synthetic\seed_42\human_annotations_majority.csv,data\synthetic\seed_42\sample_manifest_merged.json,False
A3_feedback_propagasi,entity,0.5737249769100449,0.9259259259259259,0.48148148148148145,0.6111111111111112,0.5090755988023952,0.17857142857142858,0.8606735279703144,0.36041621012718683,0.3142198678402996,583.0,54.0,0.09262435677530018,52,68,0.9074479621162871,19,10,7,4,42,data\synthetic\seed_42\human_annotations_majority.csv,data\synthetic\seed_42\sample_manifest_merged.json,False
A3_feedback_propagasi,all,0.49950298931357945,0.9259259259259259,0.42592592592592593,0.5555555555555556,0.49488680637442506,0.14749262536873156,0.8509206045125585,0.39329183115566824,0.3231931818172028,750.0,54.0,0.072,52,68,0.9074479621162871,19,10,7,4,42,data\synthetic\seed_42\human_annotations_majority.csv,data\synthetic\seed_42\sample_manifest_merged.json,False
A3_feedback_propagasi,entity,0.6110965416828351,0.8703703703703703,0.5370370370370371,0.6481481481481481,0.5340262879126847,0.18875502008032127,0.8766015542953162,0.3267777491592076,0.2852296435562714,583.0,54.0,0.09262435677530018,53,120,0.9164623475547612,19,10,7,4,42,data\synthetic\seed_42\human_annotations_majority.csv,data\synthetic\seed_42\sample_manifest_merged.json,False
A3_feedback_propagasi,all,0.4691744624429311,0.8703703703703703,0.46296296296296297,0.5740740740740741,0.5129858285564195,0.15309446254071662,0.8510802469135803,0.3693352039054921,0.30597483975141987,750.0,54.0,0.072,53,120,0.9164623475547612,19,10,7,4,42,data\synthetic\seed_42\human_annotations_majority.csv,data\synthetic\seed_42\sample_manifest_merged.json,False
A3_feedback_propagasi,entity,0.5915034931811403,0.8888888888888888,0.5,0.6296296296296297,0.5067090818635087,0.17454545454545456,0.8625288804872926,0.3750657760766101,0.348788299145652,583.0,54.0,0.09262435677530018,54,191,0.9210074057931723,19,10,7,4,42,data\synthetic\seed_42\human_annotations_majority.csv,data\synthetic\seed_42\sample_manifest_merged.json,False
A3_feedback_propagasi,all,0.5102174374740417,0.8888888888888888,0.46296296296296297,0.5370370370370371,0.49419075171393756,0.14457831325301204,0.8563218390804598,0.38985828531008077,0.3456425558213153,750.0,54.0,0.072,54,191,0.9210074057931723,19,10,7,4,42,data\synthetic\seed_42\human_annotations_majority.csv,data\synthetic\seed_42\sample_manifest_merged.json,False
A3_feedback_propagasi,entity,0.6202489324119836,0.8888888888888888,0.5370370370370371,0.6481481481481481,0.5384853664972523,0.1927710843373494,0.8903591682419658,0.32889453331563,0.290049610272389,583.0,54.0,0.09262435677530018,55,99,0.9161354033374892,19,10,7,4,42,data\synthetic\seed_42\human_annotations_majority.csv,data\synthetic\seed_42\sample_manifest_merged.json,False
A3_feedback_propagasi,all,0.560277971094422,0.8888888888888888,0.48148148148148145,0.5925925925925926,0.5193671790155465,0.15789473684210525,0.8765964240102171,0.3696247616879279,0.3021956346122864,750.0,54.0,0.072,55,99,0.9161354033374892,19,10,7,4,42,data\synthetic\seed_42\human_annotations_majority.csv,data\synthetic\seed_42\sample_manifest_merged.json,False
A3_feedback_propagasi,entity,0.6181792005688305,0.8703703703703703,0.5185185185185185,0.7037037037037037,0.5539792209233647,0.2017167381974249,0.8871385563257019,0.31123996995123493,0.2789759744600193,583.0,54.0,0.09262435677530018,56,139,0.9212800863583891,19,10,7,4,42,data\synthetic\seed_42\human_annotations_majority.csv,data\synthetic\seed_42\sample_manifest_merged.json,False
A3_feedback_propagasi,all,0.5612951992676972,0.8703703703703703,0.46296296296296297,0.5740740740740741,0.5415695415695416,0.17028985507246377,0.8800553426990209,0.3372069284477023,0.2781211410319245,750.0,54.0,0.072,56,139,0.9212800863583891,19,10,7,4,42,data\synthetic\seed_42\human_annotations_majority.csv,data\synthetic\seed_42\sample_manifest_merged.json,False
A3_feedback_propagasi,entity,0.6204336980396916,0.9444444444444444,0.5,0.6296296296296297,0.5231083844580777,0.1875,0.8841104809913883,0.3631876943124675,0.317635861704113,583.0,54.0,0.09262435677530018,57,129,0.9182328001517401,19,10,7,4,42,data\synthetic\seed_42\human_annotations_majority.csv,data\synthetic\seed_42\sample_manifest_merged.json,False
A3_feedback_propagasi,all,0.5783580604372867,0.9444444444444444,0.48148148148148145,0.5925925925925926,0.5082842398074348,0.15548780487804878,0.8803613239676458,0.39570728337812144,0.32533645728637006,750.0,54.0,0.072,57,129,0.9182328001517401,19,10,7,4,42,data\synthetic\seed_42\human_annotations_majority.csv,data\synthetic\seed_42\sample_manifest_merged.json,False
A3_feedback_propagasi,entity,0.6152448934690139,0.9259259259259259,0.5,0.6481481481481481,0.565256674807558,0.2127659574468085,0.8954351326752082,0.3082997303843905,0.2636437505784367,583.0,54.0,0.09262435677530018,58,107,0.916499222298627,19,10,7,4,42,data\synthetic\seed_42\human_annotations_majority.csv,data\synthetic\seed_42\sample_manifest_merged.json,False
A3_feedback_propagasi,all,0.5308914069417396,0.9259259259259259,0.4444444444444444,0.5555555555555556,0.5455193555286234,0.176056338028169,0.8836472967220094,0.345331375440804,0.27573470309537446,750.0,54.0,0.072,58,107,0.916499222298627,19,10,7,4,42,data\synthetic\seed_42\human_annotations_majority.csv,data\synthetic\seed_42\sample_manifest_merged.json,False
A3_feedback_propagasi,entity,0.6292755453892389,0.8888888888888888,0.5370370370370371,0.6481481481481481,0.5484753546478818,0.1991701244813278,0.8903766715675978,0.31052914180196667,0.2747428146390387,583.0,54.0,0.09262435677530018,59,102,0.9139399447170038,19,10,7,4,42,data\synthetic\seed_42\human_annotations_majority.csv,data\synthetic\seed_42\sample_manifest_merged.json,False
A3_feedback_propagasi,all,0.5796854256124006,0.8888888888888888,0.48148148148148145,0.5925925925925926,0.5221108309244111,0.15946843853820597,0.8787915070242656,0.34512677459053426,0.28902148505548175,750.0,54.0,0.072,59,102,0.9139399447170038,19,10,7,4,42,data\synthetic\seed_42\human_annotations_majority.csv,data\synthetic\seed_42\sample_manifest_merged.json,False
A3_feedback_propagasi,entity,0.5917110284982428,0.8888888888888888,0.48148148148148145,0.6481481481481481,0.5484753546478818,0.1991701244813278,0.8801722327242176,0.31548757694335816,0.2795379784390985,583.0,54.0,0.09262435677530018,60,126,0.9181252120801718,19,10,7,4,42,data\synthetic\seed_42\human_annotations_majority.csv,data\synthetic\seed_42\sample_manifest_merged.json,False
A3_feedback_propagasi,all,0.5199977507619705,0.8888888888888888,0.42592592592592593,0.5555555555555556,0.5230277753128051,0.16,0.8641443167305236,0.36612756188030104,0.3003855017581772,750.0,54.0,0.072,60,126,0.9181252120801718,19,10,7,4,42,data\synthetic\seed_42\human_annotations_majority.csv,data\synthetic\seed_42\sample_manifest_merged.json,False
A3_feedback_propagasi,entity,0.6427444801843502,0.8703703703703703,0.5,0.7037037037037037,0.5352587687024773,0.18951612903225806,0.8927746271791641,0.3272729012358404,0.2778729423091624,583.0,54.0,0.09262435677530018,61,105,0.9191531979470849,19,10,7,4,42,data\synthetic\seed_42\human_annotations_majority.csv,data\synthetic\seed_42\sample_manifest_merged.json,False
A3_feedback_propagasi,all,0.5809797751141816,0.8703703703703703,0.48148148148148145,0.6666666666666666,0.4679379640205597,0.13128491620111732,0.8734301830566198,0.38861351179906134,0.3081299692030672,750.0,54.0,0.072,61,105,0.9191531979470849,19,10,7,4,42,data\synthetic\seed_42\human_annotations_majority.csv,data\synthetic\seed_42\sample_manifest_merged.json,False
A2_feedback_langsung,entity,0.6577657277618031,0.9259259259259259,0.5555555555555556,0.6851851851851852,0.5486647657591366,0.20161290322580644,0.8991808443604286,0.3249762349115485,0.2831810680698052,583.0,54.0,0.09262435677530018,42,162,0.917069023397597,18,25,18,12,42,data\synthetic\seed_42\human_annotations_majority.csv,data\synthetic\seed_42\sample_manifest_merged.json,False
A2_feedback_langsung,all,0.5778415602398637,0.9259259259259259,0.48148148148148145,0.6111111111111112,0.5202462132641361,0.1607717041800643,0.8864942528735633,0.36280642502435456,0.30176458190629674,750.0,54.0,0.072,42,162,0.917069023397597,18,25,18,12,42,data\synthetic\seed_42\human_annotations_majority.csv,data\synthetic\seed_42\sample_manifest_merged.json,False
A2_feedback_langsung,entity,0.6229479882064853,0.8703703703703703,0.5,0.6666666666666666,0.5565127347312664,0.20346320346320346,0.8862633900441084,0.2915697433105637,0.2556795670776703,583.0,54.0,0.09262435677530018,43,108,0.9185521509937811,18,25,18,12,42,data\synthetic\seed_42\human_annotations_majority.csv,data\synthetic\seed_42\sample_manifest_merged.json,False
A2_feedback_langsung,all,0.5705351766182418,0.8703703703703703,0.48148148148148145,0.6111111111111112,0.5396827034164053,0.16906474820143885,0.8791507024265646,0.3097834842890556,0.2558725680191656,750.0,54.0,0.072,43,108,0.9185521509937811,18,25,18,12,42,data\synthetic\seed_42\human_annotations_majority.csv,data\synthetic\seed_42\sample_manifest_merged.json,False
A2_feedback_langsung,entity,0.6255410466657921,0.8888888888888888,0.5185185185185185,0.6666666666666666,0.5484753546478818,0.1991701244813278,0.8906742281033396,0.31889072975187727,0.2831929897180026,583.0,54.0,0.09262435677530018,44,104,0.9218987940945351,18,25,18,12,42,data\synthetic\seed_42\human_annotations_majority.csv,data\synthetic\seed_42\sample_manifest_merged.json,False
A2_feedback_langsung,all,0.5393521519586771,0.8888888888888888,0.48148148148148145,0.5740740740740741,0.529482042835255,0.16382252559726962,0.8724457215836526,0.3584273685879199,0.2964825167436447,750.0,54.0,0.072,44,104,0.9218987940945351,18,25,18,12,42,data\synthetic\seed_42\human_annotations_majority.csv,data\synthetic\seed_42\sample_manifest_merged.json,False
A2_feedback_langsung,entity,0.6184987769389143,0.8888888888888888,0.5185185185185185,0.6111111111111112,0.5273824536119618,0.18604651162790697,0.8779318070433382,0.336529526513891,0.2938788713624258,583.0,54.0,0.09262435677530018,45,91,0.9208147760351509,18,25,18,12,42,data\synthetic\seed_42\human_annotations_majority.csv,data\synthetic\seed_42\sample_manifest_merged.json,False
A2_feedback_langsung,all,0.5450425329903138,0.8888888888888888,0.48148148148148145,0.5925925925925926,0.5111961925009199,0.15335463258785942,0.868348233290762,0.353412113487271,0.2983505201835387,750.0,54.0,0.072,45,91,0.9208147760351509,18,25,18,12,42,data\synthetic\seed_42\human_annotations_majority.csv,data\synthetic\seed_42\sample_manifest_merged.json,False
A2_feedback_langsung,entity,0.6174884316997906,0.9444444444444444,0.5185185185185185,0.6481481481481481,0.5169528013459486,0.18411552346570398,0.881327452215921,0.37226142734252465,0.3296368251505498,583.0,54.0,0.09262435677530018,46,110,0.913231215387336,18,25,18,12,42,data\synthetic\seed_42\human_annotations_majority.csv,data\synthetic\seed_42\sample_manifest_merged.json,False
A2_feedback_langsung,all,0.5192082193588581,0.9444444444444444,0.46296296296296297,0.5925925925925926,0.5091933883599671,0.1559633027522936,0.8731907194550873,0.39001259261341176,0.32587809597228956,750.0,54.0,0.072,46,110,0.913231215387336,18,25,18,12,42,data\synthetic\seed_42\human_annotations_majority.csv,data\synthetic\seed_42\sample_manifest_merged.json,False
A2_feedback_langsung,entity,0.6314280084160543,0.9259259259259259,0.5370370370370371,0.7037037037037037,0.5562752407579994,0.2066115702479339,0.9021214030665827,0.32025072913503083,0.26717410750230236,583.0,54.0,0.09262435677530018,47,89,0.9136181667470543,18,25,18,12,42,data\synthetic\seed_42\human_annotations_majority.csv,data\synthetic\seed_42\sample_manifest_merged.json,False
A2_feedback_langsung,all,0.5611077748355289,0.9259259259259259,0.48148148148148145,0.6111111111111112,0.4806361898529646,0.14084507042253522,0.8870530012771393,0.3892759197113508,0.3061591287892592,750.0,54.0,0.072,47,89,0.9136181667470543,18,25,18,12,42,data\synthetic\seed_42\human_annotations_majority.csv,data\synthetic\seed_42\sample_manifest_merged.json,False
A2_feedback_langsung,entity,0.6283125514664578,0.8888888888888888,0.5,0.6481481481481481,0.5484753546478818,0.1991701244813278,0.8876286494433943,0.30766203922549495,0.25937632871327215,583.0,54.0,0.09262435677530018,48,91,0.9133274327847426,18,25,18,12,42,data\synthetic\seed_42\human_annotations_majority.csv,data\synthetic\seed_42\sample_manifest_merged.json,False
A2_feedback_langsung,all,0.5938791726449567,0.8888888888888888,0.5,0.6111111111111112,0.523945950885547,0.1605351170568562,0.8787515964240102,0.34790087282431037,0.27424028054716026,750.0,54.0,0.072,48,91,0.9133274327847426,18,25,18,12,42,data\synthetic\seed_42\human_annotations_majority.csv,data\synthetic\seed_42\sample_manifest_merged.json,False
A2_feedback_langsung,entity,0.6193896720849892,0.8333333333333334,0.5,0.6111111111111112,0.5484733799623136,0.1956521739130435,0.8787544633480362,0.29600404762914545,0.2636331271106081,583.0,54.0,0.09262435677530018,49,104,0.9234350045827111,18,25,18,12,42,data\synthetic\seed_42\human_annotations_majority.csv,data\synthetic\seed_42\sample_manifest_merged.json,False
A2_feedback_langsung,all,0.5346221822598233,0.8333333333333334,0.46296296296296297,0.5740740740740741,0.5236818067957258,0.156794425087108,0.8696519795657727,0.32393092358783515,0.27298791779520554,750.0,54.0,0.072,49,104,0.9234350045827111,18,25,18,12,42,data\synthetic\seed_42\human_annotations_majority.csv,data\synthetic\seed_42\sample_manifest_merged.json,False
A2_feedback_langsung,entity,0.6032935142374413,0.9259259259259259,0.5555555555555556,0.6481481481481481,0.5550014917103525,0.205761316872428,0.8863334033466359,0.31462857031432756,0.26890430356479916,583.0,54.0,0.09262435677530018,50,107,0.9144776607570668,18,25,18,12,42,data\synthetic\seed_42\human_annotations_majority.csv,data\synthetic\seed_42\sample_manifest_merged.json,False
A2_feedback_langsung,all,0.5352059695974571,0.9259259259259259,0.46296296296296297,0.5740740740740741,0.5147531746960194,0.15772870662460567,0.8732705406555982,0.3745231616404777,0.2978520951773526,750.0,54.0,0.072,50,107,0.9144776607570668,18,25,18,12,42,data\synthetic\seed_42\human_annotations_majority.csv,data\synthetic\seed_42\sample_manifest_merged.json,False
A2_feedback_langsung,entity,0.6242884364885539,0.8888888888888888,0.5555555555555556,0.6296296296296297,0.5372450848699475,0.192,0.8853007071343556,0.3204615865791999,0.2811110908516888,583.0,54.0,0.09262435677530018,51,89,0.9117163300911147,18,25,18,12,42,data\synthetic\seed_42\human_annotations_majority.csv,data\synthetic\seed_42\sample_manifest_merged.json,False
A2_feedback_langsung,all,0.5612977656314755,0.8888888888888888,0.48148148148148145,0.5925925925925926,0.5175438596491228,0.1568627450980392,0.8696652830991911,0.3608434356561144,0.2964840267618963,750.0,54.0,0.072,51,89,0.9117163300911147,18,25,18,12,42,data\synthetic\seed_42\human_annotations_majority.csv,data\synthetic\seed_42\sample_manifest_merged.json,False
A2_feedback_langsung,entity,0.5840371998067974,0.8703703703703703,0.5185185185185185,0.6296296296296297,0.5527160845355606,0.20085470085470086,0.8732759224252609,0.2977062161000066,0.2530964347252981,583.0,54.0,0.09262435677530018,52,69,0.9064016855988424,18,25,18,12,42,data\synthetic\seed_42\human_annotations_majority.csv,data\synthetic\seed_42\sample_manifest_merged.json,False
A2_feedback_langsung,all,0.5049565123482959,0.8703703703703703,0.4444444444444444,0.5740740740740741,0.5294203617982568,0.16262975778546712,0.8552575564069818,0.33811984847915966,0.26997143500448784,750.0,54.0,0.072,52,69,0.9064016855988424,18,25,18,12,42,data\synthetic\seed_42\human_annotations_majority.csv,data\synthetic\seed_42\sample_manifest_merged.json,False
A2_feedback_langsung,entity,0.64275346879268,0.8703703703703703,0.5555555555555556,0.7222222222222222,0.5426918297607952,0.19421487603305784,0.8936147868094937,0.3115303402483134,0.2732566608856171,583.0,54.0,0.09262435677530018,53,134,0.9141016653188663,18,25,18,12,42,data\synthetic\seed_42\human_annotations_majority.csv,data\synthetic\seed_42\sample_manifest_merged.json,False
A2_feedback_langsung,all,0.5156461024208374,0.8703703703703703,0.48148148148148145,0.5740740740740741,0.5184205670705455,0.15614617940199335,0.8739357173265219,0.3544178323766293,0.2934658807395663,750.0,54.0,0.072,53,134,0.9141016653188663,18,25,18,12,42,data\synthetic\seed_42\human_annotations_majority.csv,data\synthetic\seed_42\sample_manifest_merged.json,False
A2_feedback_langsung,entity,0.6314723534096214,0.8703703703703703,0.5740740740740741,0.6481481481481481,0.5501968193985198,0.19915254237288135,0.8938948400196036,0.3061793337538815,0.27054488398913573,583.0,54.0,0.09262435677530018,54,134,0.9180860646518717,18,25,18,12,42,data\synthetic\seed_42\human_annotations_majority.csv,data\synthetic\seed_42\sample_manifest_merged.json,False
A2_feedback_langsung,all,0.5377324830807999,0.8703703703703703,0.48148148148148145,0.5925925925925926,0.5266527083479428,0.16095890410958905,0.8784323116219669,0.3455349062408836,0.28626646168009284,750.0,54.0,0.072,54,134,0.9180860646518717,18,25,18,12,42,data\synthetic\seed_42\human_annotations_majority.csv,data\synthetic\seed_42\sample_manifest_merged.json,False
A2_feedback_langsung,entity,0.597712056482543,0.8703703703703703,0.5,0.5925925925925926,0.5628910029022896,0.2079646017699115,0.8759714345725688,0.29231450288890776,0.25557159844992106,583.0,54.0,0.09262435677530018,55,106,0.9206038022141451,18,25,18,12,42,data\synthetic\seed_42\human_annotations_majority.csv,data\synthetic\seed_42\sample_manifest_merged.json,False
A2_feedback_langsung,all,0.5362079024535296,0.8703703703703703,0.48148148148148145,0.5925925925925926,0.5415695415695416,0.17028985507246377,0.8611643252447849,0.3342508559927623,0.269540032642378,750.0,54.0,0.072,55,106,0.9206038022141451,18,25,18,12,42,data\synthetic\seed_42\human_annotations_majority.csv,data\synthetic\seed_42\sample_manifest_merged.json,False
A2_feedback_langsung,entity,0.6239578726576192,0.9074074074074074,0.5370370370370371,0.6481481481481481,0.5280584932758845,0.18773946360153257,0.8847931106910313,0.34957138134241456,0.3085438916804593,583.0,54.0,0.09262435677530018,56,108,0.9129200518711322,18,25,18,12,42,data\synthetic\seed_42\human_annotations_majority.csv,data\synthetic\seed_42\sample_manifest_merged.json,False
A2_feedback_langsung,all,0.5785282565365291,0.9074074074074074,0.5,0.6111111111111112,0.5148036006743448,0.15654952076677317,0.8759312473392934,0.3858008026653635,0.314380650949103,750.0,54.0,0.072,56,108,0.9129200518711322,18,25,18,12,42,data\synthetic\seed_42\human_annotations_majority.csv,data\synthetic\seed_42\sample_manifest_merged.json,False
A2_feedback_langsung,entity,0.6472050669362599,0.9074074074074074,0.5185185185185185,0.6666666666666666,0.5441961000735835,0.1975806451612903,0.9012112301337254,0.3256131076211873,0.2880474847640047,583.0,54.0,0.09262435677530018,57,158,0.9226190868601308,18,25,18,12,42,data\synthetic\seed_42\human_annotations_majority.csv,data\synthetic\seed_42\sample_manifest_merged.json,False
A2_feedback_langsung,all,0.5847727235121533,0.9074074074074074,0.5,0.6481481481481481,0.5276506516568658,0.16387959866220736,0.8965650276713495,0.3525386609778628,0.2919758740161069,750.0,54.0,0.072,57,158,0.9226190868601308,18,25,18,12,42,data\synthetic\seed_42\human_annotations_majority.csv,data\synthetic\seed_42\sample_manifest_merged.json,False
A2_feedback_langsung,entity,0.6135707145904016,0.8703703703703703,0.5,0.6111111111111112,0.5577832071795854,0.20434782608695654,0.8846180774347125,0.2968499141782105,0.25959892941939183,583.0,54.0,0.09262435677530018,58,137,0.91713511769753,18,25,18,12,42,data\synthetic\seed_42\human_annotations_majority.csv,data\synthetic\seed_42\sample_manifest_merged.json,False
A2_feedback_langsung,all,0.5128846454892044,0.8703703703703703,0.4444444444444444,0.5925925925925926,0.5378026109016958,0.16785714285714284,0.8736962537249894,0.3200159639433099,0.26571771070102135,750.0,54.0,0.072,58,137,0.91713511769753,18,25,18,12,42,data\synthetic\seed_42\human_annotations_majority.csv,data\synthetic\seed_42\sample_manifest_merged.json,False
A2_feedback_langsung,entity,0.6173000452613832,0.8888888888888888,0.5185185185185185,0.6111111111111112,0.5459659890039636,0.19753086419753085,0.8844780508296577,0.3146579139799333,0.2787571673135444,583.0,54.0,0.09262435677530018,59,102,0.9143185700514506,18,25,18,12,42,data\synthetic\seed_42\human_annotations_majority.csv,data\synthetic\seed_42\sample_manifest_merged.json,False
A2_feedback_langsung,all,0.5709263568495525,0.8888888888888888,0.48148148148148145,0.5555555555555556,0.5193671790155465,0.15789473684210525,0.8746541081311197,0.3476554159588252,0.2913037256143339,750.0,54.0,0.072,59,102,0.9143185700514506,18,25,18,12,42,data\synthetic\seed_42\human_annotations_majority.csv,data\synthetic\seed_42\sample_manifest_merged.json,False
A2_feedback_langsung,entity,0.5833020370651523,0.8518518518518519,0.48148148148148145,0.5925925925925926,0.5671543835037676,0.2100456621004566,0.8665546453826227,0.2771175743705527,0.23427025179819227,583.0,54.0,0.09262435677530018,60,83,0.9102708450620579,18,25,18,12,42,data\synthetic\seed_42\human_annotations_majority.csv,data\synthetic\seed_42\sample_manifest_merged.json,False
A2_feedback_langsung,all,0.5070482887151826,0.8518518518518519,0.42592592592592593,0.5740740740740741,0.5405022798908156,0.1684981684981685,0.8413420604512558,0.3416466848356216,0.2674763580421137,750.0,54.0,0.072,60,83,0.9102708450620579,18,25,18,12,42,data\synthetic\seed_42\human_annotations_majority.csv,data\synthetic\seed_42\sample_manifest_merged.json,False
A2_feedback_langsung,entity,0.6661921566731716,0.9444444444444444,0.5555555555555556,0.7222222222222222,0.548062015503876,0.20238095238095238,0.9081775537352097,0.3404884986219271,0.3025659299644839,583.0,54.0,0.09262435677530018,61,193,0.9238079939879287,18,25,18,12,42,data\synthetic\seed_42\human_annotations_majority.csv,data\synthetic\seed_42\sample_manifest_merged.json,False
A2_feedback_langsung,all,0.5944991195590509,0.9444444444444444,0.5370370370370371,0.6481481481481481,0.5322444409523062,0.16887417218543047,0.9047200936568752,0.35768261573495347,0.3017234043294849,750.0,54.0,0.072,61,193,0.9238079939879287,18,25,18,12,42,data\synthetic\seed_42\human_annotations_majority.csv,data\synthetic\seed_42\sample_manifest_merged.json,False
A3_feedback_propagasi,entity,0.6860718224044765,0.9444444444444444,0.5555555555555556,0.7407407407407407,0.5569584119305798,0.20816326530612245,0.9128334383532871,0.3081296251985879,0.2543909523544608,583.0,54.0,0.09262435677530018,42,118,0.9110282015229798,73,25,18,12,42,data\synthetic\seed_42\human_annotations_majority.csv,data\synthetic\seed_42\sample_manifest_merged.json,False
A3_feedback_propagasi,all,0.6071682870468266,0.9444444444444444,0.5,0.6481481481481481,0.5322444409523062,0.16887417218543047,0.8990527884206044,0.3492507005921689,0.2726969541591791,750.0,54.0,0.072,42,118,0.9110282015229798,73,25,18,12,42,data\synthetic\seed_42\human_annotations_majority.csv,data\synthetic\seed_42\sample_manifest_merged.json,False
A3_feedback_propagasi,entity,0.6261359094732465,0.9074074074074074,0.5370370370370371,0.6666666666666666,0.5555516460832952,0.20502092050209206,0.8957501925365821,0.30921942759792004,0.25088151574668754,583.0,54.0,0.09262435677530018,43,56,0.9116477692387581,73,25,18,12,42,data\synthetic\seed_42\human_annotations_majority.csv,data\synthetic\seed_42\sample_manifest_merged.json,False
A3_feedback_propagasi,all,0.5761902909111115,0.9074074074074074,0.5,0.6111111111111112,0.5332311899042967,0.16723549488054607,0.8843124733929332,0.3396630840297131,0.2606473543035146,750.0,54.0,0.072,43,56,0.9116477692387581,73,25,18,12,42,data\synthetic\seed_42\human_annotations_majority.csv,data\synthetic\seed_42\sample_manifest_merged.json,False
A3_feedback_propagasi,entity,0.6096884424574218,0.9074074074074074,0.5185185185185185,0.6666666666666666,0.5658004261505069,0.21212121212121213,0.8873135895820206,0.2992831750735834,0.2489834148082716,583.0,54.0,0.09262435677530018,44,79,0.915796385324144,73,25,18,12,42,data\synthetic\seed_42\human_annotations_majority.csv,data\synthetic\seed_42\sample_manifest_merged.json,False
A3_feedback_propagasi,all,0.4995305922935161,0.9074074074074074,0.46296296296296297,0.5740740740740741,0.541700190449032,0.17253521126760563,0.8675899318859088,0.3430737322948626,0.26852128810746906,750.0,54.0,0.072,44,79,0.915796385324144,73,25,18,12,42,data\synthetic\seed_42\human_annotations_majority.csv,data\synthetic\seed_42\sample_manifest_merged.json,False
A3_feedback_propagasi,entity,0.667716564409661,0.9074074074074074,0.5555555555555556,0.6851851851851852,0.5329948665876911,0.19066147859922178,0.9034866624658685,0.3425118063227474,0.30145905918084653,583.0,54.0,0.09262435677530018,45,120,0.9160763810569493,73,25,18,12,42,data\synthetic\seed_42\human_annotations_majority.csv,data\synthetic\seed_42\sample_manifest_merged.json,False
A3_feedback_propagasi,all,0.6167552193298314,0.9074074074074074,0.5,0.6296296296296297,0.5175379198266522,0.15806451612903225,0.8997977862920392,0.34963983739695204,0.2981911654780406,750.0,54.0,0.072,45,120,0.9160763810569493,73,25,18,12,42,data\synthetic\seed_42\human_annotations_majority.csv,data\synthetic\seed_42\sample_manifest_merged.json,False
A3_feedback_propagasi,entity,0.6993919683077597,0.9074074074074074,0.5740740740740741,0.7592592592592593,0.5255988674744457,0.18631178707224336,0.9125533851431772,0.3498274092899457,0.3105912503665092,583.0,54.0,0.09262435677530018,46,181,0.9155577057130417,73,25,18,12,42,data\synthetic\seed_42\human_annotations_majority.csv,data\synthetic\seed_42\sample_manifest_merged.json,False
A3_feedback_propagasi,all,0.5998416873261502,0.9074074074074074,0.5185185185185185,0.6666666666666666,0.5111720173137022,0.15457413249211358,0.904347594721158,0.36401185201927205,0.3108099951686822,750.0,54.0,0.072,46,181,0.9155577057130417,73,25,18,12,42,data\synthetic\seed_42\human_annotations_majority.csv,data\synthetic\seed_42\sample_manifest_merged.json,False
A3_feedback_propagasi,entity,0.6663246785994938,0.9259259259259259,0.5555555555555556,0.6851851851851852,0.5601100907388512,0.20920502092050208,0.9082475670377372,0.3189617908750181,0.2714441088328217,583.0,54.0,0.09262435677530018,47,133,0.9232634211634316,73,25,18,12,42,data\synthetic\seed_42\human_annotations_majority.csv,data\synthetic\seed_42\sample_manifest_merged.json,False
A3_feedback_propagasi,all,0.5818551705107696,0.9259259259259259,0.5,0.5925925925925926,0.49667795922226654,0.14836795252225518,0.889953171562367,0.387641277342068,0.31216763541779025,750.0,54.0,0.072,47,133,0.9232634211634316,73,25,18,12,42,data\synthetic\seed_42\human_annotations_majority.csv,data\synthetic\seed_42\sample_manifest_merged.json,False
A3_feedback_propagasi,entity,0.6459443022034228,0.9259259259259259,0.5370370370370371,0.7222222222222222,0.5575512269162661,0.2074688796680498,0.9036616957221872,0.3100359051163879,0.2649723432419551,583.0,54.0,0.09262435677530018,48,118,0.9183232065975606,73,25,18,12,42,data\synthetic\seed_42\human_annotations_majority.csv,data\synthetic\seed_42\sample_manifest_merged.json,False
A3_feedback_propagasi,all,0.6092854132083164,0.9259259259259259,0.5,0.6296296296296297,0.5360392720306513,0.17006802721088435,0.8983610046828437,0.33716390142538777,0.2713538037965633,750.0,54.0,0.072,48,118,0.9183232065975606,73,25,18,12,42,data\synthetic\seed_42\human_annotations_majority.csv,data\synthetic\seed_42\sample_manifest_merged.json,False
A3_feedback_propagasi,entity,0.6389307330901463,0.9074074074074074,0.5185185185185185,0.6296296296296297,0.5441961000735835,0.1975806451612903,0.8925645872715816,0.32896738756612054,0.287669416507443,583.0,54.0,0.09262435677530018,49,101,0.9227774842069689,73,25,18,12,42,data\synthetic\seed_42\human_annotations_majority.csv,data\synthetic\seed_42\sample_manifest_merged.json,False
A3_feedback_propagasi,all,0.5761641017657695,0.9074074074074074,0.5,0.5925925925925926,0.5248782116759645,0.16225165562913907,0.8855363984674329,0.3473773983941808,0.2918622566503725,750.0,54.0,0.072,49,101,0.9227774842069689,73,25,18,12,42,data\synthetic\seed_42\human_annotations_majority.csv,data\synthetic\seed_42\sample_manifest_merged.json,False
A3_feedback_propagasi,entity,0.5949747329308309,0.8703703703703703,0.5,0.6481481481481481,0.5377290223248653,0.1910569105691057,0.8788069733249317,0.31406985377767127,0.2790807739991151,583.0,54.0,0.09262435677530018,50,129,0.9179683678672567,73,25,18,12,42,data\synthetic\seed_42\human_annotations_majority.csv,data\synthetic\seed_42\sample_manifest_merged.json,False
A3_feedback_propagasi,all,0.4981378593478542,0.8703703703703703,0.42592592592592593,0.5740740740740741,0.516604542079299,0.1551155115511551,0.8579049595572583,0.356550332947315,0.2975199044094012,750.0,54.0,0.072,50,129,0.9179683678672567,73,25,18,12,42,data\synthetic\seed_42\human_annotations_majority.csv,data\synthetic\seed_42\sample_manifest_merged.json,False
A3_feedback_propagasi,entity,0.6183013473191769,0.8703703703703703,0.5185185185185185,0.6296296296296297,0.5565127347312664,0.20346320346320346,0.8816775187285584,0.2954099664461028,0.25525823447685964,583.0,54.0,0.09262435677530018,51,90,0.9098403229192045,73,25,18,12,42,data\synthetic\seed_42\human_annotations_majority.csv,data\synthetic\seed_42\sample_manifest_merged.json,False
A3_feedback_propagasi,all,0.5702929888522942,0.8703703703703703,0.48148148148148145,0.5740740740740741,0.5368650310678368,0.16725978647686832,0.8671243082162623,0.327976583974283,0.2642841738328538,750.0,54.0,0.072,51,90,0.9098403229192045,73,25,18,12,42,data\synthetic\seed_42\human_annotations_majority.csv,data\synthetic\seed_42\sample_manifest_merged.json,False
A3_feedback_propagasi,entity,0.6288405063797743,0.8703703703703703,0.5370370370370371,0.6481481481481481,0.5476865928967743,0.19747899159663865,0.882412658405097,0.31538064339368543,0.27520573273614596,583.0,54.0,0.09262435677530018,52,97,0.910787993161697,73,25,18,12,42,data\synthetic\seed_42\human_annotations_majority.csv,data\synthetic\seed_42\sample_manifest_merged.json,False
A3_feedback_propagasi,all,0.5878227607616862,0.8703703703703703,0.5185185185185185,0.5740740740740741,0.5284964190874708,0.16206896551724137,0.874946785866326,0.3352356285491791,0.2784017421716161,750.0,54.0,0.072,52,97,0.910787993161697,73,25,18,12,42,data\synthetic\seed_42\human_annotations_majority.csv,data\synthetic\seed_42\sample_manifest_merged.json,False
A3_feedback_propagasi,entity,0.6456903757620476,0.9259259259259259,0.5370370370370371,0.6666666666666666,0.5262263593380614,0.18796992481203006,0.8960302457466919,0.3530444525832752,0.3043168757897914,583.0,54.0,0.09262435677530018,53,134,0.9181166222475848,73,25,18,12,42,data\synthetic\seed_42\human_annotations_majority.csv,data\synthetic\seed_42\sample_manifest_merged.json,False
A3_feedback_propagasi,all,0.496481765101632,0.9259259259259259,0.42592592592592593,0.5740740740740741,0.5083892142715671,0.15432098765432098,0.8807471264367815,0.37796722396204996,0.31437109140771824,750.0,54.0,0.072,53,134,0.9181166222475848,73,25,18,12,42,data\synthetic\seed_42\human_annotations_majority.csv,data\synthetic\seed_42\sample_manifest_merged.json,False
A3_feedback_propagasi,entity,0.6175271408424452,0.9074074074074074,0.5,0.6296296296296297,0.530523729442037,0.1891891891891892,0.8906042148008122,0.3381924907712617,0.29778394471406505,583.0,54.0,0.09262435677530018,54,179,0.9159072306695686,73,25,18,12,42,data\synthetic\seed_42\human_annotations_majority.csv,data\synthetic\seed_42\sample_manifest_merged.json,False
A3_feedback_propagasi,all,0.5015657057372074,0.9074074074074074,0.4444444444444444,0.5925925925925926,0.5157139965883135,0.15705128205128205,0.8800819497658579,0.3574415068352438,0.30136833262223417,750.0,54.0,0.072,54,179,0.9159072306695686,73,25,18,12,42,data\synthetic\seed_42\human_annotations_majority.csv,data\synthetic\seed_42\sample_manifest_merged.json,False
A3_feedback_propagasi,entity,0.6312712128862078,0.9074074074074074,0.5185185185185185,0.6851851851851852,0.5606562163399131,0.20851063829787234,0.901666316600154,0.3055981305824036,0.25910133875363706,583.0,54.0,0.09262435677530018,55,99,0.9185899713685637,73,25,18,12,42,data\synthetic\seed_42\human_annotations_majority.csv,data\synthetic\seed_42\sample_manifest_merged.json,False
A3_feedback_propagasi,all,0.5446990233567921,0.9074074074074074,0.4444444444444444,0.6111111111111112,0.5369798740585258,0.1695501730103806,0.8863346104725415,0.3371301815759402,0.27111529602490253,750.0,54.0,0.072,55,99,0.9185899713685637,73,25,18,12,42,data\synthetic\seed_42\human_annotations_majority.csv,data\synthetic\seed_42\sample_manifest_merged.json,False
A3_feedback_propagasi,entity,0.6234207796568344,0.8888888888888888,0.5185185185185185,0.6851851851851852,0.5422170900692841,0.1951219512195122,0.8912693411748231,0.322773592819109,0.2785553741049866,583.0,54.0,0.09262435677530018,56,120,0.9122618537885608,73,25,18,12,42,data\synthetic\seed_42\human_annotations_majority.csv,data\synthetic\seed_42\sample_manifest_merged.json,False
A3_feedback_propagasi,all,0.528622560376309,0.8888888888888888,0.4444444444444444,0.5925925925925926,0.523945950885547,0.1605351170568562,0.876649638143891,0.3587605045172068,0.2908029298454683,750.0,54.0,0.072,56,120,0.9122618537885608,73,25,18,12,42,data\synthetic\seed_42\human_annotations_majority.csv,data\synthetic\seed_42\sample_manifest_merged.json,False
A3_feedback_propagasi,entity,0.6408505468210041,0.8703703703703703,0.5185185185185185,0.6481481481481481,0.5565127347312664,0.20346320346320346,0.8924595673177903,0.30010058983058213,0.26826367123342515,583.0,54.0,0.09262435677530018,57,160,0.9207754452641885,73,25,18,12,42,data\synthetic\seed_42\human_annotations_majority.csv,data\synthetic\seed_42\sample_manifest_merged.json,False
A3_feedback_propagasi,all,0.4992981193677097,0.8703703703703703,0.48148148148148145,0.5555555555555556,0.5331305786131881,0.1649122807017544,0.8759046402724564,0.3390860412702712,0.2828348748923965,750.0,54.0,0.072,57,160,0.9207754452641885,73,25,18,12,42,data\synthetic\seed_42\human_annotations_majority.csv,data\synthetic\seed_42\sample_manifest_merged.json,False
A3_feedback_propagasi,entity,0.6391069541603026,0.9259259259259259,0.5185185185185185,0.7222222222222222,0.5486647657591366,0.20161290322580644,0.9039767555835609,0.32150122475598075,0.269151223369676,583.0,54.0,0.09262435677530018,58,112,0.9220820938471683,73,25,18,12,42,data\synthetic\seed_42\human_annotations_majority.csv,data\synthetic\seed_42\sample_manifest_merged.json,False
A3_feedback_propagasi,all,0.5574804541703292,0.9259259259259259,0.46296296296296297,0.6481481481481481,0.5360392720306513,0.17006802721088435,0.8968177948063005,0.34135632689339557,0.27271786480009474,750.0,54.0,0.072,58,112,0.9220820938471683,73,25,18,12,42,data\synthetic\seed_42\human_annotations_majority.csv,data\synthetic\seed_42\sample_manifest_merged.json,False
A3_feedback_propagasi,entity,0.6357927166566579,0.9074074074074074,0.5555555555555556,0.5925925925925926,0.5416946513615826,0.196,0.8818525519848771,0.3327216856236718,0.29644336391572096,583.0,54.0,0.09262435677530018,59,129,0.9155590727136309,73,25,18,12,42,data\synthetic\seed_42\human_annotations_majority.csv,data\synthetic\seed_42\sample_manifest_merged.json,False
A3_feedback_propagasi,all,0.5946233627131812,0.9074074074074074,0.5370370370370371,0.5925925925925926,0.523036131847489,0.1611842105263158,0.8784855257556407,0.3466031279566996,0.2976430967352296,750.0,54.0,0.072,59,129,0.9155590727136309,73,25,18,12,42,data\synthetic\seed_42\human_annotations_majority.csv,data\synthetic\seed_42\sample_manifest_merged.json,False
A3_feedback_propagasi,entity,0.6468708644874755,0.9814814814814815,0.5370370370370371,0.6851851851851852,0.5341265652033664,0.1962962962962963,0.9066372610796052,0.3605803469807594,0.30706945121937906,583.0,54.0,0.09262435677530018,60,125,0.9187844057121309,73,25,18,12,42,data\synthetic\seed_42\human_annotations_majority.csv,data\synthetic\seed_42\sample_manifest_merged.json,False
A3_feedback_propagasi,all,0.593358743511183,0.9814814814814815,0.48148148148148145,0.6111111111111112,0.5208506852426744,0.16459627329192547,0.9049329501915708,0.37764747319493147,0.3071943318561706,750.0,54.0,0.072,60,125,0.9187844057121309,73,25,18,12,42,data\synthetic\seed_42\human_annotations_majority.csv,data\synthetic\seed_42\sample_manifest_merged.json,False
A3_feedback_propagasi,entity,0.6771414763937164,0.9074074074074074,0.5555555555555556,0.7407407407407407,0.5467051578137028,0.1991869918699187,0.9068473009871876,0.33015560425725243,0.27943904647520573,583.0,54.0,0.09262435677530018,61,154,0.9216606271935934,73,25,18,12,42,data\synthetic\seed_42\human_annotations_majority.csv,data\synthetic\seed_42\sample_manifest_merged.json,False
A3_feedback_propagasi,all,0.6202375370715699,0.9074074074074074,0.5,0.7222222222222222,0.5341661574217851,0.1678082191780822,0.9038952745849298,0.3619074289055908,0.28525533170980205,750.0,54.0,0.072,61,154,0.9216606271935934,73,25,18,12,42,data\synthetic\seed_42\human_annotations_majority.csv,data\synthetic\seed_42\sample_manifest_merged.json,False
A2_feedback_langsung,entity,0.6630883424936763,0.9259259259259259,0.5555555555555556,0.6851851851851852,0.5474035236663874,0.20080321285140562,0.899915984036967,0.3172755271799197,0.26769960232427586,583.0,54.0,0.09262435677530018,42,117,0.9121244943118896,38,50,38,23,42,data\synthetic\seed_42\human_annotations_majority.csv,data\synthetic\seed_42\sample_manifest_merged.json,False
A2_feedback_langsung,all,0.6026583873166508,0.9259259259259259,0.5185185185185185,0.6111111111111112,0.5165800464370691,0.15873015873015872,0.8850308641975309,0.36991843971527705,0.2953040846618561,750.0,54.0,0.072,42,117,0.9121244943118896,38,50,38,23,42,data\synthetic\seed_42\human_annotations_majority.csv,data\synthetic\seed_42\sample_manifest_merged.json,False
A2_feedback_langsung,entity,0.6836153161205607,0.8888888888888888,0.5925925925925926,0.7222222222222222,0.54721963342653,0.19834710743801653,0.9106630259749352,0.311723030122546,0.2681582781066739,583.0,54.0,0.09262435677530018,43,114,0.9184809232505696,38,50,38,23,42,data\synthetic\seed_42\human_annotations_majority.csv,data\synthetic\seed_42\sample_manifest_merged.json,False
A2_feedback_langsung,all,0.6231270389357663,0.8888888888888888,0.5370370370370371,0.6666666666666666,0.524865378523915,0.1610738255033557,0.9045072371221796,0.3352731434080274,0.27410732989638165,750.0,54.0,0.072,43,114,0.9184809232505696,38,50,38,23,42,data\synthetic\seed_42\human_annotations_majority.csv,data\synthetic\seed_42\sample_manifest_merged.json,False
A2_feedback_langsung,entity,0.6314488488335931,0.8888888888888888,0.5185185185185185,0.7592592592592593,0.5573272589217919,0.20512820512820512,0.9017013232514177,0.29314412181297755,0.2607177282723585,583.0,54.0,0.09262435677530018,44,170,0.9193836126500057,38,50,38,23,42,data\synthetic\seed_42\human_annotations_majority.csv,data\synthetic\seed_42\sample_manifest_merged.json,False
A2_feedback_langsung,all,0.5594164040344615,0.8888888888888888,0.5,0.6481481481481481,0.5407084747934149,0.1708185053380783,0.893837803320562,0.31018139613960055,0.2621793054175137,750.0,54.0,0.072,44,170,0.9193836126500057,38,50,38,23,42,data\synthetic\seed_42\human_annotations_majority.csv,data\synthetic\seed_42\sample_manifest_merged.json,False
A2_feedback_langsung,entity,0.6324622983715958,0.8703703703703703,0.5185185185185185,0.6296296296296297,0.5824639289678135,0.22274881516587677,0.8931246936918015,0.2699829030839377,0.22883621644777954,583.0,54.0,0.09262435677530018,45,89,0.9137932313719216,38,50,38,23,42,data\synthetic\seed_42\human_annotations_majority.csv,data\synthetic\seed_42\sample_manifest_merged.json,False
A2_feedback_langsung,all,0.5844163137828406,0.8703703703703703,0.5,0.6111111111111112,0.5559574040586699,0.18007662835249041,0.8839133673903788,0.2908035569116383,0.2355494898968401,750.0,54.0,0.072,45,89,0.9137932313719216,38,50,38,23,42,data\synthetic\seed_42\human_annotations_majority.csv,data\synthetic\seed_42\sample_manifest_merged.json,False
A2_feedback_langsung,entity,0.6080620535385567,0.9074074074074074,0.5370370370370371,0.6296296296296297,0.5367132867132867,0.19291338582677164,0.8798221662115802,0.3344205509035959,0.2842247804439437,583.0,54.0,0.09262435677530018,46,91,0.9107701349320516,38,50,38,23,42,data\synthetic\seed_42\human_annotations_majority.csv,data\synthetic\seed_42\sample_manifest_merged.json,False
A2_feedback_langsung,all,0.48500353676779295,0.9074074074074074,0.42592592592592593,0.5925925925925926,0.520281921012503,0.15960912052117263,0.8637718177948063,0.3671328317434984,0.29409827752906853,750.0,54.0,0.072,46,91,0.9107701349320516,38,50,38,23,42,data\synthetic\seed_42\human_annotations_majority.csv,data\synthetic\seed_42\sample_manifest_merged.json,False
A2_feedback_langsung,entity,0.6638082926420855,0.9259259259259259,0.5555555555555556,0.6851851851851852,0.5717479480054932,0.21739130434782608,0.9054120282853741,0.30015218786983033,0.2539132399761564,583.0,54.0,0.09262435677530018,47,151,0.9136605298170013,38,50,38,23,42,data\synthetic\seed_42\human_annotations_majority.csv,data\synthetic\seed_42\sample_manifest_merged.json,False
A2_feedback_langsung,all,0.5898206692905903,0.9259259259259259,0.5,0.6111111111111112,0.5445641154634775,0.17543859649122806,0.8946892294593445,0.3535331700046725,0.27955785378699266,750.0,54.0,0.072,47,151,0.9136605298170013,38,50,38,23,42,data\synthetic\seed_42\human_annotations_majority.csv,data\synthetic\seed_42\sample_manifest_merged.json,False
A2_feedback_langsung,entity,0.6256745678707873,0.8518518518518519,0.5185185185185185,0.6481481481481481,0.5406368969606191,0.19166666666666668,0.8844430441783939,0.31111448586855167,0.2610080931932641,583.0,54.0,0.09262435677530018,48,92,0.9124147010717385,38,50,38,23,42,data\synthetic\seed_42\human_annotations_majority.csv,data\synthetic\seed_42\sample_manifest_merged.json,False
A2_feedback_langsung,all,0.5904158419950308,0.8518518518518519,0.5185185185185185,0.6111111111111112,0.5192546583850932,0.1554054054054054,0.8735632183908046,0.35430894061127566,0.2776453505498839,750.0,54.0,0.072,48,92,0.9124147010717385,38,50,38,23,42,data\synthetic\seed_42\human_annotations_majority.csv,data\synthetic\seed_42\sample_manifest_merged.json,False
A2_feedback_langsung,entity,0.623141265208536,0.8333333333333334,0.5370370370370371,0.6666666666666666,0.5472250433120258,0.19480519480519481,0.8828677448715255,0.2961061842833869,0.24985822880981165,583.0,54.0,0.09262435677530018,49,81,0.9166382070468694,38,50,38,23,42,data\synthetic\seed_42\human_annotations_majority.csv,data\synthetic\seed_42\sample_manifest_merged.json,False
A2_feedback_langsung,all,0.5591054319504056,0.8333333333333334,0.48148148148148145,0.5555555555555556,0.5236818067957258,0.156794425087108,0.8757716049382716,0.32884133129952137,0.2624005653530459,750.0,54.0,0.072,49,81,0.9166382070468694,38,50,38,23,42,data\synthetic\seed_42\human_annotations_majority.csv,data\synthetic\seed_42\sample_manifest_merged.json,False
A2_feedback_langsung,entity,0.5840437576121942,0.9074074074074074,0.5,0.6296296296296297,0.5367132867132867,0.19291338582677164,0.8815374921235035,0.32162394861636523,0.2771266154480199,583.0,54.0,0.09262435677530018,50,84,0.9072429548884801,38,50,38,23,42,data\synthetic\seed_42\human_annotations_majority.csv,data\synthetic\seed_42\sample_manifest_merged.json,False
A2_feedback_langsung,all,0.48982216239872417,0.9074074074074074,0.42592592592592593,0.5555555555555556,0.502156734429644,0.14984709480122324,0.8616166453810132,0.3851423045406128,0.31032769180891734,750.0,54.0,0.072,50,84,0.9072429548884801,38,50,38,23,42,data\synthetic\seed_42\human_annotations_majority.csv,data\synthetic\seed_42\sample_manifest_merged.json,False
A2_feedback_langsung,entity,0.6854246392075468,0.8888888888888888,0.5740740740740741,0.7407407407407407,0.5573272589217919,0.20512820512820512,0.90677728768466,0.29673208876957186,0.26152604321085826,583.0,54.0,0.09262435677530018,51,146,0.91088299725942,38,50,38,23,42,data\synthetic\seed_42\human_annotations_majority.csv,data\synthetic\seed_42\sample_manifest_merged.json,False
A2_feedback_langsung,all,0.5989214716022287,0.8888888888888888,0.5370370370370371,0.6296296296296297,0.5341332606126716,0.16666666666666666,0.8928267347807578,0.3303804562425501,0.2741854360599095,750.0,54.0,0.072,51,146,0.91088299725942,38,50,38,23,42,data\synthetic\seed_42\human_annotations_majority.csv,data\synthetic\seed_42\sample_manifest_merged.json,False
A2_feedback_langsung,entity,0.6388025926369991,0.8888888888888888,0.5740740740740741,0.6666666666666666,0.5522554151907464,0.20168067226890757,0.8929846670867465,0.3121768877376416,0.27112122616950507,583.0,54.0,0.09262435677530018,52,117,0.9080602181427397,38,50,38,23,42,data\synthetic\seed_42\human_annotations_majority.csv,data\synthetic\seed_42\sample_manifest_merged.json,False
A2_feedback_langsung,all,0.5516383669687277,0.8888888888888888,0.5,0.5740740740740741,0.529482042835255,0.16382252559726962,0.8842060451255854,0.3322619267994962,0.27877112583719005,750.0,54.0,0.072,52,117,0.9080602181427397,38,50,38,23,42,data\synthetic\seed_42\human_annotations_majority.csv,data\synthetic\seed_42\sample_manifest_merged.json,False
A2_feedback_langsung,entity,0.6664957757749823,0.8888888888888888,0.5925925925925926,0.7592592592592593,0.5237088019696716,0.1839080459770115,0.8988657844990549,0.3502588193035219,0.30694567744402446,583.0,54.0,0.09262435677530018,53,138,0.9108005811108766,38,50,38,23,42,data\synthetic\seed_42\human_annotations_majority.csv,data\synthetic\seed_42\sample_manifest_merged.json,False
A2_feedback_langsung,all,0.5197281542985356,0.8888888888888888,0.46296296296296297,0.6296296296296297,0.5031044143257364,0.14906832298136646,0.8802681992337165,0.38948282895850905,0.32368103718092867,750.0,54.0,0.072,53,138,0.9108005811108766,38,50,38,23,42,data\synthetic\seed_42\human_annotations_majority.csv,data\synthetic\seed_42\sample_manifest_merged.json,False
A2_feedback_langsung,entity,0.5811790460689344,0.9074074074074074,0.48148148148148145,0.6296296296296297,0.5454496572119909,0.19838056680161945,0.8831477980816356,0.325163110589258,0.2773123179391005,583.0,54.0,0.09262435677530018,54,97,0.9112771598554273,38,50,38,23,42,data\synthetic\seed_42\human_annotations_majority.csv,data\synthetic\seed_42\sample_manifest_merged.json,False
A2_feedback_langsung,all,0.5064973935719362,0.9074074074074074,0.46296296296296297,0.6111111111111112,0.5248782116759645,0.16225165562913907,0.871088761174968,0.3781549407816511,0.30086138860868533,750.0,54.0,0.072,54,97,0.9112771598554273,38,50,38,23,42,data\synthetic\seed_42\human_annotations_majority.csv,data\synthetic\seed_42\sample_manifest_merged.json,False
A2_feedback_langsung,entity,0.6205890428869864,0.8888888888888888,0.5185185185185185,0.6296296296296297,0.5497331960307058,0.2,0.8861583700903172,0.3156257464090223,0.2794598602704633,583.0,54.0,0.09262435677530018,55,99,0.9194506000980371,38,50,38,23,42,data\synthetic\seed_42\human_annotations_majority.csv,data\synthetic\seed_42\sample_manifest_merged.json,False
A2_feedback_langsung,all,0.5384703396877337,0.8888888888888888,0.48148148148148145,0.5740740740740741,0.5285560344827587,0.16326530612244897,0.8731907194550873,0.34551403671415043,0.2870088300052503,750.0,54.0,0.072,55,99,0.9194506000980371,38,50,38,23,42,data\synthetic\seed_42\human_annotations_majority.csv,data\synthetic\seed_42\sample_manifest_merged.json,False
A2_feedback_langsung,entity,0.5919346944698299,0.9074074074074074,0.48148148148148145,0.6481481481481481,0.5479626436449063,0.2,0.8820275852411957,0.32788644915594656,0.2804550115835936,583.0,54.0,0.09262435677530018,56,75,0.9117001021965668,38,50,38,23,42,data\synthetic\seed_42\human_annotations_majority.csv,data\synthetic\seed_42\sample_manifest_merged.json,False
A2_feedback_langsung,all,0.5147179517497165,0.9074074074074074,0.46296296296296297,0.5555555555555556,0.5276506516568658,0.16387959866220736,0.8665655598126862,0.38116117246357917,0.3044720221658108,750.0,54.0,0.072,56,75,0.9117001021965668,38,50,38,23,42,data\synthetic\seed_42\human_annotations_majority.csv,data\synthetic\seed_42\sample_manifest_merged.json,False
A2_feedback_langsung,entity,0.588663325547357,0.8703703703703703,0.5370370370370371,0.5740740740740741,0.5266659869417287,0.1843137254901961,0.855737590142127,0.33274042624513694,0.3019690987260444,583.0,54.0,0.09262435677530018,57,125,0.9165502146216162,38,50,38,23,42,data\synthetic\seed_42\human_annotations_majority.csv,data\synthetic\seed_42\sample_manifest_merged.json,False
A2_feedback_langsung,all,0.5165914504685366,0.8703703703703703,0.48148148148148145,0.5370370370370371,0.5111828285251169,0.15210355987055016,0.8370317156236697,0.37091138564258774,0.3134615814789284,750.0,54.0,0.072,57,125,0.9165502146216162,38,50,38,23,42,data\synthetic\seed_42\human_annotations_majority.csv,data\synthetic\seed_42\sample_manifest_merged.json,False
A2_feedback_langsung,entity,0.6365190805220365,0.9444444444444444,0.5370370370370371,0.6666666666666666,0.5505937843448528,0.204,0.9026815094868025,0.3223162752016201,0.2811332892314528,583.0,54.0,0.09262435677530018,58,187,0.9183758676958129,38,50,38,23,42,data\synthetic\seed_42\human_annotations_majority.csv,data\synthetic\seed_42\sample_manifest_merged.json,False
A2_feedback_langsung,all,0.5468321847573414,0.9444444444444444,0.46296296296296297,0.5740740740740741,0.5388338034199737,0.17288135593220338,0.8938910174542358,0.3458084859088637,0.28337937004847563,750.0,54.0,0.072,58,187,0.9183758676958129,38,50,38,23,42,data\synthetic\seed_42\human_annotations_majority.csv,data\synthetic\seed_42\sample_manifest_merged.json,False
A2_feedback_langsung,entity,0.6277670208054381,0.8888888888888888,0.5185185185185185,0.6666666666666666,0.5560557578722682,0.20425531914893616,0.8900441083805922,0.3030160898423658,0.26618937921179875,583.0,54.0,0.09262435677530018,59,102,0.910487513666199,38,50,38,23,42,data\synthetic\seed_42\human_annotations_majority.csv,data\synthetic\seed_42\sample_manifest_merged.json,False
A2_feedback_langsung,all,0.5899655902400555,0.8888888888888888,0.5,0.6296296296296297,0.5285560344827587,0.16326530612244897,0.8791240953597276,0.33127121946223836,0.2773639713666087,750.0,54.0,0.072,59,102,0.910487513666199,38,50,38,23,42,data\synthetic\seed_42\human_annotations_majority.csv,data\synthetic\seed_42\sample_manifest_merged.json,False
A2_feedback_langsung,entity,0.5915328886742811,0.8148148148148148,0.48148148148148145,0.6111111111111112,0.5716999932446125,0.21153846153846154,0.8694251907862494,0.26828653944825487,0.22452022223161183,583.0,54.0,0.09262435677530018,60,83,0.908345391341096,38,50,38,23,42,data\synthetic\seed_42\human_annotations_majority.csv,data\synthetic\seed_42\sample_manifest_merged.json,False
A2_feedback_langsung,all,0.5107425578271483,0.8148148148148148,0.46296296296296297,0.5740740740740741,0.5439019489652401,0.1685823754789272,0.8443486590038314,0.3336045411208265,0.25848960966042184,750.0,54.0,0.072,60,83,0.908345391341096,38,50,38,23,42,data\synthetic\seed_42\human_annotations_majority.csv,data\synthetic\seed_42\sample_manifest_merged.json,False
A2_feedback_langsung,entity,0.6175452316600061,0.8888888888888888,0.48148148148148145,0.6851851851851852,0.5484753546478818,0.1991701244813278,0.8888888888888888,0.31519693574002194,0.2653943606671391,583.0,54.0,0.09262435677530018,61,88,0.9131560403658113,38,50,38,23,42,data\synthetic\seed_42\human_annotations_majority.csv,data\synthetic\seed_42\sample_manifest_merged.json,False
A2_feedback_langsung,all,0.5607105002216344,0.8888888888888888,0.46296296296296297,0.6296296296296297,0.46778313936985527,0.13259668508287292,0.8728182205193699,0.3805366279638177,0.2990784538511998,750.0,54.0,0.072,61,88,0.9131560403658113,38,50,38,23,42,data\synthetic\seed_42\human_annotations_majority.csv,data\synthetic\seed_42\sample_manifest_merged.json,False
A3_feedback_propagasi,entity,0.6480381661733845,0.9444444444444444,0.5370370370370371,0.6481481481481481,0.5292927058563291,0.19101123595505617,0.9028215360918574,0.35592040722423013,0.2977847507555342,583.0,54.0,0.09262435677530018,42,100,0.9077878903309325,135,50,38,23,42,data\synthetic\seed_42\human_annotations_majority.csv,data\synthetic\seed_42\sample_manifest_merged.json,False
A3_feedback_propagasi,all,0.5787924241891439,0.9444444444444444,0.46296296296296297,0.6481481481481481,0.46090335114133074,0.13385826771653545,0.8911504895700297,0.41915786151064,0.3329832905690425,750.0,54.0,0.072,42,100,0.9077878903309325,135,50,38,23,42,data\synthetic\seed_42\human_annotations_majority.csv,data\synthetic\seed_42\sample_manifest_merged.json,False
A3_feedback_propagasi,entity,0.6919948610104223,0.9629629629629629,0.5555555555555556,0.7407407407407407,0.5653308480894688,0.21487603305785125,0.920114821816145,0.3164460669434722,0.2635371270698431,583.0,54.0,0.09262435677530018,43,114,0.9164163023834716,135,50,38,23,42,data\synthetic\seed_42\human_annotations_majority.csv,data\synthetic\seed_42\sample_manifest_merged.json,False
A3_feedback_propagasi,all,0.6085445141572396,0.9629629629629629,0.5370370370370371,0.6296296296296297,0.5444786311114221,0.17747440273037543,0.9122232865048957,0.3375251858364894,0.26917614999554396,750.0,54.0,0.072,43,114,0.9164163023834716,135,50,38,23,42,data\synthetic\seed_42\human_annotations_majority.csv,data\synthetic\seed_42\sample_manifest_merged.json,False
A3_feedback_propagasi,entity,0.5971372416044844,0.9074074074074074,0.5185185185185185,0.6296296296296297,0.577536231884058,0.22072072072072071,0.8897990618217461,0.2865490768884854,0.23091961950278217,583.0,54.0,0.09262435677530018,44,79,0.9099518579974359,135,50,38,23,42,data\synthetic\seed_42\human_annotations_majority.csv,data\synthetic\seed_42\sample_manifest_merged.json,False
A3_feedback_propagasi,all,0.472674561030068,0.9074074074074074,0.4444444444444444,0.5740740740740741,0.551267377008241,0.17883211678832117,0.8682950191570882,0.336761119974195,0.25553166813353795,750.0,54.0,0.072,44,79,0.9099518579974359,135,50,38,23,42,data\synthetic\seed_42\human_annotations_majority.csv,data\synthetic\seed_42\sample_manifest_merged.json,False
A3_feedback_propagasi,entity,0.661818620272601,0.9074074074074074,0.5370370370370371,0.7222222222222222,0.5492221569294529,0.20081967213114754,0.9041517888398796,0.321685690560634,0.2746683542570814,583.0,54.0,0.09262435677530018,45,98,0.907498780786953,135,50,38,23,42,data\synthetic\seed_42\human_annotations_majority.csv,data\synthetic\seed_42\sample_manifest_merged.json,False
A3_feedback_propagasi,all,0.6076011499274109,0.9074074074074074,0.5,0.6296296296296297,0.5304347826086957,0.16554054054054054,0.8964985100042572,0.3398761373709033,0.27735117034476564,750.0,54.0,0.072,45,98,0.907498780786953,135,50,38,23,42,data\synthetic\seed_42\human_annotations_majority.csv,data\synthetic\seed_42\sample_manifest_merged.json,False
A3_feedback_propagasi,entity,0.6453798520387611,0.8888888888888888,0.5185185185185185,0.6851851851851852,0.5286098418608149,0.1867704280155642,0.8923895540152629,0.341987620890917,0.29892266033274845,583.0,54.0,0.09262435677530018,46,200,0.9118999049418086,135,50,38,23,42,data\synthetic\seed_42\human_annotations_majority.csv,data\synthetic\seed_42\sample_manifest_merged.json,False
A3_feedback_propagasi,all,0.5586038432895338,0.8888888888888888,0.5,0.6481481481481481,0.5139103853892586,0.15483870967741936,0.8881704980842913,0.3555289512366132,0.29819120723957376,750.0,54.0,0.072,46,200,0.9118999049418086,135,50,38,23,42,data\synthetic\seed_42\human_annotations_majority.csv,data\synthetic\seed_42\sample_manifest_merged.json,False
A3_feedback_propagasi,entity,0.6554401838981759,0.9629629629629629,0.5370370370370371,0.6666666666666666,0.5537670646027304,0.20717131474103587,0.9044668487012533,0.3251978619009235,0.26900365034605755,583.0,54.0,0.09262435677530018,47,152,0.9110854666821154,135,50,38,23,42,data\synthetic\seed_42\human_annotations_majority.csv,data\synthetic\seed_42\sample_manifest_merged.json,False
A3_feedback_propagasi,all,0.579104295699186,0.9629629629629629,0.5,0.5925925925925926,0.5302896425831884,0.16883116883116883,0.8942635163899532,0.3663040964296284,0.28866812227841276,750.0,54.0,0.072,47,152,0.9110854666821154,135,50,38,23,42,data\synthetic\seed_42\human_annotations_majority.csv,data\synthetic\seed_42\sample_manifest_merged.json,False
A3_feedback_propagasi,entity,0.6159966505358706,0.8888888888888888,0.5185185185185185,0.6296296296296297,0.5459659890039636,0.19753086419753085,0.8847230973885039,0.3111821708304654,0.2613318378718554,583.0,54.0,0.09262435677530018,48,92,0.9168416176780818,135,50,38,23,42,data\synthetic\seed_42\human_annotations_majority.csv,data\synthetic\seed_42\sample_manifest_merged.json,False
A3_feedback_propagasi,all,0.5749821271073571,0.8888888888888888,0.5,0.5740740740740741,0.5221108309244111,0.15946843853820597,0.8707694763729247,0.3614185140422307,0.2837278336969952,750.0,54.0,0.072,48,92,0.9168416176780818,135,50,38,23,42,data\synthetic\seed_42\human_annotations_majority.csv,data\synthetic\seed_42\sample_manifest_merged.json,False
A3_feedback_propagasi,entity,0.6438270646719114,0.8703703703703703,0.5370370370370371,0.7037037037037037,0.5340262879126847,0.18875502008032127,0.8844780508296575,0.31833813157162283,0.28283484720142227,583.0,54.0,0.09262435677530018,49,130,0.9184377576936781,135,50,38,23,42,data\synthetic\seed_42\human_annotations_majority.csv,data\synthetic\seed_42\sample_manifest_merged.json,False
A3_feedback_propagasi,all,0.5948683011908505,0.8703703703703703,0.5185185185185185,0.6481481481481481,0.5175119823996228,0.15562913907284767,0.8830885483184334,0.33072155836815365,0.2829296311381577,750.0,54.0,0.072,49,130,0.9184377576936781,135,50,38,23,42,data\synthetic\seed_42\human_annotations_majority.csv,data\synthetic\seed_42\sample_manifest_merged.json,False
A3_feedback_propagasi,entity,0.5828339344331912,0.9259259259259259,0.5370370370370371,0.6296296296296297,0.5474035236663874,0.20080321285140562,0.8843730308758664,0.33081127022870527,0.28628370714908435,583.0,54.0,0.09262435677530018,50,129,0.9112808694725861,135,50,38,23,42,data\synthetic\seed_42\human_annotations_majority.csv,data\synthetic\seed_42\sample_manifest_merged.json,False
A3_feedback_propagasi,all,0.5012332750670806,0.9259259259259259,0.4444444444444444,0.5925925925925926,0.5239299672405449,0.16286644951140064,0.8673903788846318,0.3875442004964488,0.3147403859421406,750.0,54.0,0.072,50,129,0.9112808694725861,135,50,38,23,42,data\synthetic\seed_42\human_annotations_majority.csv,data\synthetic\seed_42\sample_manifest_merged.json,False
A3_feedback_propagasi,entity,0.6315681062940862,0.8703703703703703,0.5740740740740741,0.6111111111111112,0.5552447552447553,0.2025862068965517,0.8912693411748233,0.30083712179793787,0.2467084907701243,583.0,54.0,0.09262435677530018,51,73,0.9092697102340238,135,50,38,23,42,data\synthetic\seed_42\human_annotations_majority.csv,data\synthetic\seed_42\sample_manifest_merged.json,False
A3_feedback_propagasi,all,0.5870294081519198,0.8703703703703703,0.5,0.5925925925925926,0.5322008113590264,0.16433566433566432,0.8847381864623245,0.3369122902026659,0.2583260393886739,750.0,54.0,0.072,51,73,0.9092697102340238,135,50,38,23,42,data\synthetic\seed_42\human_annotations_majority.csv,data\synthetic\seed_42\sample_manifest_merged.json,False
A3_feedback_propagasi,entity,0.6008172636080493,0.9074074074074074,0.5185185185185185,0.6111111111111112,0.5658004261505069,0.21212121212121213,0.8831828047328993,0.30487718736340697,0.2488522411972228,583.0,54.0,0.09262435677530018,52,69,0.89945637192689,135,50,38,23,42,data\synthetic\seed_42\human_annotations_majority.csv,data\synthetic\seed_42\sample_manifest_merged.json,False
A3_feedback_propagasi,all,0.5158264955442824,0.9074074074074074,0.46296296296296297,0.5925925925925926,0.5379207950792352,0.1701388888888889,0.8674435930183056,0.34478838163862613,0.26811191515777594,750.0,54.0,0.072,52,69,0.89945637192689,135,50,38,23,42,data\synthetic\seed_42\human_annotations_majority.csv,data\synthetic\seed_42\sample_manifest_merged.json,False
A3_feedback_propagasi,entity,0.6340796238457954,0.9444444444444444,0.5370370370370371,0.6481481481481481,0.5305333924349882,0.19172932330827067,0.8943499264860324,0.34798632351326675,0.3003347066225331,583.0,54.0,0.09262435677530018,53,134,0.9098801670467136,135,50,38,23,42,data\synthetic\seed_42\human_annotations_majority.csv,data\synthetic\seed_42\sample_manifest_merged.json,False
A3_feedback_propagasi,all,0.4960017867345278,0.9444444444444444,0.46296296296296297,0.5555555555555556,0.5082842398074348,0.15548780487804878,0.8763303533418475,0.39602588405236383,0.324265651666791,750.0,54.0,0.072,53,134,0.9098801670467136,135,50,38,23,42,data\synthetic\seed_42\human_annotations_majority.csv,data\synthetic\seed_42\sample_manifest_merged.json,False
A3_feedback_propagasi,entity,0.6037255285806717,0.9814814814814815,0.5370370370370371,0.6481481481481481,0.5278803659037015,0.19272727272727272,0.9003360638521318,0.36064107573586845,0.2952252449111213,583.0,54.0,0.09262435677530018,54,76,0.9078292929883035,135,50,38,23,42,data\synthetic\seed_42\human_annotations_majority.csv,data\synthetic\seed_42\sample_manifest_merged.json,False
A3_feedback_propagasi,all,0.5008318526596108,0.9814814814814815,0.4074074074074074,0.6111111111111112,0.5070557332589208,0.1572700296735905,0.88992656449553,0.4167760263929552,0.32532822614786616,750.0,54.0,0.072,54,76,0.9078292929883035,135,50,38,23,42,data\synthetic\seed_42\human_annotations_majority.csv,data\synthetic\seed_42\sample_manifest_merged.json,False
A3_feedback_propagasi,entity,0.6669982390645551,0.9074074074074074,0.5740740740740741,0.6851851851851852,0.5542813455657493,0.20416666666666666,0.9092977665756494,0.3163744824523458,0.2564597579050578,583.0,54.0,0.09262435677530018,55,83,0.9129176093094962,135,50,38,23,42,data\synthetic\seed_42\human_annotations_majority.csv,data\synthetic\seed_42\sample_manifest_merged.json,False
A3_feedback_propagasi,all,0.6141880552856321,0.9074074074074074,0.5185185185185185,0.6481481481481481,0.5351025785808394,0.16838487972508592,0.9033365261813537,0.3426564730129146,0.26364161726847335,750.0,54.0,0.072,55,83,0.9129176093094962,135,50,38,23,42,data\synthetic\seed_42\human_annotations_majority.csv,data\synthetic\seed_42\sample_manifest_merged.json,False
A3_feedback_propagasi,entity,0.6211736142082108,0.9259259259259259,0.5,0.7222222222222222,0.5588294951007926,0.20833333333333334,0.9010712035286704,0.30787280628815406,0.2491535005379822,583.0,54.0,0.09262435677530018,56,77,0.9064770500720338,135,50,38,23,42,data\synthetic\seed_42\human_annotations_majority.csv,data\synthetic\seed_42\sample_manifest_merged.json,False
A3_feedback_propagasi,all,0.5419097136472466,0.9259259259259259,0.4444444444444444,0.6296296296296297,0.5369803369733386,0.17064846416382254,0.8878246062154108,0.3550854632163785,0.2706995074043292,750.0,54.0,0.072,56,77,0.9064770500720338,135,50,38,23,42,data\synthetic\seed_42\human_annotations_majority.csv,data\synthetic\seed_42\sample_manifest_merged.json,False
A3_feedback_propagasi,entity,0.6301189323460911,0.8703703703703703,0.5370370370370371,0.6296296296296297,0.5414482376507692,0.1934156378600823,0.8700903171602604,0.3119943161886834,0.2750099261226883,583.0,54.0,0.09262435677530018,57,125,0.9107294207511428,135,50,38,23,42,data\synthetic\seed_42\human_annotations_majority.csv,data\synthetic\seed_42\sample_manifest_merged.json,False
A3_feedback_propagasi,all,0.5351933516369206,0.8703703703703703,0.48148148148148145,0.5925925925925926,0.513888888888889,0.15359477124183007,0.848951681566624,0.3694846689711345,0.3040303512448713,750.0,54.0,0.072,57,125,0.9107294207511428,135,50,38,23,42,data\synthetic\seed_42\human_annotations_majority.csv,data\synthetic\seed_42\sample_manifest_merged.json,False
A3_feedback_propagasi,entity,0.6356168965045799,0.9074074074074074,0.5185185185185185,0.6666666666666666,0.5645104895104895,0.21120689655172414,0.9036266890709235,0.30210481340609663,0.2542010479921164,583.0,54.0,0.09262435677530018,58,136,0.9121271585214186,135,50,38,23,42,data\synthetic\seed_42\human_annotations_majority.csv,data\synthetic\seed_42\sample_manifest_merged.json,False
A3_feedback_propagasi,all,0.5297504513466319,0.9074074074074074,0.46296296296296297,0.5555555555555556,0.5435996563573883,0.17375886524822695,0.8904320987654322,0.33646588727204224,0.2672959916383871,750.0,54.0,0.072,58,136,0.9121271585214186,135,50,38,23,42,data\synthetic\seed_42\human_annotations_majority.csv,data\synthetic\seed_42\sample_manifest_merged.json,False
A3_feedback_propagasi,entity,0.6558763561708556,0.9259259259259259,0.5555555555555556,0.7037037037037037,0.5575512269162661,0.2074688796680498,0.9096128264370231,0.31404439720230887,0.26643665540193046,583.0,54.0,0.09262435677530018,59,101,0.905363447431039,135,50,38,23,42,data\synthetic\seed_42\human_annotations_majority.csv,data\synthetic\seed_42\sample_manifest_merged.json,False
A3_feedback_propagasi,all,0.6055279923618279,0.9259259259259259,0.5,0.6481481481481481,0.5294913586321423,0.16611295681063123,0.9016868880374628,0.3498713664507118,0.2829597755063506,750.0,54.0,0.072,59,101,0.905363447431039,135,50,38,23,42,data\synthetic\seed_42\human_annotations_majority.csv,data\synthetic\seed_42\sample_manifest_merged.json,False
A3_feedback_propagasi,entity,0.6634691464483279,0.9814814814814815,0.5925925925925926,0.6851851851851852,0.5607807594200903,0.21285140562248997,0.9176643562276832,0.3207048208886424,0.26370120059504676,583.0,54.0,0.09262435677530018,60,126,0.9164633274284716,135,50,38,23,42,data\synthetic\seed_42\human_annotations_majority.csv,data\synthetic\seed_42\sample_manifest_merged.json,False
A3_feedback_propagasi,all,0.6148964097237849,0.9814814814814815,0.5370370370370371,0.6296296296296297,0.5443827036516331,0.17845117845117844,0.916480417198808,0.3562289416455314,0.2755128683251025,750.0,54.0,0.072,60,126,0.9164633274284716,135,50,38,23,42,data\synthetic\seed_42\human_annotations_majority.csv,data\synthetic\seed_42\sample_manifest_merged.json,False
A3_feedback_propagasi,entity,0.6700735405991312,0.9259259259259259,0.5555555555555556,0.7222222222222222,0.5511932255581217,0.2032520325203252,0.9108730658825177,0.31223124178307,0.2507084530481165,583.0,54.0,0.09262435677530018,61,99,0.9125094663581971,135,50,38,23,42,data\synthetic\seed_42\human_annotations_majority.csv,data\synthetic\seed_42\sample_manifest_merged.json,False
A3_feedback_propagasi,all,0.6169799040187676,0.9259259259259259,0.5185185185185185,0.6851851851851852,0.532289356984479,0.16778523489932887,0.9027245636441039,0.36282144332566635,0.27231175758549164,750.0,54.0,0.072,61,99,0.9125094663581971,135,50,38,23,42,data\synthetic\seed_42\human_annotations_majority.csv,data\synthetic\seed_42\sample_manifest_merged.json,False
A2_feedback_langsung,entity,0.6667451267997406,0.8888888888888888,0.5555555555555556,0.6851851851851852,0.5547866477720045,0.2033898305084746,0.8960652523979555,0.30257451648524525,0.2582176522950832,583.0,54.0,0.09262435677530018,42,134,0.9110442848016596,73,100,73,43,42,data\synthetic\seed_42\human_annotations_majority.csv,data\synthetic\seed_42\sample_manifest_merged.json,False
A2_feedback_langsung,all,0.6116695922598452,0.8888888888888888,0.5185185185185185,0.6296296296296297,0.5276313856892847,0.16271186440677965,0.8826362281822052,0.3502551968932348,0.27975951864762383,750.0,54.0,0.072,42,134,0.9110442848016596,73,100,73,43,42,data\synthetic\seed_42\human_annotations_majority.csv,data\synthetic\seed_42\sample_manifest_merged.json,False
A2_feedback_langsung,entity,0.6468988500601985,0.9259259259259259,0.5740740740740741,0.6851851851851852,0.5274600008142328,0.18867924528301888,0.8968353987257578,0.34410114474356823,0.27520327424259783,583.0,54.0,0.09262435677530018,43,51,0.9043197504822295,73,100,73,43,42,data\synthetic\seed_42\human_annotations_majority.csv,data\synthetic\seed_42\sample_manifest_merged.json,False
A2_feedback_langsung,all,0.581280791713785,0.9259259259259259,0.5,0.6296296296296297,0.5074836592846097,0.15384615384615385,0.8867869306087697,0.3821166221138234,0.2905076410819784,750.0,54.0,0.072,43,51,0.9043197504822295,73,100,73,43,42,data\synthetic\seed_42\human_annotations_majority.csv,data\synthetic\seed_42\sample_manifest_merged.json,False
A2_feedback_langsung,entity,0.5923343128781268,0.8888888888888888,0.48148148148148145,0.6296296296296297,0.5224869694713329,0.183206106870229,0.870020303857733,0.3540751447459244,0.32273781914134647,583.0,54.0,0.09262435677530018,44,163,0.9160569174129181,73,100,73,43,42,data\synthetic\seed_42\human_annotations_majority.csv,data\synthetic\seed_42\sample_manifest_merged.json,False
A2_feedback_langsung,all,0.5258477920243757,0.8888888888888888,0.46296296296296297,0.5740740740740741,0.5102934398525119,0.15286624203821655,0.8621620902511706,0.37726043183075675,0.32221150122205794,750.0,54.0,0.072,44,163,0.9160569174129181,73,100,73,43,42,data\synthetic\seed_42\human_annotations_majority.csv,data\synthetic\seed_42\sample_manifest_merged.json,False
A2_feedback_langsung,entity,0.6588942028972548,0.9074074074074074,0.5370370370370371,0.7777777777777778,0.5367132867132867,0.19291338582677164,0.9046068753063082,0.32869324912415826,0.2844896339922663,583.0,54.0,0.09262435677530018,45,103,0.9139590497149507,73,100,73,43,42,data\synthetic\seed_42\human_annotations_majority.csv,data\synthetic\seed_42\sample_manifest_merged.json,False
A2_feedback_langsung,all,0.6087238209509301,0.9074074074074074,0.5,0.5925925925925926,0.5211988304093567,0.16013071895424835,0.9013676032354193,0.3401799231794576,0.28288428178568903,750.0,54.0,0.072,45,103,0.9139590497149507,73,100,73,43,42,data\synthetic\seed_42\human_annotations_majority.csv,data\synthetic\seed_42\sample_manifest_merged.json,False
A2_feedback_langsung,entity,0.635259752665804,0.9074074074074074,0.5370370370370371,0.6666666666666666,0.5467051578137028,0.1991869918699187,0.8955751592802632,0.3156900384766175,0.26769761424984256,583.0,54.0,0.09262435677530018,46,105,0.9080229705346633,73,100,73,43,42,data\synthetic\seed_42\human_annotations_majority.csv,data\synthetic\seed_42\sample_manifest_merged.json,False
A2_feedback_langsung,all,0.5556950584071068,0.9074074074074074,0.48148148148148145,0.6111111111111112,0.5313655249328477,0.16610169491525423,0.88215730097914,0.34805141860998584,0.2766482239112928,750.0,54.0,0.072,46,105,0.9080229705346633,73,100,73,43,42,data\synthetic\seed_42\human_annotations_majority.csv,data\synthetic\seed_42\sample_manifest_merged.json,False
A2_feedback_langsung,entity,0.6441604631212258,0.9444444444444444,0.5555555555555556,0.6666666666666666,0.548062015503876,0.20238095238095238,0.9027515227893299,0.33208820604437617,0.2808445973606101,583.0,54.0,0.09262435677530018,47,134,0.914630681381345,73,100,73,43,42,data\synthetic\seed_42\human_annotations_majority.csv,data\synthetic\seed_42\sample_manifest_merged.json,False
A2_feedback_langsung,all,0.5720139340860284,0.9444444444444444,0.46296296296296297,0.6111111111111112,0.5266484770218178,0.16558441558441558,0.8924010217113665,0.39104570106504755,0.3112646943398159,750.0,54.0,0.072,47,134,0.914630681381345,73,100,73,43,42,data\synthetic\seed_42\human_annotations_majority.csv,data\synthetic\seed_42\sample_manifest_merged.json,False
A2_feedback_langsung,entity,0.6681624591106095,0.9259259259259259,0.5555555555555556,0.7222222222222222,0.5436312509499924,0.1984126984126984,0.9107330392774627,0.32734255772438203,0.2660413204839997,583.0,54.0,0.09262435677530018,48,75,0.9081709527982533,73,100,73,43,42,data\synthetic\seed_42\human_annotations_majority.csv,data\synthetic\seed_42\sample_manifest_merged.json,False
A2_feedback_langsung,all,0.6363804070706013,0.9259259259259259,0.5370370370370371,0.6666666666666666,0.5211654542640458,0.16129032258064516,0.9029640272456364,0.3670350299964563,0.2807188889165034,750.0,54.0,0.072,48,75,0.9081709527982533,73,100,73,43,42,data\synthetic\seed_42\human_annotations_majority.csv,data\synthetic\seed_42\sample_manifest_merged.json,False
A2_feedback_langsung,entity,0.6249080840549991,0.9074074074074074,0.5185185185185185,0.6666666666666666,0.574907641454404,0.21875,0.8954351326752084,0.28828853712630714,0.24060364568307266,583.0,54.0,0.09262435677530018,49,104,0.9204330602908644,73,100,73,43,42,data\synthetic\seed_42\human_annotations_majority.csv,data\synthetic\seed_42\sample_manifest_merged.json,False
A2_feedback_langsung,all,0.5351449124117408,0.9074074074074074,0.48148148148148145,0.5740740740740741,0.5522341365744543,0.1794871794871795,0.8864410387398893,0.31876132270769114,0.25075666774245514,750.0,54.0,0.072,49,104,0.9204330602908644,73,100,73,43,42,data\synthetic\seed_42\human_annotations_majority.csv,data\synthetic\seed_42\sample_manifest_merged.json,False
A2_feedback_langsung,entity,0.6154448780209765,0.9074074074074074,0.5,0.6296296296296297,0.5517474370922647,0.2024793388429752,0.8944549464398236,0.31259220603097654,0.27074009120998044,583.0,54.0,0.09262435677530018,50,130,0.9071431587648688,73,100,73,43,42,data\synthetic\seed_42\human_annotations_majority.csv,data\synthetic\seed_42\sample_manifest_merged.json,False
A2_feedback_langsung,all,0.5732966730785816,0.9074074074074074,0.46296296296296297,0.6111111111111112,0.5267252344189073,0.16333333333333333,0.8836206896551724,0.3601198792657613,0.2878691575365025,750.0,54.0,0.072,50,130,0.9071431587648688,73,100,73,43,42,data\synthetic\seed_42\human_annotations_majority.csv,data\synthetic\seed_42\sample_manifest_merged.json,False
A2_feedback_langsung,entity,0.6213956588340578,0.8518518518518519,0.5370370370370371,0.6111111111111112,0.5506118881118881,0.19827586206896552,0.8788769866274592,0.29795252771081465,0.2579120882233079,583.0,54.0,0.09262435677530018,51,89,0.9089432617630997,73,100,73,43,42,data\synthetic\seed_42\human_annotations_majority.csv,data\synthetic\seed_42\sample_manifest_merged.json,False
A2_feedback_langsung,all,0.589497671129289,0.8518518518518519,0.5,0.5925925925925926,0.5302426952102578,0.1619718309859155,0.8691730523627076,0.33192165667078005,0.2660442853071605,750.0,54.0,0.072,51,89,0.9089432617630997,73,100,73,43,42,data\synthetic\seed_42\human_annotations_majority.csv,data\synthetic\seed_42\sample_manifest_merged.json,False
A2_feedback_langsung,entity,0.630276502114103,0.9259259259259259,0.5555555555555556,0.7037037037037037,0.5588294951007926,0.20833333333333334,0.8912343345235594,0.3052563049489503,0.25767308747679674,583.0,54.0,0.09262435677530018,52,96,0.9074347493817936,73,100,73,43,42,data\synthetic\seed_42\human_annotations_majority.csv,data\synthetic\seed_42\sample_manifest_merged.json,False
A2_feedback_langsung,all,0.5547083673181301,0.9259259259259259,0.48148148148148145,0.5740740740740741,0.5360392720306513,0.17006802721088435,0.8777937420178799,0.33891457202254993,0.2709034013660139,750.0,54.0,0.072,52,96,0.9074347493817936,73,100,73,43,42,data\synthetic\seed_42\human_annotations_majority.csv,data\synthetic\seed_42\sample_manifest_merged.json,False
A2_feedback_langsung,entity,0.6128378390270242,0.9074074074074074,0.5370370370370371,0.7037037037037037,0.5280584932758845,0.18773946360153257,0.891041797941609,0.3452484893518418,0.297830813743301,583.0,54.0,0.09262435677530018,53,128,0.9092047761961847,73,100,73,43,42,data\synthetic\seed_42\human_annotations_majority.csv,data\synthetic\seed_42\sample_manifest_merged.json,False
A2_feedback_langsung,all,0.478789105961557,0.9074074074074074,0.4444444444444444,0.5740740740740741,0.5111720173137022,0.15457413249211358,0.8714213495104299,0.39090647902116993,0.3174366978520472,750.0,54.0,0.072,53,128,0.9092047761961847,73,100,73,43,42,data\synthetic\seed_42\human_annotations_majority.csv,data\synthetic\seed_42\sample_manifest_merged.json,False
A2_feedback_langsung,entity,0.602121134080156,0.9259259259259259,0.5370370370370371,0.6851851851851852,0.5575512269162661,0.2074688796680498,0.8979906182174613,0.3092157761583531,0.25786454303037826,583.0,54.0,0.09262435677530018,54,97,0.9120010891370365,73,100,73,43,42,data\synthetic\seed_42\human_annotations_majority.csv,data\synthetic\seed_42\sample_manifest_merged.json,False
A2_feedback_langsung,all,0.5423452535824209,0.9259259259259259,0.48148148148148145,0.6111111111111112,0.5360392720306513,0.17006802721088435,0.8876649638143891,0.35818778359588993,0.2775368848736363,750.0,54.0,0.072,54,97,0.9120010891370365,73,100,73,43,42,data\synthetic\seed_42\human_annotations_majority.csv,data\synthetic\seed_42\sample_manifest_merged.json,False
A2_feedback_langsung,entity,0.6118298394858778,0.8888888888888888,0.5185185185185185,0.6666666666666666,0.5397274343880304,0.1935483870967742,0.8800672127704263,0.33213312360619585,0.29445079755971604,583.0,54.0,0.09262435677530018,55,120,0.9102188871527799,73,100,73,43,42,data\synthetic\seed_42\human_annotations_majority.csv,data\synthetic\seed_42\sample_manifest_merged.json,False
A2_feedback_langsung,all,0.5659183195038305,0.8888888888888888,0.5,0.5555555555555556,0.523945950885547,0.1605351170568562,0.8764101745423585,0.3494535706612729,0.2923616933101156,750.0,54.0,0.072,55,120,0.9102188871527799,73,100,73,43,42,data\synthetic\seed_42\human_annotations_majority.csv,data\synthetic\seed_42\sample_manifest_merged.json,False
A2_feedback_langsung,entity,0.5829671792195285,0.9259259259259259,0.5,0.5925925925925926,0.5448868071818891,0.199203187250996,0.8819925785899321,0.3338936243685656,0.2872128242250526,583.0,54.0,0.09262435677530018,56,75,0.9128859834200471,73,100,73,43,42,data\synthetic\seed_42\human_annotations_majority.csv,data\synthetic\seed_42\sample_manifest_merged.json,False
A2_feedback_langsung,all,0.5277521398913245,0.9259259259259259,0.46296296296296297,0.5370370370370371,0.5267050846794313,0.16447368421052633,0.8740687526607066,0.37834920691153606,0.30228708950625705,750.0,54.0,0.072,56,75,0.9128859834200471,73,100,73,43,42,data\synthetic\seed_42\human_annotations_majority.csv,data\synthetic\seed_42\sample_manifest_merged.json,False
A2_feedback_langsung,entity,0.6038594495323596,0.8888888888888888,0.5185185185185185,0.6111111111111112,0.536006549761048,0.19123505976095617,0.8765140376671567,0.3331135282276428,0.2968317666088771,583.0,54.0,0.09262435677530018,57,125,0.9145677071060249,73,100,73,43,42,data\synthetic\seed_42\human_annotations_majority.csv,data\synthetic\seed_42\sample_manifest_merged.json,False
A2_feedback_langsung,all,0.5456256208240449,0.8888888888888888,0.5185185185185185,0.5555555555555556,0.5211950970377937,0.15894039735099338,0.8645035121328225,0.37267304703737913,0.3065381571491846,750.0,54.0,0.072,57,125,0.9145677071060249,73,100,73,43,42,data\synthetic\seed_42\human_annotations_majority.csv,data\synthetic\seed_42\sample_manifest_merged.json,False
A2_feedback_langsung,entity,0.6156390926307301,0.9444444444444444,0.48148148148148145,0.6481481481481481,0.5417649160414434,0.19844357976653695,0.8908142547083946,0.3382977444287212,0.29248280218379685,583.0,54.0,0.09262435677530018,58,138,0.9141595330325973,73,100,73,43,42,data\synthetic\seed_42\human_annotations_majority.csv,data\synthetic\seed_42\sample_manifest_merged.json,False
A2_feedback_langsung,all,0.5400523330911955,0.9444444444444444,0.4444444444444444,0.5740740740740741,0.5313085864266966,0.16831683168316833,0.883806939123031,0.3587626581553406,0.29215845674219415,750.0,54.0,0.072,58,138,0.9141595330325973,73,100,73,43,42,data\synthetic\seed_42\human_annotations_majority.csv,data\synthetic\seed_42\sample_manifest_merged.json,False
A2_feedback_langsung,entity,0.6304525961689941,0.9259259259259259,0.5,0.6481481481481481,0.5461442178532178,0.2,0.8955401526289994,0.33065672221606407,0.2881719647690742,583.0,54.0,0.09262435677530018,59,102,0.90917265217698,73,100,73,43,42,data\synthetic\seed_42\human_annotations_majority.csv,data\synthetic\seed_42\sample_manifest_merged.json,False
A2_feedback_langsung,all,0.6065225195852916,0.9259259259259259,0.5,0.6481481481481481,0.5248538011695907,0.16339869281045752,0.8970040442741591,0.3525612368677686,0.29181223057404504,750.0,54.0,0.072,59,102,0.90917265217698,73,100,73,43,42,data\synthetic\seed_42\human_annotations_majority.csv,data\synthetic\seed_42\sample_manifest_merged.json,False
A2_feedback_langsung,entity,0.6350166303377762,0.9074074074074074,0.5185185185185185,0.6851851851851852,0.5658004261505069,0.21212121212121213,0.8961002590492193,0.2869264582217991,0.2469481374185689,583.0,54.0,0.09262435677530018,60,126,0.9096459734242718,73,100,73,43,42,data\synthetic\seed_42\human_annotations_majority.csv,data\synthetic\seed_42\sample_manifest_merged.json,False
A2_feedback_langsung,all,0.5624703802586198,0.9074074074074074,0.48148148148148145,0.6111111111111112,0.5360404763820713,0.16896551724137931,0.8809599829714773,0.34266837851538845,0.2718676795858391,750.0,54.0,0.072,60,126,0.9096459734242718,73,100,73,43,42,data\synthetic\seed_42\human_annotations_majority.csv,data\synthetic\seed_42\sample_manifest_merged.json,False
A2_feedback_langsung,entity,0.6456570775517954,0.9259259259259259,0.5370370370370371,0.6666666666666666,0.5311690245718541,0.19083969465648856,0.893719806763285,0.349674662120683,0.28447281344379527,583.0,54.0,0.09262435677530018,61,79,0.9123240969916984,73,100,73,43,42,data\synthetic\seed_42\human_annotations_majority.csv,data\synthetic\seed_42\sample_manifest_merged.json,False
A2_feedback_langsung,all,0.615644803140474,0.9259259259259259,0.5185185185185185,0.6666666666666666,0.45414026823879994,0.12987012987012986,0.8868933588761174,0.40780449129830143,0.3128417939617635,750.0,54.0,0.072,61,79,0.9123240969916984,73,100,73,43,42,data\synthetic\seed_42\human_annotations_majority.csv,data\synthetic\seed_42\sample_manifest_merged.json,False
A3_feedback_propagasi,entity,0.6571993368755008,0.9259259259259259,0.5370370370370371,0.7222222222222222,0.5448868071818891,0.199203187250996,0.906672267730869,0.3302767401288156,0.2672097250337416,583.0,54.0,0.09262435677530018,42,111,0.8972038680885638,239,100,73,43,42,data\synthetic\seed_42\human_annotations_majority.csv,data\synthetic\seed_42\sample_manifest_merged.json,False
A3_feedback_propagasi,all,0.6198072528174331,0.9259259259259259,0.5,0.6481481481481481,0.5211654542640458,0.16129032258064516,0.8996647509578544,0.3706817528793108,0.2828103948470626,750.0,54.0,0.072,42,111,0.8972038680885638,239,100,73,43,42,data\synthetic\seed_42\human_annotations_majority.csv,data\synthetic\seed_42\sample_manifest_merged.json,False
A3_feedback_propagasi,entity,0.6441110891048718,0.9074074074074074,0.5370370370370371,0.7222222222222222,0.5619384333080233,0.2094017094017094,0.9050619617727367,0.3121575273854459,0.2362231739853366,583.0,54.0,0.09262435677530018,43,52,0.8981910811470537,239,100,73,43,42,data\synthetic\seed_42\human_annotations_majority.csv,data\synthetic\seed_42\sample_manifest_merged.json,False
A3_feedback_propagasi,all,0.6014156062643933,0.9074074074074074,0.48148148148148145,0.6851851851851852,0.5379207950792352,0.1701388888888889,0.8968444018731375,0.35172596047817933,0.2515178999234955,750.0,54.0,0.072,43,52,0.8981910811470537,239,100,73,43,42,data\synthetic\seed_42\human_annotations_majority.csv,data\synthetic\seed_42\sample_manifest_merged.json,False
A3_feedback_propagasi,entity,0.6436931870527748,0.9259259259259259,0.5555555555555556,0.6666666666666666,0.5678451518791151,0.2145922746781116,0.9056920814954841,0.3073978702146792,0.2427768811468809,583.0,54.0,0.09262435677530018,44,79,0.9009544933163003,239,100,73,43,42,data\synthetic\seed_42\human_annotations_majority.csv,data\synthetic\seed_42\sample_manifest_merged.json,False
A3_feedback_propagasi,all,0.5917037420605447,0.9259259259259259,0.5185185185185185,0.6296296296296297,0.550321529755977,0.17921146953405018,0.8995051085568326,0.3462070563624657,0.25623938030558413,750.0,54.0,0.072,44,79,0.9009544933163003,239,100,73,43,42,data\synthetic\seed_42\human_annotations_majority.csv,data\synthetic\seed_42\sample_manifest_merged.json,False
A3_feedback_propagasi,entity,0.6999975113910544,0.9444444444444444,0.5925925925925926,0.7592592592592593,0.5659618820726623,0.21428571428571427,0.9226002940558706,0.3131607439873919,0.2504135878703192,583.0,54.0,0.09262435677530018,45,67,0.9010790024785805,239,100,73,43,42,data\synthetic\seed_42\human_annotations_majority.csv,data\synthetic\seed_42\sample_manifest_merged.json,False
A3_feedback_propagasi,all,0.65848925967179,0.9444444444444444,0.5370370370370371,0.7222222222222222,0.5435845336766718,0.17586206896551723,0.9191943380161771,0.34940619651080396,0.26239050781789974,750.0,54.0,0.072,45,67,0.9010790024785805,239,100,73,43,42,data\synthetic\seed_42\human_annotations_majority.csv,data\synthetic\seed_42\sample_manifest_merged.json,False
A3_feedback_propagasi,entity,0.674683131559451,0.8703703703703703,0.5370370370370371,0.7407407407407407,0.5327955183783124,0.188,0.9037317090247147,0.34314554045584666,0.29853403080599805,583.0,54.0,0.09262435677530018,46,193,0.902986115092339,239,100,73,43,42,data\synthetic\seed_42\human_annotations_majority.csv,data\synthetic\seed_42\sample_manifest_merged.json,False
A3_feedback_propagasi,all,0.6439550228117389,0.8703703703703703,0.5185185185185185,0.6666666666666666,0.5193303162067027,0.15666666666666668,0.9055449127288208,0.3541406446997138,0.29088485235892525,750.0,54.0,0.072,46,193,0.902986115092339,239,100,73,43,42,data\synthetic\seed_42\human_annotations_majority.csv,data\synthetic\seed_42\sample_manifest_merged.json,False
A3_feedback_propagasi,entity,0.6320783792270601,0.9444444444444444,0.5370370370370371,0.6851851851851852,0.5417649160414434,0.19844357976653695,0.9079675138276272,0.33628808104503827,0.2649058043213949,583.0,54.0,0.09262435677530018,47,85,0.8986802056774524,239,100,73,43,42,data\synthetic\seed_42\human_annotations_majority.csv,data\synthetic\seed_42\sample_manifest_merged.json,False
A3_feedback_propagasi,all,0.5809394631332694,0.9444444444444444,0.5,0.6296296296296297,0.43164877757901016,0.12318840579710146,0.8975361856108983,0.40601610286587553,0.30743810244419806,750.0,54.0,0.072,47,85,0.8986802056774524,239,100,73,43,42,data\synthetic\seed_42\human_annotations_majority.csv,data\synthetic\seed_42\sample_manifest_merged.json,False
A3_feedback_propagasi,entity,0.6364048006792807,0.9074074074074074,0.5555555555555556,0.6851851851851852,0.5467051578137028,0.1991869918699187,0.8944199397885598,0.31801358248450295,0.273536781930048,583.0,54.0,0.09262435677530018,48,156,0.9108187685058844,239,100,73,43,42,data\synthetic\seed_42\human_annotations_majority.csv,data\synthetic\seed_42\sample_manifest_merged.json,False
A3_feedback_propagasi,all,0.5873050375379851,0.9074074074074074,0.5185185185185185,0.6111111111111112,0.5258010947782766,0.16279069767441862,0.8895540655598126,0.34826577235358225,0.2834428640049866,750.0,54.0,0.072,48,156,0.9108187685058844,239,100,73,43,42,data\synthetic\seed_42\human_annotations_majority.csv,data\synthetic\seed_42\sample_manifest_merged.json,False
A3_feedback_propagasi,entity,0.6724490507775533,0.9629629629629629,0.5555555555555556,0.7777777777777778,0.5770891058496153,0.22317596566523606,0.9212350346565847,0.3067947910655918,0.24981481156812746,583.0,54.0,0.09262435677530018,49,86,0.9076620664449261,239,100,73,43,42,data\synthetic\seed_42\human_annotations_majority.csv,data\synthetic\seed_42\sample_manifest_merged.json,False
A3_feedback_propagasi,all,0.6392613031174796,0.9629629629629629,0.5370370370370371,0.6666666666666666,0.5551055473735886,0.18439716312056736,0.9181034482758621,0.32130702245246434,0.25037712853512384,750.0,54.0,0.072,49,86,0.9076620664449261,239,100,73,43,42,data\synthetic\seed_42\human_annotations_majority.csv,data\synthetic\seed_42\sample_manifest_merged.json,False
A3_feedback_propagasi,entity,0.6785210643128302,0.9259259259259259,0.5740740740740741,0.7407407407407407,0.5311690245718541,0.19083969465648856,0.9152488972904852,0.348048389461341,0.2879708111657181,583.0,54.0,0.09262435677530018,50,108,0.8994245128698215,239,100,73,43,42,data\synthetic\seed_42\human_annotations_majority.csv,data\synthetic\seed_42\sample_manifest_merged.json,False
A3_feedback_propagasi,all,0.6482669231262084,0.9259259259259259,0.5555555555555556,0.7037037037037037,0.5138412262640129,0.15723270440251572,0.9092699020859939,0.39313305783656916,0.3046913437832713,750.0,54.0,0.072,50,108,0.8994245128698215,239,100,73,43,42,data\synthetic\seed_42\human_annotations_majority.csv,data\synthetic\seed_42\sample_manifest_merged.json,False
A3_feedback_propagasi,entity,0.6245687927476175,0.9444444444444444,0.5185185185185185,0.6481481481481481,0.5305333924349882,0.19172932330827067,0.8926696072253728,0.3494164027491463,0.2899713048744387,583.0,54.0,0.09262435677530018,51,73,0.897641076065331,239,100,73,43,42,data\synthetic\seed_42\human_annotations_majority.csv,data\synthetic\seed_42\sample_manifest_merged.json,False
A3_feedback_propagasi,all,0.604965640846068,0.9444444444444444,0.5185185185185185,0.6296296296296297,0.5174159231297186,0.16037735849056603,0.8954874414644529,0.38333925724828555,0.295403412802482,750.0,54.0,0.072,51,73,0.897641076065331,239,100,73,43,42,data\synthetic\seed_42\human_annotations_majority.csv,data\synthetic\seed_42\sample_manifest_merged.json,False
A3_feedback_propagasi,entity,0.5971081483507031,0.9444444444444444,0.5,0.6296296296296297,0.5317754345967511,0.19245283018867926,0.8830427781278443,0.3464506825388788,0.2855115826773704,583.0,54.0,0.09262435677530018,52,67,0.8924212930750586,239,100,73,43,42,data\synthetic\seed_42\human_annotations_majority.csv,data\synthetic\seed_42\sample_manifest_merged.json,False
A3_feedback_propagasi,all,0.5592623514757149,0.9444444444444444,0.46296296296296297,0.6111111111111112,0.5128386214454934,0.15789473684210525,0.8793635589612601,0.37459527142430793,0.29321113505473956,750.0,54.0,0.072,52,67,0.8924212930750586,239,100,73,43,42,data\synthetic\seed_42\human_annotations_majority.csv,data\synthetic\seed_42\sample_manifest_merged.json,False
A3_feedback_propagasi,entity,0.6533577074893785,0.9259259259259259,0.5555555555555556,0.7222222222222222,0.538626771178776,0.1953125,0.9154239305468039,0.3354736292742513,0.2643332798810031,583.0,54.0,0.09262435677530018,53,83,0.8917568038268965,239,100,73,43,42,data\synthetic\seed_42\human_annotations_majority.csv,data\synthetic\seed_42\sample_manifest_merged.json,False
A3_feedback_propagasi,all,0.5822815414828763,0.9259259259259259,0.46296296296296297,0.6666666666666666,0.5020674392871702,0.1510574018126888,0.8987601106853981,0.39896840242083675,0.3023928026869949,750.0,54.0,0.072,53,83,0.8917568038268965,239,100,73,43,42,data\synthetic\seed_42\human_annotations_majority.csv,data\synthetic\seed_42\sample_manifest_merged.json,False
A3_feedback_propagasi,entity,0.6525913881800627,0.9629629629629629,0.5555555555555556,0.7222222222222222,0.5705307043666343,0.2184873949579832,0.9182594692991669,0.3128598547091018,0.2568390190842406,583.0,54.0,0.09262435677530018,54,125,0.9074549666011498,239,100,73,43,42,data\synthetic\seed_42\human_annotations_majority.csv,data\synthetic\seed_42\sample_manifest_merged.json,False
A3_feedback_propagasi,all,0.5879355234130668,0.9629629629629629,0.5,0.6666666666666666,0.5406633787834831,0.1750841750841751,0.9094029374201787,0.3528809420356604,0.27537334807358255,750.0,54.0,0.072,54,125,0.9074549666011498,239,100,73,43,42,data\synthetic\seed_42\human_annotations_majority.csv,data\synthetic\seed_42\sample_manifest_merged.json,False
A3_feedback_propagasi,entity,0.6386320793117554,0.9259259259259259,0.5185185185185185,0.6851851851851852,0.5730544361696593,0.2183406113537118,0.9056920814954841,0.3001296062544432,0.24402023647274504,583.0,54.0,0.09262435677530018,55,99,0.9042838181346368,239,100,73,43,42,data\synthetic\seed_42\human_annotations_majority.csv,data\synthetic\seed_42\sample_manifest_merged.json,False
A3_feedback_propagasi,all,0.5599248616962227,0.9259259259259259,0.46296296296296297,0.5740740740740741,0.5512873411454036,0.17985611510791366,0.8925340570455512,0.33024684358770123,0.25489603526184057,750.0,54.0,0.072,55,99,0.9042838181346368,239,100,73,43,42,data\synthetic\seed_42\human_annotations_majority.csv,data\synthetic\seed_42\sample_manifest_merged.json,False
A3_feedback_propagasi,entity,0.6174995914693927,0.9259259259259259,0.5,0.7037037037037037,0.5783095529613331,0.2222222222222222,0.9049569418189456,0.2844389347238178,0.2366779573975122,583.0,54.0,0.09262435677530018,56,120,0.9048721399046475,239,100,73,43,42,data\synthetic\seed_42\human_annotations_majority.csv,data\synthetic\seed_42\sample_manifest_merged.json,False
A3_feedback_propagasi,all,0.5954048088757349,0.9259259259259259,0.5,0.6666666666666666,0.5610519988611079,0.1865671641791045,0.9030970625798213,0.3112602386309492,0.23728785025066834,750.0,54.0,0.072,56,120,0.9048721399046475,239,100,73,43,42,data\synthetic\seed_42\human_annotations_majority.csv,data\synthetic\seed_42\sample_manifest_merged.json,False
A3_feedback_propagasi,entity,0.6548450509346986,0.9259259259259259,0.5185185185185185,0.7222222222222222,0.5601100907388512,0.20920502092050208,0.9039767555835608,0.31715107591653213,0.2747742927598087,583.0,54.0,0.09262435677530018,57,163,0.9047788850636924,239,100,73,43,42,data\synthetic\seed_42\human_annotations_majority.csv,data\synthetic\seed_42\sample_manifest_merged.json,False
A3_feedback_propagasi,all,0.6073338205547109,0.9259259259259259,0.5,0.6851851851851852,0.5360392720306513,0.17006802721088435,0.8979352916134525,0.3533239269608741,0.2880009057307553,750.0,54.0,0.072,57,163,0.9047788850636924,239,100,73,43,42,data\synthetic\seed_42\human_annotations_majority.csv,data\synthetic\seed_42\sample_manifest_merged.json,False
A3_feedback_propagasi,entity,0.6503664140956364,0.9259259259259259,0.5185185185185185,0.7037037037037037,0.5717479480054932,0.21739130434782608,0.9108030525799902,0.3018050805225655,0.24617408993776335,583.0,54.0,0.09262435677530018,58,136,0.9047826485867294,239,100,73,43,42,data\synthetic\seed_42\human_annotations_majority.csv,data\synthetic\seed_42\sample_manifest_merged.json,False
A3_feedback_propagasi,all,0.5834499093194959,0.9259259259259259,0.48148148148148145,0.6296296296296297,0.5551693998168651,0.18248175182481752,0.9052522349936143,0.32827966314748275,0.2517525195827678,750.0,54.0,0.072,58,136,0.9047826485867294,239,100,73,43,42,data\synthetic\seed_42\human_annotations_majority.csv,data\synthetic\seed_42\sample_manifest_merged.json,False
A3_feedback_propagasi,entity,0.6451331359543636,0.9444444444444444,0.5185185185185185,0.7407407407407407,0.5317754345967511,0.19245283018867926,0.9051494784008962,0.34728067951354663,0.2928538498150217,583.0,54.0,0.09262435677530018,59,87,0.8961751517881186,239,100,73,43,42,data\synthetic\seed_42\human_annotations_majority.csv,data\synthetic\seed_42\sample_manifest_merged.json,False
A3_feedback_propagasi,all,0.6174929103762928,0.9444444444444444,0.5185185185185185,0.6481481481481481,0.5101033834586466,0.15644171779141106,0.9022589399744572,0.3879383822208479,0.30672588200318274,750.0,54.0,0.072,59,87,0.8961751517881186,239,100,73,43,42,data\synthetic\seed_42\human_annotations_majority.csv,data\synthetic\seed_42\sample_manifest_merged.json,False
A3_feedback_propagasi,entity,0.6000020672456331,0.9259259259259259,0.5,0.6666666666666666,0.5249940091061587,0.18726591760299627,0.8862633900441084,0.35412337162017526,0.3011852082667999,583.0,54.0,0.09262435677530018,60,105,0.8968726239114562,239,100,73,43,42,data\synthetic\seed_42\human_annotations_majority.csv,data\synthetic\seed_42\sample_manifest_merged.json,False
A3_feedback_propagasi,all,0.5651986783882313,0.9259259259259259,0.48148148148148145,0.6296296296296297,0.49757449757449757,0.1488095238095238,0.8823435504469987,0.3978965935574099,0.31446027669466625,750.0,54.0,0.072,60,105,0.8968726239114562,239,100,73,43,42,data\synthetic\seed_42\human_annotations_majority.csv,data\synthetic\seed_42\sample_manifest_merged.json,False
A3_feedback_propagasi,entity,0.6887339833342243,0.9629629629629629,0.5925925925925926,0.7407407407407407,0.5436253928064452,0.20077220077220076,0.9086326402016383,0.3319797113083179,0.27499403199801153,583.0,54.0,0.09262435677530018,61,131,0.9087706184189591,239,100,73,43,42,data\synthetic\seed_42\human_annotations_majority.csv,data\synthetic\seed_42\sample_manifest_merged.json,False
A3_feedback_propagasi,all,0.6382737250155911,0.9629629629629629,0.5555555555555556,0.6666666666666666,0.5246965739744969,0.16560509554140126,0.905970625798212,0.3810855005457275,0.2952714650940286,750.0,54.0,0.072,61,131,0.9087706184189591,239,100,73,43,42,data\synthetic\seed_42\human_annotations_majority.csv,data\synthetic\seed_42\sample_manifest_merged.json,False
A2_feedback_langsung,entity,0.7284726207135411,0.9629629629629629,0.6111111111111112,0.8148148148148148,0.5512204555710185,0.20553359683794467,0.9247707064342225,0.3313550238441895,0.27993712032160945,583.0,54.0,0.09262435677530018,42,184,0.9139683426363271,107,150,107,63,42,data\synthetic\seed_42\human_annotations_majority.csv,data\synthetic\seed_42\sample_manifest_merged.json,False
A2_feedback_langsung,all,0.6661006809549568,0.9629629629629629,0.5370370370370371,0.7037037037037037,0.528420523138833,0.16774193548387098,0.9180768412090251,0.3640439713716702,0.29044824266901126,750.0,54.0,0.072,42,184,0.9139683426363271,107,150,107,63,42,data\synthetic\seed_42\human_annotations_majority.csv,data\synthetic\seed_42\sample_manifest_merged.json,False
A2_feedback_langsung,entity,0.6828749757617907,0.8703703703703703,0.5555555555555556,0.7407407407407407,0.5798119425245696,0.22065727699530516,0.9039067422810334,0.2734872032366218,0.23086386664192307,583.0,54.0,0.09262435677530018,43,108,0.9151146743192271,107,150,107,63,42,data\synthetic\seed_42\human_annotations_majority.csv,data\synthetic\seed_42\sample_manifest_merged.json,False
A2_feedback_langsung,all,0.6492438578951026,0.8703703703703703,0.5185185185185185,0.7037037037037037,0.557910376253933,0.18146718146718147,0.8937313750532141,0.3066806303744792,0.23584786036160524,750.0,54.0,0.072,43,108,0.9151146743192271,107,150,107,63,42,data\synthetic\seed_42\human_annotations_majority.csv,data\synthetic\seed_42\sample_manifest_merged.json,False
A2_feedback_langsung,entity,0.65017048581413,0.8888888888888888,0.5370370370370371,0.7037037037037037,0.5434647595020696,0.19591836734693877,0.9002835538752363,0.3314632632273989,0.290683457754583,583.0,54.0,0.09262435677530018,44,162,0.919436076728124,107,150,107,63,42,data\synthetic\seed_42\human_annotations_majority.csv,data\synthetic\seed_42\sample_manifest_merged.json,False
A2_feedback_langsung,all,0.5956185515353942,0.8888888888888888,0.48148148148148145,0.6296296296296297,0.529482042835255,0.16382252559726962,0.8956071732652192,0.350396636751384,0.28969057531168463,750.0,54.0,0.072,44,162,0.919436076728124,107,150,107,63,42,data\synthetic\seed_42\human_annotations_majority.csv,data\synthetic\seed_42\sample_manifest_merged.json,False
A2_feedback_langsung,entity,0.620094870456206,0.8888888888888888,0.5185185185185185,0.6481481481481481,0.5767200324871098,0.2191780821917808,0.8941398865784499,0.27850091451590797,0.22291509575973337,583.0,54.0,0.09262435677530018,45,63,0.9109038348737163,107,150,107,63,42,data\synthetic\seed_42\human_annotations_majority.csv,data\synthetic\seed_42\sample_manifest_merged.json,False
A2_feedback_langsung,all,0.5613308044176656,0.8888888888888888,0.48148148148148145,0.5925925925925926,0.5512093726379441,0.17777777777777778,0.8778735632183908,0.3185680926390511,0.2393421684313029,750.0,54.0,0.072,45,63,0.9109038348737163,107,150,107,63,42,data\synthetic\seed_42\human_annotations_majority.csv,data\synthetic\seed_42\sample_manifest_merged.json,False
A2_feedback_langsung,entity,0.6397977707310086,0.9074074074074074,0.5185185185185185,0.6851851851851852,0.5645104895104895,0.21120689655172414,0.8984457046838898,0.3123181042934654,0.2515400796939946,583.0,54.0,0.09262435677530018,46,89,0.9114631798499903,107,150,107,63,42,data\synthetic\seed_42\human_annotations_majority.csv,data\synthetic\seed_42\sample_manifest_merged.json,False
A2_feedback_langsung,all,0.5373107487361545,0.9074074074074074,0.5,0.5925925925925926,0.5407529365133811,0.17192982456140352,0.8885696040868455,0.3514675476114499,0.2690154483560683,750.0,54.0,0.072,46,89,0.9114631798499903,107,150,107,63,42,data\synthetic\seed_42\human_annotations_majority.csv,data\synthetic\seed_42\sample_manifest_merged.json,False
A2_feedback_langsung,entity,0.6267231336853205,0.9074074074074074,0.5370370370370371,0.6296296296296297,0.5292903920337311,0.18846153846153846,0.8896940418679549,0.3497846852413229,0.29084035461812574,583.0,54.0,0.09262435677530018,47,98,0.910735986664049,107,150,107,63,42,data\synthetic\seed_42\human_annotations_majority.csv,data\synthetic\seed_42\sample_manifest_merged.json,False
A2_feedback_langsung,all,0.5766404150178006,0.9074074074074074,0.5,0.6111111111111112,0.44039196869999725,0.12342569269521411,0.875026607066837,0.4147263127342109,0.3270745760214469,750.0,54.0,0.072,47,98,0.910735986664049,107,150,107,63,42,data\synthetic\seed_42\human_annotations_majority.csv,data\synthetic\seed_42\sample_manifest_merged.json,False
A2_feedback_langsung,entity,0.649540745447664,0.9259259259259259,0.5555555555555556,0.6851851851851852,0.5361346303969254,0.1937984496124031,0.8983406847300988,0.3384890462096065,0.28753057525969183,583.0,54.0,0.09262435677530018,48,107,0.9135551448264009,107,150,107,63,42,data\synthetic\seed_42\human_annotations_majority.csv,data\synthetic\seed_42\sample_manifest_merged.json,False
A2_feedback_langsung,all,0.6205741989615515,0.9259259259259259,0.5555555555555556,0.6296296296296297,0.5193280712406395,0.16025641025641027,0.8933322690506599,0.3701177800256694,0.29496126233489245,750.0,54.0,0.072,48,107,0.9135551448264009,107,150,107,63,42,data\synthetic\seed_42\human_annotations_majority.csv,data\synthetic\seed_42\sample_manifest_merged.json,False
A2_feedback_langsung,entity,0.650227575483862,0.9074074074074074,0.5555555555555556,0.6851851851851852,0.5479626436449063,0.2,0.8937898200658124,0.3238391173080338,0.2743632503884124,583.0,54.0,0.09262435677530018,49,98,0.9199665626205579,107,150,107,63,42,data\synthetic\seed_42\human_annotations_majority.csv,data\synthetic\seed_42\sample_manifest_merged.json,False
A2_feedback_langsung,all,0.5928244851404846,0.9074074074074074,0.48148148148148145,0.6111111111111112,0.5313655249328477,0.16610169491525423,0.8900862068965517,0.34732252431910726,0.27942991009592133,750.0,54.0,0.072,49,98,0.9199665626205579,107,150,107,63,42,data\synthetic\seed_42\human_annotations_majority.csv,data\synthetic\seed_42\sample_manifest_merged.json,False
A2_feedback_langsung,entity,0.6046506493563009,0.9074074074074074,0.5,0.6296296296296297,0.5292903920337311,0.18846153846153846,0.8909542813134496,0.3583919131665074,0.3066102009836699,583.0,54.0,0.09262435677530018,50,108,0.9046584585062865,107,150,107,63,42,data\synthetic\seed_42\human_annotations_majority.csv,data\synthetic\seed_42\sample_manifest_merged.json,False
A2_feedback_langsung,all,0.5420849254110034,0.9074074074074074,0.46296296296296297,0.6111111111111112,0.5120784501315475,0.1550632911392405,0.8801617709663687,0.40390140729993435,0.3234647871273959,750.0,54.0,0.072,50,108,0.9046584585062865,107,150,107,63,42,data\synthetic\seed_42\human_annotations_majority.csv,data\synthetic\seed_42\sample_manifest_merged.json,False
A2_feedback_langsung,entity,0.6365669101918546,0.8518518518518519,0.5370370370370371,0.6296296296296297,0.5607378961695508,0.20535714285714285,0.8830077714765805,0.29074683612495544,0.24400922751630072,583.0,54.0,0.09262435677530018,51,96,0.9093775214985191,107,150,107,63,42,data\synthetic\seed_42\human_annotations_majority.csv,data\synthetic\seed_42\sample_manifest_merged.json,False
A2_feedback_langsung,all,0.5955151540932864,0.8518518518518519,0.5185185185185185,0.5740740740740741,0.5386220698283493,0.16727272727272727,0.8680289484887187,0.3257978903370495,0.25365961011770555,750.0,54.0,0.072,51,96,0.9093775214985191,107,150,107,63,42,data\synthetic\seed_42\human_annotations_majority.csv,data\synthetic\seed_42\sample_manifest_merged.json,False
A2_feedback_langsung,entity,0.6083603228819467,0.8703703703703703,0.5185185185185185,0.6851851851851852,0.5254446789267411,0.18359375,0.8720506896310299,0.3335636265422815,0.2883164078660969,583.0,54.0,0.09262435677530018,52,97,0.9056550914582204,107,150,107,63,42,data\synthetic\seed_42\human_annotations_majority.csv,data\synthetic\seed_42\sample_manifest_merged.json,False
A2_feedback_langsung,all,0.5378662117323034,0.8703703703703703,0.48148148148148145,0.5925925925925926,0.5049031332217173,0.14873417721518986,0.857811834823329,0.3770107378075742,0.3062592392197565,750.0,54.0,0.072,52,97,0.9056550914582204,107,150,107,63,42,data\synthetic\seed_42\human_annotations_majority.csv,data\synthetic\seed_42\sample_manifest_merged.json,False
A2_feedback_langsung,entity,0.6067077553041825,0.9074074074074074,0.5370370370370371,0.6296296296296297,0.563223174893865,0.21030042918454936,0.896555345515648,0.31836532029041176,0.24597945558613699,583.0,54.0,0.09262435677530018,53,69,0.9017343846960026,107,150,107,63,42,data\synthetic\seed_42\human_annotations_majority.csv,data\synthetic\seed_42\sample_manifest_merged.json,False
A2_feedback_langsung,all,0.47964336803495106,0.9074074074074074,0.4444444444444444,0.5925925925925926,0.5148036006743448,0.15654952076677317,0.87220625798212,0.3862363594039828,0.2879633745525572,750.0,54.0,0.072,53,69,0.9017343846960026,107,150,107,63,42,data\synthetic\seed_42\human_annotations_majority.csv,data\synthetic\seed_42\sample_manifest_merged.json,False
A2_feedback_langsung,entity,0.6272817288315579,0.9444444444444444,0.5740740740740741,0.6851851851851852,0.5518626022509551,0.20481927710843373,0.8995659175243296,0.3328725003620956,0.2746531295503873,583.0,54.0,0.09262435677530018,54,96,0.9120995616344068,107,150,107,63,42,data\synthetic\seed_42\human_annotations_majority.csv,data\synthetic\seed_42\sample_manifest_merged.json,False
A2_feedback_langsung,all,0.574519681229129,0.9444444444444444,0.5370370370370371,0.6111111111111112,0.5294407730110176,0.16721311475409836,0.8918954874414645,0.3853536008026106,0.2979574673992835,750.0,54.0,0.072,54,96,0.9120995616344068,107,150,107,63,42,data\synthetic\seed_42\human_annotations_majority.csv,data\synthetic\seed_42\sample_manifest_merged.json,False
A2_feedback_langsung,entity,0.6432513506378211,0.9074074074074074,0.5555555555555556,0.6481481481481481,0.5542813455657493,0.20416666666666666,0.9009661835748792,0.32132897350193457,0.26012613550402963,583.0,54.0,0.09262435677530018,55,85,0.9078160102297033,107,150,107,63,42,data\synthetic\seed_42\human_annotations_majority.csv,data\synthetic\seed_42\sample_manifest_merged.json,False
A2_feedback_langsung,all,0.5977154144949696,0.9074074074074074,0.5185185185185185,0.6481481481481481,0.5351025785808394,0.16838487972508592,0.8965783312047679,0.3502908812603661,0.2673492873286358,750.0,54.0,0.072,55,85,0.9078160102297033,107,150,107,63,42,data\synthetic\seed_42\human_annotations_majority.csv,data\synthetic\seed_42\sample_manifest_merged.json,False
A2_feedback_langsung,entity,0.5882115444119543,0.8518518518518519,0.5,0.5925925925925926,0.5456069910250354,0.19491525423728814,0.8759714345725688,0.30919339429789816,0.2561506699938232,583.0,54.0,0.09262435677530018,56,76,0.9113128107936552,107,150,107,63,42,data\synthetic\seed_42\human_annotations_majority.csv,data\synthetic\seed_42\sample_manifest_merged.json,False
A2_feedback_langsung,all,0.5437002184918319,0.8518518518518519,0.4444444444444444,0.5740740740740741,0.5293193996630918,0.16140350877192983,0.8599404001702852,0.353866863419052,0.270442000400176,750.0,54.0,0.072,56,76,0.9113128107936552,107,150,107,63,42,data\synthetic\seed_42\human_annotations_majority.csv,data\synthetic\seed_42\sample_manifest_merged.json,False
A2_feedback_langsung,entity,0.6249800503911791,0.8703703703703703,0.5185185185185185,0.6666666666666666,0.578491174417445,0.21962616822429906,0.8978505916124063,0.27576053476182716,0.22470594416984707,583.0,54.0,0.09262435677530018,57,86,0.9074221292215184,107,150,107,63,42,data\synthetic\seed_42\human_annotations_majority.csv,data\synthetic\seed_42\sample_manifest_merged.json,False
A2_feedback_langsung,all,0.5791107924432489,0.8703703703703703,0.5,0.5740740740740741,0.5472726127488032,0.17407407407407408,0.8812260536398469,0.3307630729185136,0.250263891597942,750.0,54.0,0.072,57,86,0.9074221292215184,107,150,107,63,42,data\synthetic\seed_42\human_annotations_majority.csv,data\synthetic\seed_42\sample_manifest_merged.json,False
A2_feedback_langsung,entity,0.6673900698060029,0.9444444444444444,0.5740740740740741,0.6481481481481481,0.5342637283424924,0.19391634980988592,0.903696702373451,0.35480628576378037,0.30306368613876883,583.0,54.0,0.09262435677530018,58,151,0.9149897612206801,107,150,107,63,42,data\synthetic\seed_42\human_annotations_majority.csv,data\synthetic\seed_42\sample_manifest_merged.json,False
A2_feedback_langsung,all,0.633517292884726,0.9444444444444444,0.5555555555555556,0.6296296296296297,0.5266484770218178,0.16558441558441558,0.9080991911451681,0.36278150373458207,0.2919217933921831,750.0,54.0,0.072,58,151,0.9149897612206801,107,150,107,63,42,data\synthetic\seed_42\human_annotations_majority.csv,data\synthetic\seed_42\sample_manifest_merged.json,False
A2_feedback_langsung,entity,0.6336775752245166,0.8703703703703703,0.5185185185185185,0.6296296296296297,0.5315664210506273,0.18725099601593626,0.8875936427921305,0.3401769257562399,0.29120852097774885,583.0,54.0,0.09262435677530018,59,96,0.910867227077057,107,150,107,63,42,data\synthetic\seed_42\human_annotations_majority.csv,data\synthetic\seed_42\sample_manifest_merged.json,False
A2_feedback_langsung,all,0.6039569447101328,0.8703703703703703,0.48148148148148145,0.5925925925925926,0.5102828509518651,0.15161290322580645,0.8812260536398467,0.3776843184653408,0.30276511222649705,750.0,54.0,0.072,59,96,0.910867227077057,107,150,107,63,42,data\synthetic\seed_42\human_annotations_majority.csv,data\synthetic\seed_42\sample_manifest_merged.json,False
A2_feedback_langsung,entity,0.6543670635976705,0.9629629629629629,0.5370370370370371,0.7037037037037037,0.5512204555710185,0.20553359683794467,0.9044668487012533,0.34273944182649557,0.29271521887447444,583.0,54.0,0.09262435677530018,60,141,0.9125029274670314,107,150,107,63,42,data\synthetic\seed_42\human_annotations_majority.csv,data\synthetic\seed_42\sample_manifest_merged.json,False
A2_feedback_langsung,all,0.5617774234805483,0.9629629629629629,0.48148148148148145,0.6296296296296297,0.5349845975135461,0.1716171617161716,0.8977224350787568,0.3798465403838879,0.30477829900232367,750.0,54.0,0.072,60,141,0.9125029274670314,107,150,107,63,42,data\synthetic\seed_42\human_annotations_majority.csv,data\synthetic\seed_42\sample_manifest_merged.json,False
A2_feedback_langsung,entity,0.6396211153291802,0.8888888888888888,0.5555555555555556,0.6851851851851852,0.5286098418608149,0.1867704280155642,0.8910943079185045,0.34246662360910674,0.2780372349920148,583.0,54.0,0.09262435677530018,61,82,0.9129022880033447,107,150,107,63,42,data\synthetic\seed_42\human_annotations_majority.csv,data\synthetic\seed_42\sample_manifest_merged.json,False
A2_feedback_langsung,all,0.6015844992334725,0.8888888888888888,0.5185185185185185,0.6111111111111112,0.46428571428571425,0.13114754098360656,0.878299276287782,0.4019925945367844,0.3076268985001703,750.0,54.0,0.072,61,82,0.9129022880033447,107,150,107,63,42,data\synthetic\seed_42\human_annotations_majority.csv,data\synthetic\seed_42\sample_manifest_merged.json,False
A3_feedback_propagasi,entity,0.7189572292752489,0.9444444444444444,0.5925925925925926,0.7777777777777778,0.5620891630504583,0.21161825726141079,0.9262409857872995,0.3153149564879456,0.24759548733009895,583.0,54.0,0.09262435677530018,42,117,0.8977975500985218,354,150,107,63,42,data\synthetic\seed_42\human_annotations_majority.csv,data\synthetic\seed_42\sample_manifest_merged.json,False
A3_feedback_propagasi,all,0.6506361566179714,0.9444444444444444,0.5555555555555556,0.7407407407407407,0.5275780134685867,0.16612377850162866,0.9142720306513409,0.37136669315344717,0.27616116820461467,750.0,54.0,0.072,42,117,0.8977975500985218,354,150,107,63,42,data\synthetic\seed_42\human_annotations_majority.csv,data\synthetic\seed_42\sample_manifest_merged.json,False
A3_feedback_propagasi,entity,0.6518482627383176,0.9444444444444444,0.5925925925925926,0.6851851851851852,0.5255784287850797,0.18888888888888888,0.9023314429741651,0.3734647410189389,0.2946700271329778,583.0,54.0,0.09262435677530018,43,61,0.9036157343669278,354,150,107,63,42,data\synthetic\seed_42\human_annotations_majority.csv,data\synthetic\seed_42\sample_manifest_merged.json,False
A3_feedback_propagasi,all,0.6245442260314831,0.9444444444444444,0.5555555555555556,0.6296296296296297,0.5101033834586466,0.15644171779141106,0.9033897403150276,0.4051992097013378,0.3030691430836204,750.0,54.0,0.072,43,61,0.9036157343669278,354,150,107,63,42,data\synthetic\seed_42\human_annotations_majority.csv,data\synthetic\seed_42\sample_manifest_merged.json,False
A3_feedback_propagasi,entity,0.6057158458532861,0.9259259259259259,0.5555555555555556,0.6481481481481481,0.5601100907388512,0.20920502092050208,0.894524959742351,0.3302316566955729,0.2579090600805682,583.0,54.0,0.09262435677530018,44,64,0.8998971505374078,354,150,107,63,42,data\synthetic\seed_42\human_annotations_majority.csv,data\synthetic\seed_42\sample_manifest_merged.json,False
A3_feedback_propagasi,all,0.5322572200142132,0.9259259259259259,0.4444444444444444,0.6296296296296297,0.5417083295457988,0.1736111111111111,0.886041932737335,0.369183666882241,0.2726209733635541,750.0,54.0,0.072,44,64,0.8998971505374078,354,150,107,63,42,data\synthetic\seed_42\human_annotations_majority.csv,data\synthetic\seed_42\sample_manifest_merged.json,False
A3_feedback_propagasi,entity,0.6695342553335236,0.8888888888888888,0.5740740740740741,0.7592592592592593,0.5560557578722682,0.20425531914893616,0.9076874606175173,0.30350511422270277,0.23347533057205477,583.0,54.0,0.09262435677530018,45,67,0.9042209051410072,354,150,107,63,42,data\synthetic\seed_42\human_annotations_majority.csv,data\synthetic\seed_42\sample_manifest_merged.json,False
A3_feedback_propagasi,all,0.6251412299463096,0.8888888888888888,0.5185185185185185,0.6481481481481481,0.5378810253694406,0.16901408450704225,0.8990527884206045,0.3415295515027246,0.24729776461349812,750.0,54.0,0.072,45,67,0.9042209051410072,354,150,107,63,42,data\synthetic\seed_42\human_annotations_majority.csv,data\synthetic\seed_42\sample_manifest_merged.json,False
A3_feedback_propagasi,entity,0.6177074402074861,0.9259259259259259,0.5370370370370371,0.6666666666666666,0.5373798913145673,0.19455252918287938,0.892914653784219,0.34679141506867894,0.27581827198164055,583.0,54.0,0.09262435677530018,46,72,0.9004936943603327,354,150,107,63,42,data\synthetic\seed_42\human_annotations_majority.csv,data\synthetic\seed_42\sample_manifest_merged.json,False
A3_feedback_propagasi,all,0.5197140290723339,0.9259259259259259,0.46296296296296297,0.5925925925925926,0.5184110088477698,0.1597444089456869,0.8768358876117497,0.3844346410364572,0.2910717098006878,750.0,54.0,0.072,46,72,0.9004936943603327,354,150,107,63,42,data\synthetic\seed_42\human_annotations_majority.csv,data\synthetic\seed_42\sample_manifest_merged.json,False
A3_feedback_propagasi,entity,0.6453125396177651,0.9444444444444444,0.5370370370370371,0.6851851851851852,0.5305333924349882,0.19172932330827067,0.8985507246376812,0.36344088536642094,0.3004884998844241,583.0,54.0,0.09262435677530018,47,134,0.9121919884230211,354,150,107,63,42,data\synthetic\seed_42\human_annotations_majority.csv,data\synthetic\seed_42\sample_manifest_merged.json,False
A3_feedback_propagasi,all,0.5695329439168157,0.9444444444444444,0.5,0.6111111111111112,0.5110142423721753,0.15692307692307692,0.8880640698169434,0.4079560096212075,0.3214756433604727,750.0,54.0,0.072,47,134,0.9121919884230211,354,150,107,63,42,data\synthetic\seed_42\human_annotations_majority.csv,data\synthetic\seed_42\sample_manifest_merged.json,False
A3_feedback_propagasi,entity,0.6436827194309052,0.9259259259259259,0.5740740740740741,0.7222222222222222,0.538626771178776,0.1953125,0.9034166491633411,0.33597371055090597,0.2777672165509528,583.0,54.0,0.09262435677530018,48,107,0.9052920514084704,354,150,107,63,42,data\synthetic\seed_42\human_annotations_majority.csv,data\synthetic\seed_42\sample_manifest_merged.json,False
A3_feedback_propagasi,all,0.6135810656452331,0.9259259259259259,0.5370370370370371,0.6851851851851852,0.5248538011695907,0.16339869281045752,0.9021924223073648,0.36529496987719845,0.2832363821987558,750.0,54.0,0.072,48,107,0.9052920514084704,354,150,107,63,42,data\synthetic\seed_42\human_annotations_majority.csv,data\synthetic\seed_42\sample_manifest_merged.json,False
A3_feedback_propagasi,entity,0.6776137074187315,0.9074074074074074,0.5370370370370371,0.7592592592592593,0.5709873936908136,0.21585903083700442,0.9099278862983967,0.29990108452107184,0.248190615913998,583.0,54.0,0.09262435677530018,49,103,0.9128567130632375,354,150,107,63,42,data\synthetic\seed_42\human_annotations_majority.csv,data\synthetic\seed_42\sample_manifest_merged.json,False
A3_feedback_propagasi,all,0.6222427763453616,0.9074074074074074,0.5185185185185185,0.6851851851851852,0.551267377008241,0.17883211678832117,0.9017667092379736,0.3203349770235709,0.2522299176872686,750.0,54.0,0.072,49,103,0.9128567130632375,354,150,107,63,42,data\synthetic\seed_42\human_annotations_majority.csv,data\synthetic\seed_42\sample_manifest_merged.json,False
A3_feedback_propagasi,entity,0.6255393721171123,0.9259259259259259,0.5740740740740741,0.6666666666666666,0.5225330439349367,0.18587360594795538,0.8953651193726808,0.36746326933921075,0.30881185992118937,583.0,54.0,0.09262435677530018,50,108,0.9083228020163558,354,150,107,63,42,data\synthetic\seed_42\human_annotations_majority.csv,data\synthetic\seed_42\sample_manifest_merged.json,False
A3_feedback_propagasi,all,0.5335491411543696,0.9259259259259259,0.46296296296296297,0.6296296296296297,0.5074836592846097,0.15384615384615385,0.8821573009791401,0.40343452432966054,0.3202585893970952,750.0,54.0,0.072,50,108,0.9083228020163558,354,150,107,63,42,data\synthetic\seed_42\human_annotations_majority.csv,data\synthetic\seed_42\sample_manifest_merged.json,False
A3_feedback_propagasi,entity,0.6639372577385434,0.9259259259259259,0.5740740740740741,0.7037037037037037,0.5274600008142328,0.18867924528301888,0.9093327732269131,0.3681608950052608,0.29371635059423595,583.0,54.0,0.09262435677530018,51,64,0.9045569635350991,354,150,107,63,42,data\synthetic\seed_42\human_annotations_majority.csv,data\synthetic\seed_42\sample_manifest_merged.json,False
A3_feedback_propagasi,all,0.6087164815546576,0.9259259259259259,0.5740740740740741,0.6111111111111112,0.5129302449502939,0.15673981191222572,0.9064229459344402,0.4000480433792739,0.30352007640095485,750.0,54.0,0.072,51,64,0.9045569635350991,354,150,107,63,42,data\synthetic\seed_42\human_annotations_majority.csv,data\synthetic\seed_42\sample_manifest_merged.json,False
A3_feedback_propagasi,entity,0.6350816869426925,0.9074074074074074,0.5555555555555556,0.7222222222222222,0.5645104895104895,0.21120689655172414,0.8997759574319121,0.30695524137213037,0.2417207486630335,583.0,54.0,0.09262435677530018,52,76,0.901704871350611,354,150,107,63,42,data\synthetic\seed_42\human_annotations_majority.csv,data\synthetic\seed_42\sample_manifest_merged.json,False
A3_feedback_propagasi,all,0.5867971185867578,0.9074074074074074,0.5185185185185185,0.6111111111111112,0.5407529365133811,0.17192982456140352,0.8901660280970626,0.34019831103271403,0.2538370447349177,750.0,54.0,0.072,52,76,0.901704871350611,354,150,107,63,42,data\synthetic\seed_42\human_annotations_majority.csv,data\synthetic\seed_42\sample_manifest_merged.json,False
A3_feedback_propagasi,entity,0.6705727526109323,0.9074074074074074,0.5740740740740741,0.7037037037037037,0.5479626436449063,0.2,0.9068122943359238,0.3350927484159518,0.2701052993800859,583.0,54.0,0.09262435677530018,53,119,0.9035654903784524,354,150,107,63,42,data\synthetic\seed_42\human_annotations_majority.csv,data\synthetic\seed_42\sample_manifest_merged.json,False
A3_feedback_propagasi,all,0.5202840611354749,0.9074074074074074,0.5,0.6296296296296297,0.5239565642529977,0.1617161716171617,0.8884631758194976,0.38420507194449993,0.29598061093224926,750.0,54.0,0.072,53,119,0.9035654903784524,354,150,107,63,42,data\synthetic\seed_42\human_annotations_majority.csv,data\synthetic\seed_42\sample_manifest_merged.json,False
A3_feedback_propagasi,entity,0.6772902184365048,0.9259259259259259,0.5740740740740741,0.7222222222222222,0.5411255411255411,0.1968503937007874,0.9122733319330673,0.3376552251104393,0.28256005163232495,583.0,54.0,0.09262435677530018,54,141,0.9063095532776004,354,150,107,63,42,data\synthetic\seed_42\human_annotations_majority.csv,data\synthetic\seed_42\sample_manifest_merged.json,False
A3_feedback_propagasi,all,0.5634386897222212,0.9259259259259259,0.5,0.6296296296296297,0.5257788335013757,0.16393442622950818,0.899930821626224,0.3695449336990014,0.2936030653983184,750.0,54.0,0.072,54,141,0.9063095532776004,354,150,107,63,42,data\synthetic\seed_42\human_annotations_majority.csv,data\synthetic\seed_42\sample_manifest_merged.json,False
A3_feedback_propagasi,entity,0.6333059847635195,0.9074074074074074,0.5185185185185185,0.7037037037037037,0.5542813455657493,0.20416666666666666,0.8969404186795491,0.328545276518162,0.26412632637066125,583.0,54.0,0.09262435677530018,55,87,0.9064354213647204,354,150,107,63,42,data\synthetic\seed_42\human_annotations_majority.csv,data\synthetic\seed_42\sample_manifest_merged.json,False
A3_feedback_propagasi,all,0.5866593139789655,0.9074074074074074,0.5185185185185185,0.6481481481481481,0.5398073022312373,0.17132867132867133,0.8935983397190294,0.3499926083994893,0.2655406259105111,750.0,54.0,0.072,55,87,0.9064354213647204,354,150,107,63,42,data\synthetic\seed_42\human_annotations_majority.csv,data\synthetic\seed_42\sample_manifest_merged.json,False
A3_feedback_propagasi,entity,0.6066930586430644,0.9074074074074074,0.5370370370370371,0.6481481481481481,0.5555516460832952,0.20502092050209206,0.8900091017293286,0.3271451534540233,0.25884103805969805,583.0,54.0,0.09262435677530018,56,67,0.9051876713532727,354,150,107,63,42,data\synthetic\seed_42\human_annotations_majority.csv,data\synthetic\seed_42\sample_manifest_merged.json,False
A3_feedback_propagasi,all,0.5591056961175032,0.9074074074074074,0.46296296296296297,0.6296296296296297,0.5369798740585258,0.1695501730103806,0.8812526607066838,0.36558265325326167,0.2714862388963322,750.0,54.0,0.072,56,67,0.9051876713532727,354,150,107,63,42,data\synthetic\seed_42\human_annotations_majority.csv,data\synthetic\seed_42\sample_manifest_merged.json,False
A3_feedback_propagasi,entity,0.6532524079779661,0.9259259259259259,0.5555555555555556,0.7407407407407407,0.5398753082363781,0.19607843137254902,0.9087901701323251,0.34855751054174977,0.29751965842749345,583.0,54.0,0.09262435677530018,57,139,0.9049382504812702,354,150,107,63,42,data\synthetic\seed_42\human_annotations_majority.csv,data\synthetic\seed_42\sample_manifest_merged.json,False
A3_feedback_propagasi,all,0.5652540886434243,0.9259259259259259,0.5,0.6481481481481481,0.5230073114604472,0.16233766233766234,0.9024052788420605,0.3726364762577571,0.30267973438467266,750.0,54.0,0.072,57,139,0.9049382504812702,354,150,107,63,42,data\synthetic\seed_42\human_annotations_majority.csv,data\synthetic\seed_42\sample_manifest_merged.json,False
A3_feedback_propagasi,entity,0.6908331439413258,0.9444444444444444,0.5925925925925926,0.7592592592592593,0.5750881175697473,0.22077922077922077,0.9279213050479591,0.3092769656386034,0.23472878069223047,583.0,54.0,0.09262435677530018,58,100,0.9111358327390324,354,150,107,63,42,data\synthetic\seed_42\human_annotations_majority.csv,data\synthetic\seed_42\sample_manifest_merged.json,False
A3_feedback_propagasi,all,0.6353997693166269,0.9444444444444444,0.5185185185185185,0.6481481481481481,0.5571095571095571,0.18478260869565216,0.9248084291187739,0.3452493808208479,0.24606493726075818,750.0,54.0,0.072,58,100,0.9111358327390324,354,150,107,63,42,data\synthetic\seed_42\human_annotations_majority.csv,data\synthetic\seed_42\sample_manifest_merged.json,False
A3_feedback_propagasi,entity,0.6199204908215624,0.9074074074074074,0.5185185185185185,0.6296296296296297,0.5580991654393717,0.20675105485232068,0.8881187425610866,0.31926077985271173,0.2636831703895349,583.0,54.0,0.09262435677530018,59,95,0.8996211092148746,354,150,107,63,42,data\synthetic\seed_42\human_annotations_majority.csv,data\synthetic\seed_42\sample_manifest_merged.json,False
A3_feedback_propagasi,all,0.5846343908071486,0.9074074074074074,0.5,0.5925925925925926,0.5351025785808394,0.16838487972508592,0.8828490847169008,0.3576963367473157,0.2758144825001995,750.0,54.0,0.072,59,95,0.8996211092148746,354,150,107,63,42,data\synthetic\seed_42\human_annotations_majority.csv,data\synthetic\seed_42\sample_manifest_merged.json,False
A3_feedback_propagasi,entity,0.6542226769534193,0.9259259259259259,0.5555555555555556,0.7407407407407407,0.5613930597786904,0.21008403361344538,0.9128334383532871,0.312061730109034,0.24652380203381777,583.0,54.0,0.09262435677530018,60,106,0.9056820545027038,354,150,107,63,42,data\synthetic\seed_42\human_annotations_majority.csv,data\synthetic\seed_42\sample_manifest_merged.json,False
A3_feedback_propagasi,all,0.5870868306194789,0.9259259259259259,0.5370370370370371,0.6481481481481481,0.4957820673395712,0.14792899408284024,0.903176883780332,0.3690528137327832,0.2760685794328843,750.0,54.0,0.072,60,106,0.9056820545027038,354,150,107,63,42,data\synthetic\seed_42\human_annotations_majority.csv,data\synthetic\seed_42\sample_manifest_merged.json,False
A3_feedback_propagasi,entity,0.6830680418435578,0.9814814814814815,0.5740740740740741,0.7777777777777778,0.5479926139279147,0.20463320463320464,0.9235804802912554,0.3432228497918589,0.2729948210935995,583.0,54.0,0.09262435677530018,61,110,0.9050667635161636,354,150,107,63,42,data\synthetic\seed_42\human_annotations_majority.csv,data\synthetic\seed_42\sample_manifest_merged.json,False
A3_feedback_propagasi,all,0.6242475681561414,0.9814814814814815,0.5370370370370371,0.7037037037037037,0.4754373541060141,0.1424731182795699,0.917651128139634,0.40252279452387907,0.30522408799354533,750.0,54.0,0.072,61,110,0.9050667635161636,354,150,107,63,42,data\synthetic\seed_42\human_annotations_majority.csv,data\synthetic\seed_42\sample_manifest_merged.json,False
A2_feedback_langsung,entity,0.6375089390413535,0.8888888888888888,0.5555555555555556,0.6481481481481481,0.49707738399916956,0.1696113074204947,0.8790520198837779,0.3844776984448611,0.33797870191055446,583.0,54.0,0.09262435677530018,42,167,0.9143965342367535,136,200,136,77,42,data\synthetic\seed_42\human_annotations_majority.csv,data\synthetic\seed_42\sample_manifest_merged.json,False
A2_feedback_langsung,all,0.5823388175990859,0.8888888888888888,0.48148148148148145,0.6111111111111112,0.4818181818181818,0.13872832369942195,0.8647562792677735,0.42604884848574875,0.35364731280791983,750.0,54.0,0.072,42,167,0.9143965342367535,136,200,136,77,42,data\synthetic\seed_42\human_annotations_majority.csv,data\synthetic\seed_42\sample_manifest_merged.json,False
A2_feedback_langsung,entity,0.6704598308525136,0.8888888888888888,0.5555555555555556,0.7407407407407407,0.5547866477720045,0.2033898305084746,0.8985507246376812,0.30768428208377585,0.2552081872175836,583.0,54.0,0.09262435677530018,43,84,0.9086765469657985,136,200,136,77,42,data\synthetic\seed_42\human_annotations_majority.csv,data\synthetic\seed_42\sample_manifest_merged.json,False
A2_feedback_langsung,all,0.6382853055200705,0.8888888888888888,0.5185185185185185,0.6851851851851852,0.5350678990635572,0.1672473867595819,0.8866538952745849,0.3443667990093745,0.26522812612774577,750.0,54.0,0.072,43,84,0.9086765469657985,136,200,136,77,42,data\synthetic\seed_42\human_annotations_majority.csv,data\synthetic\seed_42\sample_manifest_merged.json,False
A2_feedback_langsung,entity,0.6462548962370949,0.9074074074074074,0.5555555555555556,0.7037037037037037,0.5517474370922647,0.2024793388429752,0.8963453056080655,0.3264301959602929,0.2680445875454485,583.0,54.0,0.09262435677530018,44,94,0.9099005314533527,136,200,136,77,42,data\synthetic\seed_42\human_annotations_majority.csv,data\synthetic\seed_42\sample_manifest_merged.json,False
A2_feedback_langsung,all,0.6092069327875275,0.9074074074074074,0.5185185185185185,0.5925925925925926,0.5379207950792352,0.1701388888888889,0.887718177948063,0.36427945839505027,0.27865673670124286,750.0,54.0,0.072,44,94,0.9099005314533527,136,200,136,77,42,data\synthetic\seed_42\human_annotations_majority.csv,data\synthetic\seed_42\sample_manifest_merged.json,False
A2_feedback_langsung,entity,0.6160722778243236,0.8888888888888888,0.5185185185185185,0.6296296296296297,0.5522554151907464,0.20168067226890757,0.8868234964643282,0.3184317216036704,0.26216622130503453,583.0,54.0,0.09262435677530018,45,62,0.9068152448600991,136,200,136,77,42,data\synthetic\seed_42\human_annotations_majority.csv,data\synthetic\seed_42\sample_manifest_merged.json,False
A2_feedback_langsung,all,0.5779827657517711,0.8888888888888888,0.5,0.5925925925925926,0.5341332606126716,0.16666666666666666,0.8785919540229885,0.3502214610946054,0.2687039727983707,750.0,54.0,0.072,45,62,0.9068152448600991,136,200,136,77,42,data\synthetic\seed_42\human_annotations_majority.csv,data\synthetic\seed_42\sample_manifest_merged.json,False
A2_feedback_langsung,entity,0.6455955897391557,0.9074074074074074,0.5370370370370371,0.7222222222222222,0.553013290782074,0.2033195020746888,0.9016313099488904,0.3291192357784807,0.2608862583075955,583.0,54.0,0.09262435677530018,46,90,0.9094042935577181,136,200,136,77,42,data\synthetic\seed_42\human_annotations_majority.csv,data\synthetic\seed_42\sample_manifest_merged.json,False
A2_feedback_langsung,all,0.5706885578648486,0.9074074074074074,0.5,0.5925925925925926,0.5341661574217851,0.1678082191780822,0.8907779906343125,0.3647949010056909,0.27485774936316354,750.0,54.0,0.072,46,90,0.9094042935577181,136,200,136,77,42,data\synthetic\seed_42\human_annotations_majority.csv,data\synthetic\seed_42\sample_manifest_merged.json,False
A2_feedback_langsung,entity,0.6475100960354487,0.9074074074074074,0.5370370370370371,0.6666666666666666,0.5133751043363841,0.1794871794871795,0.8961002590492193,0.37271326036882957,0.3188322723382373,583.0,54.0,0.09262435677530018,47,164,0.9105052266675644,136,200,136,77,42,data\synthetic\seed_42\human_annotations_majority.csv,data\synthetic\seed_42\sample_manifest_merged.json,False
A2_feedback_langsung,all,0.6147003022790986,0.9074074074074074,0.5185185185185185,0.6111111111111112,0.49232851985559567,0.14497041420118342,0.8909642401021711,0.41276679927377935,0.3304292875609006,750.0,54.0,0.072,47,164,0.9105052266675644,136,200,136,77,42,data\synthetic\seed_42\human_annotations_majority.csv,data\synthetic\seed_42\sample_manifest_merged.json,False
A2_feedback_langsung,entity,0.6210466488411506,0.8888888888888888,0.5555555555555556,0.6481481481481481,0.5273824536119618,0.18604651162790697,0.8822376251487782,0.33961469861057514,0.28340107349843396,583.0,54.0,0.09262435677530018,48,92,0.9076269647317428,136,200,136,77,42,data\synthetic\seed_42\human_annotations_majority.csv,data\synthetic\seed_42\sample_manifest_merged.json,False
A2_feedback_langsung,all,0.5838776765211673,0.8888888888888888,0.5,0.5925925925925926,0.5075908599313851,0.15141955835962145,0.8709025117071095,0.3815848608475935,0.29943855885117626,750.0,54.0,0.072,48,92,0.9076269647317428,136,200,136,77,42,data\synthetic\seed_42\human_annotations_majority.csv,data\synthetic\seed_42\sample_manifest_merged.json,False
A2_feedback_langsung,entity,0.6477208422849748,0.8888888888888888,0.5370370370370371,0.6851851851851852,0.5560557578722682,0.20425531914893616,0.8975355317510325,0.31017853467753725,0.2476284161414118,583.0,54.0,0.09262435677530018,49,80,0.9154262486146566,136,200,136,77,42,data\synthetic\seed_42\human_annotations_majority.csv,data\synthetic\seed_42\sample_manifest_merged.json,False
A2_feedback_langsung,all,0.599328123047285,0.8888888888888888,0.5,0.6111111111111112,0.5360040567951319,0.16783216783216784,0.8937579821200511,0.3357157607465342,0.25417641525410767,750.0,54.0,0.072,49,80,0.9154262486146566,136,200,136,77,42,data\synthetic\seed_42\human_annotations_majority.csv,data\synthetic\seed_42\sample_manifest_merged.json,False
A2_feedback_langsung,entity,0.6172624617501739,0.8888888888888888,0.5555555555555556,0.6666666666666666,0.5212664370404224,0.18250950570342206,0.8870685430231744,0.3592865323055996,0.30611381744271177,583.0,54.0,0.09262435677530018,50,108,0.9027651588070897,136,200,136,77,42,data\synthetic\seed_42\human_annotations_majority.csv,data\synthetic\seed_42\sample_manifest_merged.json,False
A2_feedback_langsung,all,0.5504321144163686,0.8888888888888888,0.46296296296296297,0.6111111111111112,0.5031044143257364,0.14906832298136646,0.873882503192848,0.41115525163306543,0.3285423915436904,750.0,54.0,0.072,50,108,0.9027651588070897,136,200,136,77,42,data\synthetic\seed_42\human_annotations_majority.csv,data\synthetic\seed_42\sample_manifest_merged.json,False
A2_feedback_langsung,entity,0.6204352238787894,0.8703703703703703,0.5370370370370371,0.6111111111111112,0.5552447552447553,0.2025862068965517,0.8826226983126795,0.3092841435420056,0.250576558224995,583.0,54.0,0.09262435677530018,51,70,0.9040945957715053,136,200,136,77,42,data\synthetic\seed_42\human_annotations_majority.csv,data\synthetic\seed_42\sample_manifest_merged.json,False
A2_feedback_langsung,all,0.5719610651829505,0.8703703703703703,0.5,0.5925925925925926,0.5340618602898491,0.16549295774647887,0.8699712643678161,0.3529075067608113,0.26699828229416783,750.0,54.0,0.072,51,70,0.9040945957715053,136,200,136,77,42,data\synthetic\seed_42\human_annotations_majority.csv,data\synthetic\seed_42\sample_manifest_merged.json,False
A2_feedback_langsung,entity,0.6259813696654979,0.8888888888888888,0.5555555555555556,0.6666666666666666,0.5298387096774193,0.1875,0.879437093047679,0.34528289948510277,0.2974025738009029,583.0,54.0,0.09262435677530018,52,96,0.9042026886674792,136,200,136,77,42,data\synthetic\seed_42\human_annotations_majority.csv,data\synthetic\seed_42\sample_manifest_merged.json,False
A2_feedback_langsung,all,0.5635786183047019,0.8888888888888888,0.48148148148148145,0.5925925925925926,0.5084907916766324,0.1518987341772152,0.8677894848871861,0.38727701692602334,0.31442401125400926,750.0,54.0,0.072,52,96,0.9042026886674792,136,200,136,77,42,data\synthetic\seed_42\human_annotations_majority.csv,data\synthetic\seed_42\sample_manifest_merged.json,False
A2_feedback_langsung,entity,0.6601210348438568,0.8888888888888888,0.5555555555555556,0.7222222222222222,0.5384853664972523,0.1927710843373494,0.9025414828817475,0.3365128169763459,0.2782146983218967,583.0,54.0,0.09262435677530018,53,129,0.9049285266529027,136,200,136,77,42,data\synthetic\seed_42\human_annotations_majority.csv,data\synthetic\seed_42\sample_manifest_merged.json,False
A2_feedback_langsung,all,0.562118514335464,0.8888888888888888,0.48148148148148145,0.6111111111111112,0.5166338747844612,0.1563517915309446,0.8876915708812261,0.37833721167773426,0.2978387619503357,750.0,54.0,0.072,53,129,0.9049285266529027,136,200,136,77,42,data\synthetic\seed_42\human_annotations_majority.csv,data\synthetic\seed_42\sample_manifest_merged.json,False
A2_feedback_langsung,entity,0.6580981563890119,0.9629629629629629,0.5555555555555556,0.7222222222222222,0.5614562960734166,0.21224489795918366,0.9160190436182875,0.32380867650042794,0.2591867560129981,583.0,54.0,0.09262435677530018,54,97,0.9095794461201618,136,200,136,77,42,data\synthetic\seed_42\human_annotations_majority.csv,data\synthetic\seed_42\sample_manifest_merged.json,False
A2_feedback_langsung,all,0.608778662095388,0.9629629629629629,0.5370370370370371,0.6851851851851852,0.5378176117372142,0.17333333333333334,0.9117709663686675,0.37313203851593424,0.2808593960842041,750.0,54.0,0.072,54,97,0.9095794461201618,136,200,136,77,42,data\synthetic\seed_42\human_annotations_majority.csv,data\synthetic\seed_42\sample_manifest_merged.json,False
A2_feedback_langsung,entity,0.6359354289500476,0.8703703703703703,0.5185185185185185,0.6666666666666666,0.5489405989199804,0.19831223628691982,0.8860883567877896,0.3230982122529561,0.2782421797380423,583.0,54.0,0.09262435677530018,55,106,0.9063833497245751,136,200,136,77,42,data\synthetic\seed_42\human_annotations_majority.csv,data\synthetic\seed_42\sample_manifest_merged.json,False
A2_feedback_langsung,all,0.5866020863967033,0.8703703703703703,0.48148148148148145,0.6111111111111112,0.5312725349742801,0.16376306620209058,0.8805076628352491,0.34242934312116513,0.27790550133566094,750.0,54.0,0.072,55,106,0.9063833497245751,136,200,136,77,42,data\synthetic\seed_42\human_annotations_majority.csv,data\synthetic\seed_42\sample_manifest_merged.json,False
A2_feedback_langsung,entity,0.646753794867422,0.8888888888888888,0.5555555555555556,0.7222222222222222,0.5497331960307058,0.2,0.892232024084576,0.31669118544871944,0.2717796723252655,583.0,54.0,0.09262435677530018,56,101,0.9071082172832003,136,200,136,77,42,data\synthetic\seed_42\human_annotations_majority.csv,data\synthetic\seed_42\sample_manifest_merged.json,False
A2_feedback_langsung,all,0.6000134256551047,0.8888888888888888,0.5185185185185185,0.6666666666666666,0.5350678990635572,0.1672473867595819,0.8813191783737762,0.35122637291776,0.2778169935237692,750.0,54.0,0.072,56,101,0.9071082172832003,136,200,136,77,42,data\synthetic\seed_42\human_annotations_majority.csv,data\synthetic\seed_42\sample_manifest_merged.json,False
A2_feedback_langsung,entity,0.6106894568341311,0.8703703703703703,0.5370370370370371,0.6481481481481481,0.5539792209233647,0.2017167381974249,0.8932647202968564,0.3025197747552632,0.2455915000312968,583.0,54.0,0.09262435677530018,57,82,0.9061587530101058,136,200,136,77,42,data\synthetic\seed_42\human_annotations_majority.csv,data\synthetic\seed_42\sample_manifest_merged.json,False
A2_feedback_langsung,all,0.5714030193412586,0.8703703703703703,0.5,0.5555555555555556,0.5284964190874708,0.16206896551724137,0.884924435930183,0.3499196346730751,0.265515218674047,750.0,54.0,0.072,57,82,0.9061587530101058,136,200,136,77,42,data\synthetic\seed_42\human_annotations_majority.csv,data\synthetic\seed_42\sample_manifest_merged.json,False
A2_feedback_langsung,entity,0.6424861980464149,0.9259259259259259,0.5555555555555556,0.6481481481481481,0.565256674807558,0.2127659574468085,0.9061821746131765,0.31697137949624676,0.253775255782939,583.0,54.0,0.09262435677530018,58,95,0.9113999419010251,136,200,136,77,42,data\synthetic\seed_42\human_annotations_majority.csv,data\synthetic\seed_42\sample_manifest_merged.json,False
A2_feedback_langsung,all,0.5421663538278039,0.9259259259259259,0.46296296296296297,0.6296296296296297,0.5445641154634775,0.17543859649122806,0.8965251170710941,0.3598064400897225,0.27184372666234097,750.0,54.0,0.072,58,95,0.9113999419010251,136,200,136,77,42,data\synthetic\seed_42\human_annotations_majority.csv,data\synthetic\seed_42\sample_manifest_merged.json,False
A2_feedback_langsung,entity,0.6355956919896112,0.8888888888888888,0.5,0.6666666666666666,0.5509932014277392,0.200836820083682,0.8955401526289994,0.3185056037843547,0.27121138701723496,583.0,54.0,0.09262435677530018,59,112,0.9094599374734691,136,200,136,77,42,data\synthetic\seed_42\human_annotations_majority.csv,data\synthetic\seed_42\sample_manifest_merged.json,False
A2_feedback_langsung,all,0.5958699668322052,0.8888888888888888,0.48148148148148145,0.6296296296296297,0.523945950885547,0.1605351170568562,0.8892613878246062,0.3546154396703253,0.2846253231041231,750.0,54.0,0.072,59,112,0.9094599374734691,136,200,136,77,42,data\synthetic\seed_42\human_annotations_majority.csv,data\synthetic\seed_42\sample_manifest_merged.json,False
A2_feedback_langsung,entity,0.6513246245875292,0.8888888888888888,0.5370370370370371,0.7037037037037037,0.5611565804408866,0.2077922077922078,0.9036091857452916,0.3013259082239978,0.25633506100344133,583.0,54.0,0.09262435677530018,60,126,0.9096903563229517,136,200,136,77,42,data\synthetic\seed_42\human_annotations_majority.csv,data\synthetic\seed_42\sample_manifest_merged.json,False
A2_feedback_langsung,all,0.6039893260201112,0.8888888888888888,0.5185185185185185,0.6481481481481481,0.542601727691702,0.17204301075268819,0.892387718177948,0.34347519641814384,0.2691580586999989,750.0,54.0,0.072,60,126,0.9096903563229517,136,200,136,77,42,data\synthetic\seed_42\human_annotations_majority.csv,data\synthetic\seed_42\sample_manifest_merged.json,False
A2_feedback_langsung,entity,0.6373432367783124,0.9074074074074074,0.5555555555555556,0.7037037037037037,0.5479626436449063,0.2,0.8911993278722957,0.3306215332838759,0.26849384725251746,583.0,54.0,0.09262435677530018,61,83,0.9118281827683771,136,200,136,77,42,data\synthetic\seed_42\human_annotations_majority.csv,data\synthetic\seed_42\sample_manifest_merged.json,False
A2_feedback_langsung,all,0.5907198243760535,0.9074074074074074,0.5185185185185185,0.6481481481481481,0.4985731757032205,0.14803625377643503,0.8788314176245211,0.3896634674639887,0.29736427569040774,750.0,54.0,0.072,61,83,0.9118281827683771,136,200,136,77,42,data\synthetic\seed_42\human_annotations_majority.csv,data\synthetic\seed_42\sample_manifest_merged.json,False
A3_feedback_propagasi,entity,0.6835671315807765,0.9629629629629629,0.6111111111111112,0.7222222222222222,0.5286087990487515,0.1918819188191882,0.9136735979836169,0.3538143740367168,0.2702659237519942,583.0,54.0,0.09262435677530018,42,83,0.8963709722328,435,200,136,77,42,data\synthetic\seed_42\human_annotations_majority.csv,data\synthetic\seed_42\sample_manifest_merged.json,False
A3_feedback_propagasi,all,0.6343989336380785,0.9629629629629629,0.5555555555555556,0.6851851851851852,0.49816278480261067,0.15160349854227406,0.9088441890166028,0.4053030583071911,0.29578260387463423,750.0,54.0,0.072,42,83,0.8963709722328,435,200,136,77,42,data\synthetic\seed_42\human_annotations_majority.csv,data\synthetic\seed_42\sample_manifest_merged.json,False
A3_feedback_propagasi,entity,0.6449868437957366,0.8518518518518519,0.5555555555555556,0.6666666666666666,0.5443613156602847,0.1940928270042194,0.8869285164181195,0.31083666016213174,0.2527373051795731,583.0,54.0,0.09262435677530018,43,108,0.9057254326315547,435,200,136,77,42,data\synthetic\seed_42\human_annotations_majority.csv,data\synthetic\seed_42\sample_manifest_merged.json,False
A3_feedback_propagasi,all,0.6248238745001352,0.8518518518518519,0.5555555555555556,0.5925925925925926,0.5339509659925432,0.16428571428571428,0.8845785440613027,0.33477410946725283,0.2483138871442535,750.0,54.0,0.072,43,108,0.9057254326315547,435,200,136,77,42,data\synthetic\seed_42\human_annotations_majority.csv,data\synthetic\seed_42\sample_manifest_merged.json,False
A3_feedback_propagasi,entity,0.6829215571150318,0.9814814814814815,0.5925925925925926,0.7222222222222222,0.5291271319634437,0.19343065693430658,0.9146537842190016,0.37320954983648713,0.2989880526065838,583.0,54.0,0.09262435677530018,44,106,0.905959156101624,435,200,136,77,42,data\synthetic\seed_42\human_annotations_majority.csv,data\synthetic\seed_42\sample_manifest_merged.json,False
A3_feedback_propagasi,all,0.6605921864675873,0.9814814814814815,0.5740740740740741,0.6296296296296297,0.5227059013497213,0.165625,0.9187154108131119,0.39223283402895315,0.2954305061281067,750.0,54.0,0.072,44,106,0.905959156101624,435,200,136,77,42,data\synthetic\seed_42\human_annotations_majority.csv,data\synthetic\seed_42\sample_manifest_merged.json,False
A3_feedback_propagasi,entity,0.6665611210167187,0.9259259259259259,0.5740740740740741,0.7407407407407407,0.570444271860127,0.21645021645021645,0.912308338584331,0.30816482822163654,0.2348677211067058,583.0,54.0,0.09262435677530018,45,67,0.892936491298965,435,200,136,77,42,data\synthetic\seed_42\human_annotations_majority.csv,data\synthetic\seed_42\sample_manifest_merged.json,False
A3_feedback_propagasi,all,0.6389704306679179,0.9259259259259259,0.5555555555555556,0.7037037037037037,0.5512873411454036,0.17985611510791366,0.913127926777352,0.3320782570090184,0.23673560729221027,750.0,54.0,0.072,45,67,0.892936491298965,435,200,136,77,42,data\synthetic\seed_42\human_annotations_majority.csv,data\synthetic\seed_42\sample_manifest_merged.json,False
A3_feedback_propagasi,entity,0.6170686403975824,0.9259259259259259,0.5370370370370371,0.6111111111111112,0.5461442178532178,0.2,0.8862283833928447,0.3435280164128764,0.28045597402757644,583.0,54.0,0.09262435677530018,46,134,0.9036144353732599,435,200,136,77,42,data\synthetic\seed_42\human_annotations_majority.csv,data\synthetic\seed_42\sample_manifest_merged.json,False
A3_feedback_propagasi,all,0.5604304702869035,0.9259259259259259,0.5,0.5740740740740741,0.5360392720306513,0.17006802721088435,0.8831949765857812,0.35189066274092573,0.2757848740646967,750.0,54.0,0.072,46,134,0.9036144353732599,435,200,136,77,42,data\synthetic\seed_42\human_annotations_majority.csv,data\synthetic\seed_42\sample_manifest_merged.json,False
A3_feedback_propagasi,entity,0.6860956616720282,0.9629629629629629,0.5925925925925926,0.7592592592592593,0.5757719564667173,0.2222222222222222,0.9270461387663655,0.2982096219173374,0.23610594642974334,583.0,54.0,0.09262435677530018,47,152,0.9125500409744881,435,200,136,77,42,data\synthetic\seed_42\human_annotations_majority.csv,data\synthetic\seed_42\sample_manifest_merged.json,False
A3_feedback_propagasi,all,0.6312013683236465,0.9629629629629629,0.5370370370370371,0.6666666666666666,0.5512170385395538,0.18181818181818182,0.9207641549595572,0.3537313378624637,0.262832712676451,750.0,54.0,0.072,47,152,0.9125500409744881,435,200,136,77,42,data\synthetic\seed_42\human_annotations_majority.csv,data\synthetic\seed_42\sample_manifest_merged.json,False
A3_feedback_propagasi,entity,0.6265008693002426,0.9074074074074074,0.5370370370370371,0.7037037037037037,0.553013290782074,0.2033195020746888,0.8957851991878457,0.3101192287538536,0.25513510727734423,583.0,54.0,0.09262435677530018,48,114,0.9063498462073414,435,200,136,77,42,data\synthetic\seed_42\human_annotations_majority.csv,data\synthetic\seed_42\sample_manifest_merged.json,False
A3_feedback_propagasi,all,0.5988273962933301,0.9074074074074074,0.5370370370370371,0.6666666666666666,0.5341661574217851,0.1678082191780822,0.8940240527884206,0.3472543933441339,0.26285535343519445,750.0,54.0,0.072,48,114,0.9063498462073414,435,200,136,77,42,data\synthetic\seed_42\human_annotations_majority.csv,data\synthetic\seed_42\sample_manifest_merged.json,False
A3_feedback_propagasi,entity,0.6924649572482464,0.9259259259259259,0.5925925925925926,0.7777777777777778,0.5550014917103525,0.205761316872428,0.9196597353497165,0.33831232554811874,0.2661771796067377,583.0,54.0,0.09262435677530018,49,78,0.9019182331964268,435,200,136,77,42,data\synthetic\seed_42\human_annotations_majority.csv,data\synthetic\seed_42\sample_manifest_merged.json,False
A3_feedback_propagasi,all,0.6534670719176825,0.9259259259259259,0.5555555555555556,0.7222222222222222,0.5398125050293715,0.1724137931034483,0.9172520221370797,0.3560638076460163,0.2649895834220085,750.0,54.0,0.072,49,78,0.9019182331964268,435,200,136,77,42,data\synthetic\seed_42\human_annotations_majority.csv,data\synthetic\seed_42\sample_manifest_merged.json,False
A3_feedback_propagasi,entity,0.6501177049868859,0.9444444444444444,0.5925925925925926,0.7592592592592593,0.5417649160414434,0.19844357976653695,0.908947700063012,0.33770799345181,0.2632118430995905,583.0,54.0,0.09262435677530018,50,83,0.8964805009476889,435,200,136,77,42,data\synthetic\seed_42\human_annotations_majority.csv,data\synthetic\seed_42\sample_manifest_merged.json,False
A3_feedback_propagasi,all,0.5700240924219426,0.9444444444444444,0.5185185185185185,0.6296296296296297,0.5192537670413777,0.16139240506329114,0.9003033205619413,0.3895922058202753,0.2879607481796295,750.0,54.0,0.072,50,83,0.8964805009476889,435,200,136,77,42,data\synthetic\seed_42\human_annotations_majority.csv,data\synthetic\seed_42\sample_manifest_merged.json,False
A3_feedback_propagasi,entity,0.6306277419505203,0.9074074074074074,0.5740740740740741,0.7037037037037037,0.5722911963882618,0.2168141592920354,0.8946999929986696,0.3076301801078222,0.2396249582091334,583.0,54.0,0.09262435677530018,51,69,0.9031828940764988,435,200,136,77,42,data\synthetic\seed_42\human_annotations_majority.csv,data\synthetic\seed_42\sample_manifest_merged.json,False
A3_feedback_propagasi,all,0.5771362664037893,0.9074074074074074,0.5185185185185185,0.5925925925925926,0.5483784265736977,0.17689530685920576,0.88215730097914,0.3521907447847771,0.25863630540557836,750.0,54.0,0.072,51,69,0.9031828940764988,435,200,136,77,42,data\synthetic\seed_42\human_annotations_majority.csv,data\synthetic\seed_42\sample_manifest_merged.json,False
A3_feedback_propagasi,entity,0.6576411443857789,0.9074074074074074,0.5740740740740741,0.7407407407407407,0.5735979278547558,0.21777777777777776,0.9051669817265281,0.295979255970742,0.2374048859180324,583.0,54.0,0.09262435677530018,52,91,0.8963316085863448,435,200,136,77,42,data\synthetic\seed_42\human_annotations_majority.csv,data\synthetic\seed_42\sample_manifest_merged.json,False
A3_feedback_propagasi,all,0.5735671106655424,0.9074074074074074,0.5,0.6851851851851852,0.541700190449032,0.17253521126760563,0.8895008514261388,0.33788254270253737,0.2586625041393435,750.0,54.0,0.072,52,91,0.8963316085863448,435,200,136,77,42,data\synthetic\seed_42\human_annotations_majority.csv,data\synthetic\seed_42\sample_manifest_merged.json,False
A3_feedback_propagasi,entity,0.6497411878660159,0.9814814814814815,0.5925925925925926,0.6851851851851852,0.5366341879838686,0.19776119402985073,0.9066722677308688,0.3718082923759996,0.29028699434894256,583.0,54.0,0.09262435677530018,53,115,0.9014862582836154,435,200,136,77,42,data\synthetic\seed_42\human_annotations_majority.csv,data\synthetic\seed_42\sample_manifest_merged.json,False
A3_feedback_propagasi,all,0.563735032127243,0.9814814814814815,0.5,0.6111111111111112,0.5153087506673286,0.16158536585365854,0.8995849297573436,0.42074750330286526,0.31628848641404694,750.0,54.0,0.072,53,115,0.9014862582836154,435,200,136,77,42,data\synthetic\seed_42\human_annotations_majority.csv,data\synthetic\seed_42\sample_manifest_merged.json,False
A3_feedback_propagasi,entity,0.689499764514832,0.9814814814814815,0.6111111111111112,0.8148148148148148,0.5543623043623044,0.20866141732283464,0.9263460057410908,0.3427786637201258,0.2635555864440195,583.0,54.0,0.09262435677530018,54,92,0.9049416285268689,435,200,136,77,42,data\synthetic\seed_42\human_annotations_majority.csv,data\synthetic\seed_42\sample_manifest_merged.json,False
A3_feedback_propagasi,all,0.621641996293567,0.9814814814814815,0.5185185185185185,0.6481481481481481,0.5367646520303013,0.1737704918032787,0.9212696892294593,0.3906810621138527,0.2856340147260764,750.0,54.0,0.072,54,92,0.9049416285268689,435,200,136,77,42,data\synthetic\seed_42\human_annotations_majority.csv,data\synthetic\seed_42\sample_manifest_merged.json,False
A3_feedback_propagasi,entity,0.6266386550369164,0.9259259259259259,0.5555555555555556,0.6666666666666666,0.5691433566433567,0.21551724137931033,0.9010361968774067,0.3166162812649699,0.2379942351869014,583.0,54.0,0.09262435677530018,55,64,0.8993121770999839,435,200,136,77,42,data\synthetic\seed_42\human_annotations_majority.csv,data\synthetic\seed_42\sample_manifest_merged.json,False
A3_feedback_propagasi,all,0.5584466706519026,0.9259259259259259,0.5,0.6111111111111112,0.5483953622445712,0.17793594306049823,0.8885962111536825,0.35632033396651,0.25412335279760895,750.0,54.0,0.072,55,64,0.8993121770999839,435,200,136,77,42,data\synthetic\seed_42\human_annotations_majority.csv,data\synthetic\seed_42\sample_manifest_merged.json,False
A3_feedback_propagasi,entity,0.627385620770031,0.8888888888888888,0.5555555555555556,0.7037037037037037,0.5740965207631874,0.2171945701357466,0.8905692081495484,0.29289627016820413,0.22438436029660241,583.0,54.0,0.09262435677530018,56,68,0.9059797496384551,435,200,136,77,42,data\synthetic\seed_42\human_annotations_majority.csv,data\synthetic\seed_42\sample_manifest_merged.json,False
A3_feedback_propagasi,all,0.5906745511493835,0.8888888888888888,0.5370370370370371,0.5925925925925926,0.5521752053681106,0.17843866171003717,0.881651766709238,0.3375847959550447,0.24080835691886754,750.0,54.0,0.072,56,68,0.9059797496384551,435,200,136,77,42,data\synthetic\seed_42\human_annotations_majority.csv,data\synthetic\seed_42\sample_manifest_merged.json,False
A3_feedback_propagasi,entity,0.6451636751956596,0.9259259259259259,0.5370370370370371,0.7592592592592593,0.5461442178532178,0.2,0.9069873275922427,0.33502344819120056,0.26844758920620654,583.0,54.0,0.09262435677530018,57,88,0.8949457079296623,435,200,136,77,42,data\synthetic\seed_42\human_annotations_majority.csv,data\synthetic\seed_42\sample_manifest_merged.json,False
A3_feedback_propagasi,all,0.6053937775479354,0.9259259259259259,0.5,0.6111111111111112,0.5248538011695907,0.16339869281045752,0.8995051085568327,0.37412581353425045,0.28165969201657165,750.0,54.0,0.072,57,88,0.8949457079296623,435,200,136,77,42,data\synthetic\seed_42\human_annotations_majority.csv,data\synthetic\seed_42\sample_manifest_merged.json,False
A3_feedback_propagasi,entity,0.6785751399755103,0.9259259259259259,0.5555555555555556,0.7222222222222222,0.5756760560548485,0.22026431718061673,0.9157739970594413,0.3015973114595481,0.2324191806157604,583.0,54.0,0.09262435677530018,58,101,0.9141876320054482,435,200,136,77,42,data\synthetic\seed_42\human_annotations_majority.csv,data\synthetic\seed_42\sample_manifest_merged.json,False
A3_feedback_propagasi,all,0.5995877583608152,0.9259259259259259,0.5370370370370371,0.6666666666666666,0.5532245532245532,0.18115942028985507,0.9048265219242231,0.3381501321241279,0.24730079821311274,750.0,54.0,0.072,58,101,0.9141876320054482,435,200,136,77,42,data\synthetic\seed_42\human_annotations_majority.csv,data\synthetic\seed_42\sample_manifest_merged.json,False
A3_feedback_propagasi,entity,0.6396862686909078,0.8888888888888888,0.5555555555555556,0.7407407407407407,0.5662987313267789,0.21145374449339208,0.8978855982636701,0.3010078764033427,0.2486150198470958,583.0,54.0,0.09262435677530018,59,108,0.8954540790472696,435,200,136,77,42,data\synthetic\seed_42\human_annotations_majority.csv,data\synthetic\seed_42\sample_manifest_merged.json,False
A3_feedback_propagasi,all,0.5885669323909737,0.8888888888888888,0.5,0.6296296296296297,0.5435509159927381,0.17266187050359713,0.8859088974031503,0.3364032670140319,0.2600592007868227,750.0,54.0,0.072,59,108,0.8954540790472696,435,200,136,77,42,data\synthetic\seed_42\human_annotations_majority.csv,data\synthetic\seed_42\sample_manifest_merged.json,False
A3_feedback_propagasi,entity,0.6388116614891999,0.9444444444444444,0.5555555555555556,0.6666666666666666,0.5493269358923097,0.20318725099601595,0.8998809773857034,0.3436246781154949,0.2710462967349471,583.0,54.0,0.09262435677530018,60,84,0.9081669547587354,435,200,136,77,42,data\synthetic\seed_42\human_annotations_majority.csv,data\synthetic\seed_42\sample_manifest_merged.json,False
A3_feedback_propagasi,all,0.5566317667843176,0.9444444444444444,0.48148148148148145,0.6296296296296297,0.488463901134639,0.1457142857142857,0.8881704980842913,0.4006669905180946,0.3015178148230474,750.0,54.0,0.072,60,84,0.9081669547587354,435,200,136,77,42,data\synthetic\seed_42\human_annotations_majority.csv,data\synthetic\seed_42\sample_manifest_merged.json,False
A3_feedback_propagasi,entity,0.6543929607311119,0.9629629629629629,0.5925925925925926,0.7407407407407407,0.5360908683792697,0.19622641509433963,0.9062871945669677,0.346829226588133,0.2739451591690682,583.0,54.0,0.09262435677530018,61,105,0.901450974988586,435,200,136,77,42,data\synthetic\seed_42\human_annotations_majority.csv,data\synthetic\seed_42\sample_manifest_merged.json,False
A3_feedback_propagasi,all,0.6087848246667023,0.9629629629629629,0.5370370370370371,0.6481481481481481,0.5191440050911371,0.1625,0.9030704555129843,0.3952795399273503,0.29405689105930577,750.0,54.0,0.072,61,105,0.901450974988586,435,200,136,77,42,data\synthetic\seed_42\human_annotations_majority.csv,data\synthetic\seed_42\sample_manifest_merged.json,False
