condition,scope,auprc,recall,recall_at_50,recall_at_100,macro_f1,precision,roc_auc,ece,brier,n,n_pos,pos_rate,repeat_seed,best_epoch,val_auprc_weak,n_supervised,budget,n_annotations_used,n_annotations_positive,seed,annotation_source,annotation_manifest,is_fixture
A2_feedback_langsung,entity,0.6416909169447955,0.8703703703703703,0.5185185185185185,0.6666666666666666,0.5389668753592328,0.19183673469387755,0.891689420989988,0.3158704398897346,0.2682838675453323,583.0,54.0,0.09262435677530018,42,126,0.9170655478830323,7,10,7,1,42,data\synthetic\seed_42\human_annotations_majority_ronde2.csv,data\synthetic\seed_42\ronde2\sample_manifest.json,False
A2_feedback_langsung,all,0.5725312729722359,0.8703703703703703,0.46296296296296297,0.6111111111111112,0.51479301497245,0.1540983606557377,0.8752128565346956,0.35918074982645426,0.28902000103837033,750.0,54.0,0.072,42,126,0.9170655478830323,7,10,7,1,42,data\synthetic\seed_42\human_annotations_majority_ronde2.csv,data\synthetic\seed_42\ronde2\sample_manifest.json,False
A2_feedback_langsung,entity,0.6375849985381644,0.8703703703703703,0.5185185185185185,0.6666666666666666,0.578491174417445,0.21962616822429906,0.8871035496744382,0.2729497816860482,0.2312788268557655,583.0,54.0,0.09262435677530018,43,109,0.9171215512172465,7,10,7,1,42,data\synthetic\seed_42\human_annotations_majority_ronde2.csv,data\synthetic\seed_42\ronde2\sample_manifest.json,False
A2_feedback_langsung,all,0.5953045935886417,0.8703703703703703,0.5185185185185185,0.6296296296296297,0.5559574040586699,0.18007662835249041,0.8761441038739889,0.2991126728515179,0.2364868524138463,750.0,54.0,0.072,43,109,0.9171215512172465,7,10,7,1,42,data\synthetic\seed_42\human_annotations_majority_ronde2.csv,data\synthetic\seed_42\ronde2\sample_manifest.json,False
A2_feedback_langsung,entity,0.633692322005791,0.8703703703703703,0.5370370370370371,0.7037037037037037,0.561610068962744,0.20704845814977973,0.8961002590492193,0.2840134217201946,0.24715085011497495,583.0,54.0,0.09262435677530018,44,105,0.9193327317129956,7,10,7,1,42,data\synthetic\seed_42\human_annotations_majority_ronde2.csv,data\synthetic\seed_42\ronde2\sample_manifest.json,False
A2_feedback_langsung,all,0.5606263965323528,0.8703703703703703,0.46296296296296297,0.6111111111111112,0.5415695415695416,0.17028985507246377,0.8779001702852278,0.32536721445851313,0.26295916587942736,750.0,54.0,0.072,44,105,0.9193327317129956,7,10,7,1,42,data\synthetic\seed_42\human_annotations_majority_ronde2.csv,data\synthetic\seed_42\ronde2\sample_manifest.json,False
A2_feedback_langsung,entity,0.637453520728129,0.8333333333333334,0.5370370370370371,0.6666666666666666,0.5360887474255758,0.1875,0.8841279843170202,0.3114357262832871,0.2736474296650114,583.0,54.0,0.09262435677530018,45,103,0.9207165059816715,7,10,7,1,42,data\synthetic\seed_42\human_annotations_majority_ronde2.csv,data\synthetic\seed_42\ronde2\sample_manifest.json,False
A2_feedback_langsung,all,0.5628284625960162,0.8333333333333334,0.48148148148148145,0.5740740740740741,0.5191392592741007,0.1541095890410959,0.8764633886760324,0.3234041234793014,0.27492250411338887,750.0,54.0,0.072,45,103,0.9207165059816715,7,10,7,1,42,data\synthetic\seed_42\human_annotations_majority_ronde2.csv,data\synthetic\seed_42\ronde2\sample_manifest.json,False
A2_feedback_langsung,entity,0.6136995778696847,0.9074074074074074,0.5,0.6296296296296297,0.5467051578137028,0.1991869918699187,0.8860008401596304,0.32318881640120545,0.29185846889207995,583.0,54.0,0.09262435677530018,46,169,0.9213825001682777,7,10,7,1,42,data\synthetic\seed_42\human_annotations_majority_ronde2.csv,data\synthetic\seed_42\ronde2\sample_manifest.json,False
A2_feedback_langsung,all,0.5072926780154837,0.9074074074074074,0.46296296296296297,0.5555555555555556,0.5285773677541971,0.1644295302013423,0.8734567901234568,0.35426029371556556,0.3000575680037316,750.0,54.0,0.072,46,169,0.9213825001682777,7,10,7,1,42,data\synthetic\seed_42\human_annotations_majority_ronde2.csv,data\synthetic\seed_42\ronde2\sample_manifest.json,False
A2_feedback_langsung,entity,0.6222445356725335,0.9259259259259259,0.5370370370370371,0.6666666666666666,0.5537299353601584,0.20491803278688525,0.8981306448225161,0.3196659347945633,0.26884273581028895,583.0,54.0,0.09262435677530018,47,89,0.9112362595866482,7,10,7,1,42,data\synthetic\seed_42\human_annotations_majority_ronde2.csv,data\synthetic\seed_42\ronde2\sample_manifest.json,False
A2_feedback_langsung,all,0.5544315639140982,0.9259259259259259,0.46296296296296297,0.6111111111111112,0.4859655591269671,0.14326647564469913,0.8834344401873138,0.38713214199734103,0.3059980655663946,750.0,54.0,0.072,47,89,0.9112362595866482,7,10,7,1,42,data\synthetic\seed_42\human_annotations_majority_ronde2.csv,data\synthetic\seed_42\ronde2\sample_manifest.json,False
A2_feedback_langsung,entity,0.648646510770328,0.9074074074074074,0.5370370370370371,0.7037037037037037,0.52437106918239,0.1856060606060606,0.8979906182174613,0.33882966673560716,0.29112271904064535,583.0,54.0,0.09262435677530018,48,90,0.9125996192050239,7,10,7,1,42,data\synthetic\seed_42\human_annotations_majority_ronde2.csv,data\synthetic\seed_42\ronde2\sample_manifest.json,False
A2_feedback_langsung,all,0.612000568355342,0.9074074074074074,0.5,0.6481481481481481,0.5048524460289167,0.15123456790123457,0.8928799489144317,0.37191586678355903,0.3016670748833468,750.0,54.0,0.072,48,90,0.9125996192050239,7,10,7,1,42,data\synthetic\seed_42\human_annotations_majority_ronde2.csv,data\synthetic\seed_42\ronde2\sample_manifest.json,False
A2_feedback_langsung,entity,0.617826707787948,0.8333333333333334,0.5,0.6296296296296297,0.5447352669528646,0.19313304721030042,0.8721907162360849,0.30065099979803456,0.27431774404174664,583.0,54.0,0.09262435677530018,49,104,0.9222196472773938,7,10,7,1,42,data\synthetic\seed_42\human_annotations_majority_ronde2.csv,data\synthetic\seed_42\ronde2\sample_manifest.json,False
A2_feedback_langsung,all,0.5475141571406236,0.8333333333333334,0.48148148148148145,0.5925925925925926,0.5255082207129954,0.15789473684210525,0.8555502341421881,0.32683329197126076,0.2791999257949218,750.0,54.0,0.072,49,104,0.9222196472773938,7,10,7,1,42,data\synthetic\seed_42\human_annotations_majority_ronde2.csv,data\synthetic\seed_42\ronde2\sample_manifest.json,False
A2_feedback_langsung,entity,0.6005549984063109,0.8888888888888888,0.5185185185185185,0.6111111111111112,0.524931969737747,0.18461538461538463,0.8704403836728978,0.34639322118827837,0.31526485556573824,583.0,54.0,0.09262435677530018,50,169,0.9168133585888293,7,10,7,1,42,data\synthetic\seed_42\human_annotations_majority_ronde2.csv,data\synthetic\seed_42\ronde2\sample_manifest.json,False
A2_feedback_langsung,all,0.5000187854150421,0.8888888888888888,0.46296296296296297,0.5555555555555556,0.5093916456405944,0.1523809523809524,0.8558695189442316,0.37850126048001587,0.32210373188661007,750.0,54.0,0.072,50,169,0.9168133585888293,7,10,7,1,42,data\synthetic\seed_42\human_annotations_majority_ronde2.csv,data\synthetic\seed_42\ronde2\sample_manifest.json,False
A2_feedback_langsung,entity,0.6219748155002885,0.8888888888888888,0.5370370370370371,0.6111111111111112,0.5397274343880304,0.1935483870967742,0.8788419799761955,0.3243285733653717,0.28644336844385343,583.0,54.0,0.09262435677530018,51,89,0.9115902749735427,7,10,7,1,42,data\synthetic\seed_42\human_annotations_majority_ronde2.csv,data\synthetic\seed_42\ronde2\sample_manifest.json,False
A2_feedback_langsung,all,0.573398804302649,0.8888888888888888,0.5185185185185185,0.5925925925925926,0.5211950970377937,0.15894039735099338,0.866086632609621,0.35471310830538494,0.2934035129026621,750.0,54.0,0.072,51,89,0.9115902749735427,7,10,7,1,42,data\synthetic\seed_42\human_annotations_majority_ronde2.csv,data\synthetic\seed_42\ronde2\sample_manifest.json,False
A2_feedback_langsung,entity,0.6247308065258003,0.8888888888888888,0.5555555555555556,0.6296296296296297,0.5434647595020696,0.19591836734693877,0.8836553945249598,0.3181589094878824,0.28456941142544323,583.0,54.0,0.09262435677530018,52,119,0.9140303876857568,7,10,7,1,42,data\synthetic\seed_42\human_annotations_majority_ronde2.csv,data\synthetic\seed_42\ronde2\sample_manifest.json,False
A2_feedback_langsung,all,0.5640796560386989,0.8888888888888888,0.48148148148148145,0.5740740740740741,0.5230277753128051,0.16,0.8781795444870157,0.33275484545615885,0.28850882760224755,750.0,54.0,0.072,52,119,0.9140303876857568,7,10,7,1,42,data\synthetic\seed_42\human_annotations_majority_ronde2.csv,data\synthetic\seed_42\ronde2\sample_manifest.json,False
A2_feedback_langsung,entity,0.6017087991006349,0.8333333333333334,0.5,0.6111111111111112,0.531191043206631,0.18442622950819673,0.8746761884758104,0.3161542625201028,0.27652664568228846,583.0,54.0,0.09262435677530018,53,120,0.9180588471250087,7,10,7,1,42,data\synthetic\seed_42\human_annotations_majority_ronde2.csv,data\synthetic\seed_42\ronde2\sample_manifest.json,False
A2_feedback_langsung,all,0.45925899242643514,0.8333333333333334,0.4444444444444444,0.5555555555555556,0.5128318485715909,0.1505016722408027,0.8518518518518519,0.35728921306091416,0.29522578749245165,750.0,54.0,0.072,53,120,0.9180588471250087,7,10,7,1,42,data\synthetic\seed_42\human_annotations_majority_ronde2.csv,data\synthetic\seed_42\ronde2\sample_manifest.json,False
A2_feedback_langsung,entity,0.6019376278089681,0.9444444444444444,0.5185185185185185,0.6666666666666666,0.5467989822268906,0.2015810276679842,0.8900791150318561,0.33003919246537416,0.2865272472364001,583.0,54.0,0.09262435677530018,54,97,0.9164347751113486,7,10,7,1,42,data\synthetic\seed_42\human_annotations_majority_ronde2.csv,data\synthetic\seed_42\ronde2\sample_manifest.json,False
A2_feedback_langsung,all,0.5390144283958549,0.9444444444444444,0.4444444444444444,0.6296296296296297,0.5064684139784946,0.15454545454545454,0.8804278416347382,0.390511267787339,0.31568466318493044,750.0,54.0,0.072,54,97,0.9164347751113486,7,10,7,1,42,data\synthetic\seed_42\human_annotations_majority_ronde2.csv,data\synthetic\seed_42\ronde2\sample_manifest.json,False
A2_feedback_langsung,entity,0.6444234612485021,0.9074074074074074,0.5185185185185185,0.6666666666666666,0.5709873936908136,0.21585903083700442,0.8997234474550164,0.29337253838239125,0.2515650252230814,583.0,54.0,0.09262435677530018,55,106,0.9195963867081509,7,10,7,1,42,data\synthetic\seed_42\human_annotations_majority_ronde2.csv,data\synthetic\seed_42\ronde2\sample_manifest.json,False
A2_feedback_langsung,all,0.5805317844200523,0.9074074074074074,0.48148148148148145,0.5925925925925926,0.5445519185189931,0.17437722419928825,0.8856295232013622,0.33633092940160325,0.26812697579725336,750.0,54.0,0.072,55,106,0.9195963867081509,7,10,7,1,42,data\synthetic\seed_42\human_annotations_majority_ronde2.csv,data\synthetic\seed_42\ronde2\sample_manifest.json,False
A2_feedback_langsung,entity,0.6357906908518344,0.9074074074074074,0.5555555555555556,0.7037037037037037,0.563223174893865,0.21030042918454936,0.8978505916124063,0.3005066847513882,0.2694354719708945,583.0,54.0,0.09262435677530018,56,143,0.9169612419606847,7,10,7,1,42,data\synthetic\seed_42\human_annotations_majority_ronde2.csv,data\synthetic\seed_42\ronde2\sample_manifest.json,False
A2_feedback_langsung,all,0.5937061858686578,0.9074074074074074,0.48148148148148145,0.6111111111111112,0.5493395493395494,0.17753623188405798,0.8924808429118775,0.3166369838525027,0.26244365777952683,750.0,54.0,0.072,56,143,0.9169612419606847,7,10,7,1,42,data\synthetic\seed_42\human_annotations_majority_ronde2.csv,data\synthetic\seed_42\ronde2\sample_manifest.json,False
A2_feedback_langsung,entity,0.6163510166562506,0.8333333333333334,0.5185185185185185,0.6851851851851852,0.5385489483088304,0.18907563025210083,0.8763039977595743,0.30866707716894237,0.28150948296418193,583.0,54.0,0.09262435677530018,57,145,0.920957892383197,7,10,7,1,42,data\synthetic\seed_42\human_annotations_majority_ronde2.csv,data\synthetic\seed_42\ronde2\sample_manifest.json,False
A2_feedback_langsung,all,0.552515988410134,0.8333333333333334,0.5,0.5925925925925926,0.5200451722190853,0.15463917525773196,0.8575058535547041,0.3404149190476278,0.2887389217817368,750.0,54.0,0.072,57,145,0.920957892383197,7,10,7,1,42,data\synthetic\seed_42\human_annotations_majority_ronde2.csv,data\synthetic\seed_42\ronde2\sample_manifest.json,False
A2_feedback_langsung,entity,0.6049699032477658,0.9259259259259259,0.5185185185185185,0.6666666666666666,0.5613930597786904,0.21008403361344538,0.8824476650563606,0.3080247982675166,0.2665918822566303,583.0,54.0,0.09262435677530018,58,111,0.9177137271860685,7,10,7,1,42,data\synthetic\seed_42\human_annotations_majority_ronde2.csv,data\synthetic\seed_42\ronde2\sample_manifest.json,False
A2_feedback_langsung,all,0.5336239486976204,0.9259259259259259,0.4444444444444444,0.5740740740740741,0.5407596301886602,0.17301038062283736,0.8706896551724137,0.33684242356941635,0.27428044462761647,750.0,54.0,0.072,58,111,0.9177137271860685,7,10,7,1,42,data\synthetic\seed_42\human_annotations_majority_ronde2.csv,data\synthetic\seed_42\ronde2\sample_manifest.json,False
A2_feedback_langsung,entity,0.6076604301855507,0.8518518518518519,0.5,0.6111111111111112,0.5418763121166275,0.19246861924686193,0.8754463348036127,0.3133278989571773,0.2918237249478157,583.0,54.0,0.09262435677530018,59,152,0.9181334106236456,7,10,7,1,42,data\synthetic\seed_42\human_annotations_majority_ronde2.csv,data\synthetic\seed_42\ronde2\sample_manifest.json,False
A2_feedback_langsung,all,0.5511750584864996,0.8518518518518519,0.46296296296296297,0.5740740740740741,0.5201631072021589,0.15593220338983052,0.8676564495530013,0.33312012645018857,0.29563745895580906,750.0,54.0,0.072,59,152,0.9181334106236456,7,10,7,1,42,data\synthetic\seed_42\human_annotations_majority_ronde2.csv,data\synthetic\seed_42\ronde2\sample_manifest.json,False
A2_feedback_langsung,entity,0.5903424533729217,0.8703703703703703,0.5185185185185185,0.6296296296296297,0.5414482376507692,0.1934156378600823,0.8756213680599314,0.31958917616710847,0.2803806095343851,583.0,54.0,0.09262435677530018,60,102,0.9109524940997725,7,10,7,1,42,data\synthetic\seed_42\human_annotations_majority_ronde2.csv,data\synthetic\seed_42\ronde2\sample_manifest.json,False
A2_feedback_langsung,all,0.5372128985179356,0.8703703703703703,0.42592592592592593,0.5740740740740741,0.49512008049932094,0.1437308868501529,0.8565080885483185,0.3815361822196288,0.3106044530636293,750.0,54.0,0.072,60,102,0.9109524940997725,7,10,7,1,42,data\synthetic\seed_42\human_annotations_majority_ronde2.csv,data\synthetic\seed_42\ronde2\sample_manifest.json,False
A2_feedback_langsung,entity,0.6337013055167333,0.9259259259259259,0.5185185185185185,0.7037037037037037,0.5127340485192756,0.18050541516245489,0.8907442414058672,0.36693501829991293,0.31665050993098226,583.0,54.0,0.09262435677530018,61,87,0.9165123168401246,7,10,7,1,42,data\synthetic\seed_42\human_annotations_majority_ronde2.csv,data\synthetic\seed_42\ronde2\sample_manifest.json,False
A2_feedback_langsung,all,0.5865922263795278,0.9259259259259259,0.5,0.6666666666666666,0.43385131246402925,0.12254901960784313,0.8827426564495531,0.4248377766386086,0.34357192864335095,750.0,54.0,0.072,61,87,0.9165123168401246,7,10,7,1,42,data\synthetic\seed_42\human_annotations_majority_ronde2.csv,data\synthetic\seed_42\ronde2\sample_manifest.json,False
A3_feedback_propagasi,entity,0.6487350371683627,0.8703703703703703,0.5555555555555556,0.7222222222222222,0.5539792209233647,0.2017167381974249,0.8947349996499335,0.3004660093850341,0.2564749895592597,583.0,54.0,0.09262435677530018,42,123,0.9118600691272519,24,10,7,1,42,data\synthetic\seed_42\human_annotations_majority_ronde2.csv,data\synthetic\seed_42\ronde2\sample_manifest.json,False
A3_feedback_propagasi,all,0.5795128987670237,0.8703703703703703,0.5,0.6296296296296297,0.5275738753999624,0.16151202749140894,0.8769423158790975,0.3427992452877413,0.27424540873561354,750.0,54.0,0.072,42,123,0.9118600691272519,24,10,7,1,42,data\synthetic\seed_42\human_annotations_majority_ronde2.csv,data\synthetic\seed_42\ronde2\sample_manifest.json,False
A3_feedback_propagasi,entity,0.6269752261904529,0.9074074074074074,0.5185185185185185,0.7037037037037037,0.577536231884058,0.22072072072072071,0.8980956381712525,0.2794692162127052,0.2378142661033358,583.0,54.0,0.09262435677530018,43,109,0.9119067124685231,24,10,7,1,42,data\synthetic\seed_42\human_annotations_majority_ronde2.csv,data\synthetic\seed_42\ronde2\sample_manifest.json,False
A3_feedback_propagasi,all,0.5819279338364097,0.9074074074074074,0.5,0.6851851851851852,0.5561207982723564,0.1821561338289963,0.8896604938271605,0.31154465439094964,0.24398429813986974,750.0,54.0,0.072,43,109,0.9119067124685231,24,10,7,1,42,data\synthetic\seed_42\human_annotations_majority_ronde2.csv,data\synthetic\seed_42\ronde2\sample_manifest.json,False
A3_feedback_propagasi,entity,0.5908356880094179,0.9074074074074074,0.5,0.6851851851851852,0.5645104895104895,0.21120689655172414,0.8908842680109221,0.29092938698660353,0.25169319588650524,583.0,54.0,0.09262435677530018,44,136,0.9187219110582063,24,10,7,1,42,data\synthetic\seed_42\human_annotations_majority_ronde2.csv,data\synthetic\seed_42\ronde2\sample_manifest.json,False
A3_feedback_propagasi,all,0.5395158273742596,0.9074074074074074,0.5,0.6111111111111112,0.5455059007200008,0.175,0.883833546189868,0.3218978390520676,0.25853479369469606,750.0,54.0,0.072,44,136,0.9187219110582063,24,10,7,1,42,data\synthetic\seed_42\human_annotations_majority_ronde2.csv,data\synthetic\seed_42\ronde2\sample_manifest.json,False
A3_feedback_propagasi,entity,0.6191395763865819,0.8888888888888888,0.5370370370370371,0.6666666666666666,0.553519882179676,0.20253164556962025,0.8919344675488343,0.31372458001007464,0.2674220881863567,583.0,54.0,0.09262435677530018,45,92,0.9154821735683598,24,10,7,1,42,data\synthetic\seed_42\human_annotations_majority_ronde2.csv,data\synthetic\seed_42\ronde2\sample_manifest.json,False
A3_feedback_propagasi,all,0.5758167806987202,0.8888888888888888,0.48148148148148145,0.6296296296296297,0.5332001179283913,0.16608996539792387,0.8871062154108131,0.3326109889435753,0.269616818286996,750.0,54.0,0.072,45,92,0.9154821735683598,24,10,7,1,42,data\synthetic\seed_42\human_annotations_majority_ronde2.csv,data\synthetic\seed_42\ronde2\sample_manifest.json,False
A3_feedback_propagasi,entity,0.5871404203342896,0.8703703703703703,0.5185185185185185,0.6296296296296297,0.5205735474417631,0.18076923076923077,0.8690401176223482,0.3384512500673929,0.29122764726966927,583.0,54.0,0.09262435677530018,46,73,0.9058843001013587,24,10,7,1,42,data\synthetic\seed_42\human_annotations_majority_ronde2.csv,data\synthetic\seed_42\ronde2\sample_manifest.json,False
A3_feedback_propagasi,all,0.48599074151975397,0.8703703703703703,0.4444444444444444,0.5740740740740741,0.5084858472836615,0.15064102564102563,0.856215410813112,0.3761267207035969,0.3021454087631034,750.0,54.0,0.072,46,73,0.9058843001013587,24,10,7,1,42,data\synthetic\seed_42\human_annotations_majority_ronde2.csv,data\synthetic\seed_42\ronde2\sample_manifest.json,False
A3_feedback_propagasi,entity,0.6155091482368957,0.8703703703703703,0.5370370370370371,0.6481481481481481,0.5628910029022896,0.2079646017699115,0.8839879577119654,0.2898602684833005,0.24612407273706008,583.0,54.0,0.09262435677530018,47,97,0.9116879427297472,24,10,7,1,42,data\synthetic\seed_42\human_annotations_majority_ronde2.csv,data\synthetic\seed_42\ronde2\sample_manifest.json,False
A3_feedback_propagasi,all,0.5640002896939056,0.8703703703703703,0.46296296296296297,0.6111111111111112,0.5129858285564195,0.15309446254071662,0.8646764580672627,0.3589778384023218,0.2826105632375537,750.0,54.0,0.072,47,97,0.9116879427297472,24,10,7,1,42,data\synthetic\seed_42\human_annotations_majority_ronde2.csv,data\synthetic\seed_42\ronde2\sample_manifest.json,False
A3_feedback_propagasi,entity,0.6602400054202249,0.9074074074074074,0.5555555555555556,0.7407407407407407,0.553013290782074,0.2033195020746888,0.9087376601554296,0.3014313450092201,0.2543951206102388,583.0,54.0,0.09262435677530018,48,100,0.9119926425237972,24,10,7,1,42,data\synthetic\seed_42\human_annotations_majority_ronde2.csv,data\synthetic\seed_42\ronde2\sample_manifest.json,False
A3_feedback_propagasi,all,0.6167593333316501,0.9074074074074074,0.5370370370370371,0.6851851851851852,0.5313655249328477,0.16610169491525423,0.9017401021711368,0.3400718285381389,0.2674618047994741,750.0,54.0,0.072,48,100,0.9119926425237972,24,10,7,1,42,data\synthetic\seed_42\human_annotations_majority_ronde2.csv,data\synthetic\seed_42\ronde2\sample_manifest.json,False
A3_feedback_propagasi,entity,0.5894540893084238,0.8518518518518519,0.46296296296296297,0.6111111111111112,0.5418763121166275,0.19246861924686193,0.8754113281523489,0.3019352483394868,0.2624824072600988,583.0,54.0,0.09262435677530018,49,104,0.9183215417354929,24,10,7,1,42,data\synthetic\seed_42\human_annotations_majority_ronde2.csv,data\synthetic\seed_42\ronde2\sample_manifest.json,False
A3_feedback_propagasi,all,0.5346970366623766,0.8518518518518519,0.46296296296296297,0.5925925925925926,0.5228959838110216,0.15753424657534246,0.8702639421030225,0.3262962675446859,0.26700825136869705,750.0,54.0,0.072,49,104,0.9183215417354929,24,10,7,1,42,data\synthetic\seed_42\human_annotations_majority_ronde2.csv,data\synthetic\seed_42\ronde2\sample_manifest.json,False
A3_feedback_propagasi,entity,0.5934973885144301,0.9259259259259259,0.5185185185185185,0.6296296296296297,0.5436312509499924,0.1984126984126984,0.888748862283834,0.3283252291631298,0.2835617250559994,583.0,54.0,0.09262435677530018,50,108,0.9145177504835552,24,10,7,1,42,data\synthetic\seed_42\human_annotations_majority_ronde2.csv,data\synthetic\seed_42\ronde2\sample_manifest.json,False
A3_feedback_propagasi,all,0.5578681675837557,0.9259259259259259,0.5,0.6111111111111112,0.5138412262640129,0.15723270440251572,0.8810131971051511,0.3847290257101829,0.3082820541883911,750.0,54.0,0.072,50,108,0.9145177504835552,24,10,7,1,42,data\synthetic\seed_42\human_annotations_majority_ronde2.csv,data\synthetic\seed_42\ronde2\sample_manifest.json,False
A3_feedback_propagasi,entity,0.6230492200235072,0.8888888888888888,0.5185185185185185,0.6666666666666666,0.5598776223776224,0.20689655172413793,0.8942449065322411,0.2916555086923269,0.25734393835683383,583.0,54.0,0.09262435677530018,51,115,0.9101451352396362,24,10,7,1,42,data\synthetic\seed_42\human_annotations_majority_ronde2.csv,data\synthetic\seed_42\ronde2\sample_manifest.json,False
A3_feedback_propagasi,all,0.5624781063666648,0.8888888888888888,0.46296296296296297,0.6296296296296297,0.5369417575632847,0.16842105263157894,0.8785387398893145,0.33428348427111665,0.2738998617801382,750.0,54.0,0.072,51,115,0.9101451352396362,24,10,7,1,42,data\synthetic\seed_42\human_annotations_majority_ronde2.csv,data\synthetic\seed_42\ronde2\sample_manifest.json,False
A3_feedback_propagasi,entity,0.6010686890351651,0.8888888888888888,0.46296296296296297,0.6666666666666666,0.5298387096774193,0.1875,0.8784043968353987,0.344955357144624,0.31344500011551213,583.0,54.0,0.09262435677530018,52,161,0.9134825839936894,24,10,7,1,42,data\synthetic\seed_42\human_annotations_majority_ronde2.csv,data\synthetic\seed_42\ronde2\sample_manifest.json,False
A3_feedback_propagasi,all,0.5323877051269117,0.8888888888888888,0.42592592592592593,0.5740740740740741,0.5148171569375695,0.1553398058252427,0.8732838441890166,0.35516344008778566,0.3112245442654498,750.0,54.0,0.072,52,161,0.9134825839936894,24,10,7,1,42,data\synthetic\seed_42\human_annotations_majority_ronde2.csv,data\synthetic\seed_42\ronde2\sample_manifest.json,False
A3_feedback_propagasi,entity,0.6695289928202671,0.9074074074074074,0.5555555555555556,0.7777777777777778,0.5606562163399131,0.20851063829787234,0.9123433452355947,0.3082942951201319,0.2665615019795598,583.0,54.0,0.09262435677530018,53,136,0.9122094429778522,24,10,7,1,42,data\synthetic\seed_42\human_annotations_majority_ronde2.csv,data\synthetic\seed_42\ronde2\sample_manifest.json,False
A3_feedback_propagasi,all,0.5606993600732915,0.9074074074074074,0.48148148148148145,0.7037037037037037,0.5360404763820713,0.16896551724137931,0.8941836951894423,0.34609150941364764,0.28316478039176873,750.0,54.0,0.072,53,136,0.9122094429778522,24,10,7,1,42,data\synthetic\seed_42\human_annotations_majority_ronde2.csv,data\synthetic\seed_42\ronde2\sample_manifest.json,False
A3_feedback_propagasi,entity,0.627355421276253,0.9259259259259259,0.5,0.7407407407407407,0.5423775088827627,0.1976284584980237,0.899250857662956,0.33356167209255927,0.28900183218525727,583.0,54.0,0.09262435677530018,54,142,0.915934227759507,24,10,7,1,42,data\synthetic\seed_42\human_annotations_majority_ronde2.csv,data\synthetic\seed_42\ronde2\sample_manifest.json,False
A3_feedback_propagasi,all,0.5533626308648647,0.9259259259259259,0.48148148148148145,0.6296296296296297,0.5257788335013757,0.16393442622950818,0.8921615581098339,0.3703579408764678,0.29996937353107617,750.0,54.0,0.072,54,142,0.915934227759507,24,10,7,1,42,data\synthetic\seed_42\human_annotations_majority_ronde2.csv,data\synthetic\seed_42\ronde2\sample_manifest.json,False
A3_feedback_propagasi,entity,0.6008014243538192,0.9259259259259259,0.5,0.6666666666666666,0.5311690245718541,0.19083969465648856,0.8885563257018834,0.35082068021469925,0.312817417230465,583.0,54.0,0.09262435677530018,55,100,0.9156930327264572,24,10,7,1,42,data\synthetic\seed_42\human_annotations_majority_ronde2.csv,data\synthetic\seed_42\ronde2\sample_manifest.json,False
A3_feedback_propagasi,all,0.5382674195636865,0.9259259259259259,0.48148148148148145,0.5740740740740741,0.5120202125739687,0.15625,0.878046509152831,0.386103862007695,0.3212627525918447,750.0,54.0,0.072,55,100,0.9156930327264572,24,10,7,1,42,data\synthetic\seed_42\human_annotations_majority_ronde2.csv,data\synthetic\seed_42\ronde2\sample_manifest.json,False
A3_feedback_propagasi,entity,0.5879599834210117,0.9259259259259259,0.48148148148148145,0.7037037037037037,0.5139553429027113,0.18115942028985507,0.8918994608975706,0.36777003983506124,0.3178587475326011,583.0,54.0,0.09262435677530018,56,81,0.9083530444654104,24,10,7,1,42,data\synthetic\seed_42\human_annotations_majority_ronde2.csv,data\synthetic\seed_42\ronde2\sample_manifest.json,False
A3_feedback_propagasi,all,0.5354749699572573,0.9259259259259259,0.4444444444444444,0.6296296296296297,0.5020674392871702,0.1510574018126888,0.8862813963388676,0.39787655727004617,0.3222867488278567,750.0,54.0,0.072,56,81,0.9083530444654104,24,10,7,1,42,data\synthetic\seed_42\human_annotations_majority_ronde2.csv,data\synthetic\seed_42\ronde2\sample_manifest.json,False
A3_feedback_propagasi,entity,0.6004299921354485,0.8703703703703703,0.48148148148148145,0.6111111111111112,0.5315664210506273,0.18725099601593626,0.8794720996989427,0.3311651836554511,0.2970913726973814,583.0,54.0,0.09262435677530018,57,161,0.9203056583751678,24,10,7,1,42,data\synthetic\seed_42\human_annotations_majority_ronde2.csv,data\synthetic\seed_42\ronde2\sample_manifest.json,False
A3_feedback_propagasi,all,0.5205248187334064,0.8703703703703703,0.4444444444444444,0.5370370370370371,0.516604542079299,0.1551155115511551,0.8686143039591315,0.3712922999787579,0.3094500771593434,750.0,54.0,0.072,57,161,0.9203056583751678,24,10,7,1,42,data\synthetic\seed_42\human_annotations_majority_ronde2.csv,data\synthetic\seed_42\ronde2\sample_manifest.json,False
A3_feedback_propagasi,entity,0.6367305012982738,0.9259259259259259,0.5,0.7592592592592593,0.570444271860127,0.21645021645021645,0.9079675138276273,0.29631186802928633,0.24511611437684028,583.0,54.0,0.09262435677530018,58,114,0.9132316617929963,24,10,7,1,42,data\synthetic\seed_42\human_annotations_majority_ronde2.csv,data\synthetic\seed_42\ronde2\sample_manifest.json,False
A3_feedback_propagasi,all,0.5782369799097193,0.9259259259259259,0.4444444444444444,0.6851851851851852,0.5551693998168651,0.18248175182481752,0.9030970625798211,0.3235654768363977,0.24796960513279329,750.0,54.0,0.072,58,114,0.9132316617929963,24,10,7,1,42,data\synthetic\seed_42\human_annotations_majority_ronde2.csv,data\synthetic\seed_42\ronde2\sample_manifest.json,False
A3_feedback_propagasi,entity,0.6104718277701148,0.8703703703703703,0.5185185185185185,0.6481481481481481,0.5426918297607952,0.19421487603305784,0.8914093677798782,0.30984398573645633,0.26753403752709803,583.0,54.0,0.09262435677530018,59,87,0.9115432376873401,24,10,7,1,42,data\synthetic\seed_42\human_annotations_majority_ronde2.csv,data\synthetic\seed_42\ronde2\sample_manifest.json,False
A3_feedback_propagasi,all,0.5702266837112444,0.8703703703703703,0.48148148148148145,0.6111111111111112,0.5193303162067027,0.15666666666666668,0.8811462324393359,0.3526579127848819,0.2835941145698918,750.0,54.0,0.072,59,87,0.9115432376873401,24,10,7,1,42,data\synthetic\seed_42\human_annotations_majority_ronde2.csv,data\synthetic\seed_42\ronde2\sample_manifest.json,False
A3_feedback_propagasi,entity,0.5640633450697743,0.8703703703703703,0.46296296296296297,0.6851851851851852,0.5426918297607952,0.19421487603305784,0.8751662815935027,0.32181184113156763,0.29500285213110095,583.0,54.0,0.09262435677530018,60,191,0.9149643076825912,24,10,7,1,42,data\synthetic\seed_42\human_annotations_majority_ronde2.csv,data\synthetic\seed_42\ronde2\sample_manifest.json,False
A3_feedback_propagasi,all,0.47273434102224837,0.8703703703703703,0.42592592592592593,0.5370370370370371,0.5202412501142283,0.15719063545150502,0.8566943380161771,0.36362661533592977,0.3082989658143605,750.0,54.0,0.072,60,191,0.9149643076825912,24,10,7,1,42,data\synthetic\seed_42\human_annotations_majority_ronde2.csv,data\synthetic\seed_42\ronde2\sample_manifest.json,False
A3_feedback_propagasi,entity,0.6283814990807972,0.8888888888888888,0.5185185185185185,0.7037037037037037,0.5560557578722682,0.20425531914893616,0.8942799131835049,0.3056104098443211,0.2545458335530038,583.0,54.0,0.09262435677530018,61,88,0.9130605034648469,24,10,7,1,42,data\synthetic\seed_42\human_annotations_majority_ronde2.csv,data\synthetic\seed_42\ronde2\sample_manifest.json,False
A3_feedback_propagasi,all,0.5890080211248804,0.8888888888888888,0.48148148148148145,0.6481481481481481,0.45468041559321004,0.1273209549071618,0.8812526607066836,0.37201054502338626,0.287636282374278,750.0,54.0,0.072,61,88,0.9130605034648469,24,10,7,1,42,data\synthetic\seed_42\human_annotations_majority_ronde2.csv,data\synthetic\seed_42\ronde2\sample_manifest.json,False
A2_feedback_langsung,entity,0.6689790284077921,0.8703703703703703,0.5370370370370371,0.7407407407407407,0.5501968193985198,0.19915254237288135,0.9013162500875167,0.299636645924323,0.25053937036399626,583.0,54.0,0.09262435677530018,42,126,0.917908762395659,19,25,19,5,42,data\synthetic\seed_42\human_annotations_majority_ronde2.csv,data\synthetic\seed_42\ronde2\sample_manifest.json,False
A2_feedback_langsung,all,0.5783969619199008,0.8703703703703703,0.48148148148148145,0.6111111111111112,0.5211533892936332,0.15771812080536912,0.882716049382716,0.34786641777154104,0.27678313884708017,750.0,54.0,0.072,42,126,0.917908762395659,19,25,19,5,42,data\synthetic\seed_42\human_annotations_majority_ronde2.csv,data\synthetic\seed_42\ronde2\sample_manifest.json,False
A2_feedback_langsung,entity,0.6543937107432822,0.8703703703703703,0.5740740740740741,0.7037037037037037,0.5680426640612278,0.21171171171171171,0.8873485962332843,0.27920297868705635,0.23859098170974263,583.0,54.0,0.09262435677530018,43,108,0.91941304201955,19,25,19,5,42,data\synthetic\seed_42\human_annotations_majority_ronde2.csv,data\synthetic\seed_42\ronde2\sample_manifest.json,False
A2_feedback_langsung,all,0.6106485033686805,0.8703703703703703,0.5185185185185185,0.6481481481481481,0.5491885393708675,0.17537313432835822,0.8741751809280545,0.3047673610694401,0.2449536457243742,750.0,54.0,0.072,43,108,0.91941304201955,19,25,19,5,42,data\synthetic\seed_42\human_annotations_majority_ronde2.csv,data\synthetic\seed_42\ronde2\sample_manifest.json,False
A2_feedback_langsung,entity,0.6363457668064881,0.8888888888888888,0.5370370370370371,0.6481481481481481,0.5522554151907464,0.20168067226890757,0.8943849331372962,0.3116541935174759,0.26881600787923926,583.0,54.0,0.09262435677530018,44,104,0.9194662942306684,19,25,19,5,42,data\synthetic\seed_42\human_annotations_majority_ronde2.csv,data\synthetic\seed_42\ronde2\sample_manifest.json,False
A2_feedback_langsung,all,0.5721286230310813,0.8888888888888888,0.5,0.6111111111111112,0.5341332606126716,0.16666666666666666,0.8815453384418901,0.347844706894634,0.2801661701376246,750.0,54.0,0.072,44,104,0.9194662942306684,19,25,19,5,42,data\synthetic\seed_42\human_annotations_majority_ronde2.csv,data\synthetic\seed_42\ronde2\sample_manifest.json,False
A2_feedback_langsung,entity,0.6233365331454672,0.9074074074074074,0.5185185185185185,0.6296296296296297,0.5441961000735835,0.1975806451612903,0.8896240285654275,0.3164358384231051,0.2746203345640493,583.0,54.0,0.09262435677530018,45,89,0.9191205129055805,19,25,19,5,42,data\synthetic\seed_42\human_annotations_majority_ronde2.csv,data\synthetic\seed_42\ronde2\sample_manifest.json,False
A2_feedback_langsung,all,0.5623238253806891,0.9074074074074074,0.5,0.5740740740740741,0.5248782116759645,0.16225165562913907,0.8818646232439337,0.3297301841289684,0.2776597351473065,750.0,54.0,0.072,45,89,0.9191205129055805,19,25,19,5,42,data\synthetic\seed_42\human_annotations_majority_ronde2.csv,data\synthetic\seed_42\ronde2\sample_manifest.json,False
A2_feedback_langsung,entity,0.6122727834029165,0.8148148148148148,0.5555555555555556,0.6481481481481481,0.5563238519197408,0.2,0.8788419799761955,0.27858982092986234,0.24239380682527925,583.0,54.0,0.09262435677530018,46,104,0.9149652665817037,19,25,19,5,42,data\synthetic\seed_42\human_annotations_majority_ronde2.csv,data\synthetic\seed_42\ronde2\sample_manifest.json,False
A2_feedback_langsung,all,0.48541624148978835,0.8148148148148148,0.4444444444444444,0.6111111111111112,0.5363928337511278,0.16356877323420074,0.85789165602384,0.31719897429868105,0.2560782215692076,750.0,54.0,0.072,46,104,0.9149652665817037,19,25,19,5,42,data\synthetic\seed_42\human_annotations_majority_ronde2.csv,data\synthetic\seed_42\ronde2\sample_manifest.json,False
A2_feedback_langsung,entity,0.6405532086763042,0.9074074074074074,0.5555555555555556,0.6481481481481481,0.553013290782074,0.2033195020746888,0.8946299796961422,0.3107909825446157,0.26715333087016596,583.0,54.0,0.09262435677530018,47,152,0.9211951035320141,19,25,19,5,42,data\synthetic\seed_42\human_annotations_majority_ronde2.csv,data\synthetic\seed_42\ronde2\sample_manifest.json,False
A2_feedback_langsung,all,0.5238063840905536,0.9074074074074074,0.48148148148148145,0.5925925925925926,0.5313655249328477,0.16610169491525423,0.8803480204342273,0.35468570839857205,0.2853775651854914,750.0,54.0,0.072,47,152,0.9211951035320141,19,25,19,5,42,data\synthetic\seed_42\human_annotations_majority_ronde2.csv,data\synthetic\seed_42\ronde2\sample_manifest.json,False
A2_feedback_langsung,entity,0.6393402542240143,0.8703703703703703,0.5370370370370371,0.6666666666666666,0.5489405989199804,0.19831223628691982,0.8872435762794931,0.3055644648031245,0.2578785296701231,583.0,54.0,0.09262435677530018,48,92,0.9150139886964193,19,25,19,5,42,data\synthetic\seed_42\human_annotations_majority_ronde2.csv,data\synthetic\seed_42\ronde2\sample_manifest.json,False
A2_feedback_langsung,all,0.601769123611835,0.8703703703703703,0.48148148148148145,0.6481481481481481,0.5248144157088123,0.1598639455782313,0.8762239250744999,0.3432238338415703,0.2709856217678937,750.0,54.0,0.072,48,92,0.9150139886964193,19,25,19,5,42,data\synthetic\seed_42\human_annotations_majority_ronde2.csv,data\synthetic\seed_42\ronde2\sample_manifest.json,False
A2_feedback_langsung,entity,0.6267186041996936,0.8703703703703703,0.5555555555555556,0.6666666666666666,0.5603318250377074,0.20614035087719298,0.8962402856542744,0.2956844806513667,0.24746397934355832,583.0,54.0,0.09262435677530018,49,81,0.9198528652878113,19,25,19,5,42,data\synthetic\seed_42\human_annotations_majority_ronde2.csv,data\synthetic\seed_42\ronde2\sample_manifest.json,False
A2_feedback_langsung,all,0.5497048348230941,0.8703703703703703,0.46296296296296297,0.5925925925925926,0.5359290623465881,0.16666666666666666,0.8885962111536824,0.3239889971998112,0.2576774646914058,750.0,54.0,0.072,49,81,0.9198528652878113,19,25,19,5,42,data\synthetic\seed_42\human_annotations_majority_ronde2.csv,data\synthetic\seed_42\ronde2\sample_manifest.json,False
A2_feedback_langsung,entity,0.6126576780924108,0.9259259259259259,0.5370370370370371,0.6851851851851852,0.5613930597786904,0.21008403361344538,0.889939088426801,0.29962051903968034,0.25630440253763737,583.0,54.0,0.09262435677530018,50,108,0.9136425566819482,19,25,19,5,42,data\synthetic\seed_42\human_annotations_majority_ronde2.csv,data\synthetic\seed_42\ronde2\sample_manifest.json,False
A2_feedback_langsung,all,0.5192274665452821,0.9259259259259259,0.4444444444444444,0.5740740740740741,0.5165800464370691,0.15873015873015872,0.873350361856109,0.3620382777456572,0.2883566452300254,750.0,54.0,0.072,50,108,0.9136425566819482,19,25,19,5,42,data\synthetic\seed_42\human_annotations_majority_ronde2.csv,data\synthetic\seed_42\ronde2\sample_manifest.json,False
A2_feedback_langsung,entity,0.6247474178377241,0.8703703703703703,0.5740740740740741,0.6111111111111112,0.5426918297607952,0.19421487603305784,0.880784849121333,0.3157684881823074,0.278345987451096,583.0,54.0,0.09262435677530018,51,89,0.9161464277770577,19,25,19,5,42,data\synthetic\seed_42\human_annotations_majority_ronde2.csv,data\synthetic\seed_42\ronde2\sample_manifest.json,False
A2_feedback_langsung,all,0.573869660868342,0.8703703703703703,0.5185185185185185,0.5925925925925926,0.5220667544427335,0.15824915824915825,0.8698515325670497,0.33796454995087266,0.28335737090488405,750.0,54.0,0.072,51,89,0.9161464277770577,19,25,19,5,42,data\synthetic\seed_42\human_annotations_majority_ronde2.csv,data\synthetic\seed_42\ronde2\sample_manifest.json,False
A2_feedback_langsung,entity,0.6321314578629192,0.9074074074074074,0.5185185185185185,0.6666666666666666,0.5479626436449063,0.2,0.895470139326472,0.32160773600237325,0.2791689395748343,583.0,54.0,0.09262435677530018,52,118,0.9143761049475387,19,25,19,5,42,data\synthetic\seed_42\human_annotations_majority_ronde2.csv,data\synthetic\seed_42\ronde2\sample_manifest.json,False
A2_feedback_langsung,all,0.5704721792106465,0.9074074074074074,0.5,0.5740740740740741,0.5304347826086957,0.16554054054054054,0.8905385270327799,0.3350483010143891,0.28161049348139433,750.0,54.0,0.072,52,118,0.9143761049475387,19,25,19,5,42,data\synthetic\seed_42\human_annotations_majority_ronde2.csv,data\synthetic\seed_42\ronde2\sample_manifest.json,False
A2_feedback_langsung,entity,0.6460466879918917,0.9444444444444444,0.5740740740740741,0.7222222222222222,0.5206429361429652,0.18613138686131386,0.8974305117972414,0.36922376664096235,0.32349314765075693,583.0,54.0,0.09262435677530018,53,139,0.9155519383246146,19,25,19,5,42,data\synthetic\seed_42\human_annotations_majority_ronde2.csv,data\synthetic\seed_42\ronde2\sample_manifest.json,False
A2_feedback_langsung,all,0.506461616240058,0.9444444444444444,0.46296296296296297,0.6296296296296297,0.5064684139784946,0.15454545454545454,0.881093018305662,0.3992202398617536,0.3329602834125482,750.0,54.0,0.072,53,139,0.9155519383246146,19,25,19,5,42,data\synthetic\seed_42\human_annotations_majority_ronde2.csv,data\synthetic\seed_42\ronde2\sample_manifest.json,False
A2_feedback_langsung,entity,0.6102245792900239,0.9074074074074074,0.5555555555555556,0.6111111111111112,0.5367132867132867,0.19291338582677164,0.884303017573339,0.3347740270728908,0.29551221211544443,583.0,54.0,0.09262435677530018,54,150,0.9184367387226317,19,25,19,5,42,data\synthetic\seed_42\human_annotations_majority_ronde2.csv,data\synthetic\seed_42\ronde2\sample_manifest.json,False
A2_feedback_langsung,all,0.5322971207986411,0.9074074074074074,0.48148148148148145,0.5925925925925926,0.5211988304093567,0.16013071895424835,0.8801085568326948,0.3629040669755047,0.300466390005357,750.0,54.0,0.072,54,150,0.9184367387226317,19,25,19,5,42,data\synthetic\seed_42\human_annotations_majority_ronde2.csv,data\synthetic\seed_42\ronde2\sample_manifest.json,False
A2_feedback_langsung,entity,0.615878597141941,0.9259259259259259,0.5185185185185185,0.6111111111111112,0.5311690245718541,0.19083969465648856,0.8842330042708115,0.3447708144350562,0.30747438193980564,583.0,54.0,0.09262435677530018,55,100,0.9209576544881051,19,25,19,5,42,data\synthetic\seed_42\human_annotations_majority_ronde2.csv,data\synthetic\seed_42\ronde2\sample_manifest.json,False
A2_feedback_langsung,all,0.5511001254695834,0.9259259259259259,0.46296296296296297,0.5740740740740741,0.5138412262640129,0.15723270440251572,0.8725521498510005,0.3735943093926568,0.3126229807300787,750.0,54.0,0.072,55,100,0.9209576544881051,19,25,19,5,42,data\synthetic\seed_42\human_annotations_majority_ronde2.csv,data\synthetic\seed_42\ronde2\sample_manifest.json,False
A2_feedback_langsung,entity,0.6024883170253332,0.8703703703703703,0.5,0.6481481481481481,0.5603318250377074,0.20614035087719298,0.8769866274592173,0.2904620098862888,0.26521370260354354,583.0,54.0,0.09262435677530018,56,172,0.9183566441642433,19,25,19,5,42,data\synthetic\seed_42\human_annotations_majority_ronde2.csv,data\synthetic\seed_42\ronde2\sample_manifest.json,False
A2_feedback_langsung,all,0.5257363336267572,0.8703703703703703,0.4444444444444444,0.6111111111111112,0.545364283400048,0.17279411764705882,0.861749680715198,0.3175592461175468,0.2681916565199829,750.0,54.0,0.072,56,172,0.9183566441642433,19,25,19,5,42,data\synthetic\seed_42\human_annotations_majority_ronde2.csv,data\synthetic\seed_42\ronde2\sample_manifest.json,False
A2_feedback_langsung,entity,0.6284757067335741,0.8518518518518519,0.5185185185185185,0.6296296296296297,0.5259081927344581,0.18253968253968253,0.8874186095358119,0.33175268267493035,0.2972935557652316,583.0,54.0,0.09262435677530018,57,156,0.9202665594337185,19,25,19,5,42,data\synthetic\seed_42\human_annotations_majority_ronde2.csv,data\synthetic\seed_42\ronde2\sample_manifest.json,False
A2_feedback_langsung,all,0.5489514961256962,0.8518518518518519,0.48148148148148145,0.5555555555555556,0.5120292733516618,0.1513157894736842,0.8739623243933589,0.3717987939007023,0.30828772202543836,750.0,54.0,0.072,57,156,0.9202665594337185,19,25,19,5,42,data\synthetic\seed_42\human_annotations_majority_ronde2.csv,data\synthetic\seed_42\ronde2\sample_manifest.json,False
A2_feedback_langsung,entity,0.6282729699511512,0.8703703703703703,0.5185185185185185,0.6481481481481481,0.5628910029022896,0.2079646017699115,0.8949800462087797,0.28918967365127446,0.2571764198477325,583.0,54.0,0.09262435677530018,58,144,0.9203610853766543,19,25,19,5,42,data\synthetic\seed_42\human_annotations_majority_ronde2.csv,data\synthetic\seed_42\ronde2\sample_manifest.json,False
A2_feedback_langsung,all,0.5522701874550916,0.8703703703703703,0.48148148148148145,0.5925925925925926,0.5482296124638649,0.17472118959107807,0.8896338867603235,0.30374991962637715,0.2531754915836807,750.0,54.0,0.072,58,144,0.9203610853766543,19,25,19,5,42,data\synthetic\seed_42\human_annotations_majority_ronde2.csv,data\synthetic\seed_42\ronde2\sample_manifest.json,False
A2_feedback_langsung,entity,0.6350244695546445,0.8703703703703703,0.5185185185185185,0.6666666666666666,0.5439374185136897,0.1950207468879668,0.8910417979416089,0.3119296950932432,0.2805321556131502,583.0,54.0,0.09262435677530018,59,102,0.9169768460940676,19,25,19,5,42,data\synthetic\seed_42\human_annotations_majority_ronde2.csv,data\synthetic\seed_42\ronde2\sample_manifest.json,False
A2_feedback_langsung,all,0.5914076296587298,0.8703703703703703,0.5,0.6481481481481481,0.5229813664596273,0.15878378378378377,0.8779666879523201,0.3432481334922632,0.28895771067402853,750.0,54.0,0.072,59,102,0.9169768460940676,19,25,19,5,42,data\synthetic\seed_42\human_annotations_majority_ronde2.csv,data\synthetic\seed_42\ronde2\sample_manifest.json,False
A2_feedback_langsung,entity,0.5866181732811888,0.8703703703703703,0.5,0.6111111111111112,0.578491174417445,0.21962616822429906,0.8707904501855352,0.26989055884512286,0.22736665790517324,583.0,54.0,0.09262435677530018,60,83,0.91258148562525,19,25,19,5,42,data\synthetic\seed_42\human_annotations_majority_ronde2.csv,data\synthetic\seed_42\ronde2\sample_manifest.json,False
A2_feedback_langsung,all,0.4972781381979654,0.8703703703703703,0.4444444444444444,0.5740740740740741,0.5415695415695416,0.17028985507246377,0.8458918688803746,0.3375404059265484,0.26347789027833174,750.0,54.0,0.072,60,83,0.91258148562525,19,25,19,5,42,data\synthetic\seed_42\human_annotations_majority_ronde2.csv,data\synthetic\seed_42\ronde2\sample_manifest.json,False
A2_feedback_langsung,entity,0.6569513045997754,0.8703703703703703,0.5555555555555556,0.6851851851851852,0.5439374185136897,0.1950207468879668,0.8955751592802632,0.3214826904784345,0.27251655961402665,583.0,54.0,0.09262435677530018,61,103,0.9170184025139018,19,25,19,5,42,data\synthetic\seed_42\human_annotations_majority_ronde2.csv,data\synthetic\seed_42\ronde2\sample_manifest.json,False
A2_feedback_langsung,all,0.5967153298827977,0.8703703703703703,0.5370370370370371,0.6666666666666666,0.5184205670705455,0.15614617940199335,0.8809067688378033,0.3745789892890135,0.2944859625386661,750.0,54.0,0.072,61,103,0.9170184025139018,19,25,19,5,42,data\synthetic\seed_42\human_annotations_majority_ronde2.csv,data\synthetic\seed_42\ronde2\sample_manifest.json,False
A3_feedback_propagasi,entity,0.6276738010777262,0.9074074074074074,0.5185185185185185,0.6851851851851852,0.5379560355386348,0.19367588932806323,0.8870335363719107,0.32260123691911624,0.27119924868250905,583.0,54.0,0.09262435677530018,42,107,0.9083406515091769,59,25,19,5,42,data\synthetic\seed_42\human_annotations_majority_ronde2.csv,data\synthetic\seed_42\ronde2\sample_manifest.json,False
A3_feedback_propagasi,all,0.5843586094603602,0.9074074074074074,0.48148148148148145,0.6111111111111112,0.506653668509124,0.15217391304347827,0.8766230310770541,0.3752074515609588,0.2950142046681477,750.0,54.0,0.072,42,107,0.9083406515091769,59,25,19,5,42,data\synthetic\seed_42\human_annotations_majority_ronde2.csv,data\synthetic\seed_42\ronde2\sample_manifest.json,False
A3_feedback_propagasi,entity,0.5993111239768121,0.8703703703703703,0.5,0.7037037037037037,0.5451850464956625,0.19583333333333333,0.8758314079675138,0.31087067127273793,0.2684597436753945,583.0,54.0,0.09262435677530018,43,84,0.9113838416028738,59,25,19,5,42,data\synthetic\seed_42\human_annotations_majority_ronde2.csv,data\synthetic\seed_42\ronde2\sample_manifest.json,False
A3_feedback_propagasi,all,0.563380456519778,0.8703703703703703,0.46296296296296297,0.5925925925925926,0.5275738753999624,0.16151202749140894,0.8704235845040443,0.33603757053562505,0.2691230570721041,750.0,54.0,0.072,43,84,0.9113838416028738,59,25,19,5,42,data\synthetic\seed_42\human_annotations_majority_ronde2.csv,data\synthetic\seed_42\ronde2\sample_manifest.json,False
A3_feedback_propagasi,entity,0.6331664174801814,0.8703703703703703,0.5185185185185185,0.6851851851851852,0.5451850464956625,0.19583333333333333,0.897360498494714,0.3070933184781738,0.269005809705862,583.0,54.0,0.09262435677530018,44,133,0.9134677742208409,59,25,19,5,42,data\synthetic\seed_42\human_annotations_majority_ronde2.csv,data\synthetic\seed_42\ronde2\sample_manifest.json,False
A3_feedback_propagasi,all,0.5689309090469752,0.8703703703703703,0.48148148148148145,0.6666666666666666,0.5248144157088123,0.1598639455782313,0.888835674755215,0.33922036115070664,0.27799014985889287,750.0,54.0,0.072,44,133,0.9134677742208409,59,25,19,5,42,data\synthetic\seed_42\human_annotations_majority_ronde2.csv,data\synthetic\seed_42\ronde2\sample_manifest.json,False
A3_feedback_propagasi,entity,0.6201812898420509,0.9074074074074074,0.5185185185185185,0.7407407407407407,0.563223174893865,0.21030042918454936,0.8961702723517468,0.2954787894259755,0.2517452459491927,583.0,54.0,0.09262435677530018,45,93,0.9078765279954377,59,25,19,5,42,data\synthetic\seed_42\human_annotations_majority_ronde2.csv,data\synthetic\seed_42\ronde2\sample_manifest.json,False
A3_feedback_propagasi,all,0.5660095253889753,0.9074074074074074,0.46296296296296297,0.6296296296296297,0.5388632631528343,0.17073170731707318,0.8917890591741167,0.31283168502107117,0.2575500082255577,750.0,54.0,0.072,45,93,0.9078765279954377,59,25,19,5,42,data\synthetic\seed_42\human_annotations_majority_ronde2.csv,data\synthetic\seed_42\ronde2\sample_manifest.json,False
A3_feedback_propagasi,entity,0.5856879084197615,0.8518518518518519,0.5,0.6666666666666666,0.534468991216396,0.18775510204081633,0.8751312749422391,0.31621782974276313,0.27706272582612745,583.0,54.0,0.09262435677530018,46,104,0.9076684872351299,59,25,19,5,42,data\synthetic\seed_42\human_annotations_majority_ronde2.csv,data\synthetic\seed_42\ronde2\sample_manifest.json,False
A3_feedback_propagasi,all,0.5032291974198457,0.8518518518518519,0.4444444444444444,0.5925925925925926,0.5210727969348659,0.1564625850340136,0.8607652192422307,0.34840356867471234,0.28358583729982223,750.0,54.0,0.072,46,104,0.9076684872351299,59,25,19,5,42,data\synthetic\seed_42\human_annotations_majority_ronde2.csv,data\synthetic\seed_42\ronde2\sample_manifest.json,False
A3_feedback_propagasi,entity,0.6109832674239865,0.9074074074074074,0.5370370370370371,0.6296296296296297,0.563223174893865,0.21030042918454936,0.8792270531400966,0.29788594809068647,0.2516514714635656,583.0,54.0,0.09262435677530018,47,98,0.9107074049577121,59,25,19,5,42,data\synthetic\seed_42\human_annotations_majority_ronde2.csv,data\synthetic\seed_42\ronde2\sample_manifest.json,False
A3_feedback_propagasi,all,0.5626332330285813,0.9074074074074074,0.5,0.5925925925925926,0.4816885885668859,0.14,0.8640112813963389,0.3681309893614565,0.2893211659386652,750.0,54.0,0.072,47,98,0.9107074049577121,59,25,19,5,42,data\synthetic\seed_42\human_annotations_majority_ronde2.csv,data\synthetic\seed_42\ronde2\sample_manifest.json,False
A3_feedback_propagasi,entity,0.5770615191605508,0.8333333333333334,0.46296296296296297,0.6296296296296297,0.5472250433120258,0.19480519480519481,0.8751312749422391,0.2933801467340429,0.25086173388029087,583.0,54.0,0.09262435677530018,48,92,0.9127491063611025,59,25,19,5,42,data\synthetic\seed_42\human_annotations_majority_ronde2.csv,data\synthetic\seed_42\ronde2\sample_manifest.json,False
A3_feedback_propagasi,all,0.5455821578837328,0.8333333333333334,0.46296296296296297,0.5925925925925926,0.5264235301306663,0.15845070422535212,0.8649691358024691,0.3363685101019916,0.26367470607576476,750.0,54.0,0.072,48,92,0.9127491063611025,59,25,19,5,42,data\synthetic\seed_42\human_annotations_majority_ronde2.csv,data\synthetic\seed_42\ronde2\sample_manifest.json,False
A3_feedback_propagasi,entity,0.5872279645481359,0.8518518518518519,0.5,0.6111111111111112,0.5632958801498127,0.2072072072072072,0.8779668136946019,0.28378207938574623,0.2381151540951574,583.0,54.0,0.09262435677530018,49,81,0.9173530304287189,59,25,19,5,42,data\synthetic\seed_42\human_annotations_majority_ronde2.csv,data\synthetic\seed_42\ronde2\sample_manifest.json,False
A3_feedback_propagasi,all,0.5357838432812196,0.8518518518518519,0.48148148148148145,0.5740740740740741,0.5423895253682488,0.16974169741697417,0.8719135802469137,0.3088122962747385,0.2432430376885155,750.0,54.0,0.072,49,81,0.9173530304287189,59,25,19,5,42,data\synthetic\seed_42\human_annotations_majority_ronde2.csv,data\synthetic\seed_42\ronde2\sample_manifest.json,False
A3_feedback_propagasi,entity,0.5609830505041249,0.8888888888888888,0.5185185185185185,0.6111111111111112,0.5447143784987474,0.19672131147540983,0.8669397185465239,0.31954558972791064,0.2846178979172624,583.0,54.0,0.09262435677530018,50,129,0.9120469280328608,59,25,19,5,42,data\synthetic\seed_42\human_annotations_majority_ronde2.csv,data\synthetic\seed_42\ronde2\sample_manifest.json,False
A3_feedback_propagasi,all,0.514787740553945,0.8888888888888888,0.4444444444444444,0.5555555555555556,0.5257860793108835,0.16161616161616163,0.8564282673478076,0.36787830136362,0.30166052842127716,750.0,54.0,0.072,50,129,0.9120469280328608,59,25,19,5,42,data\synthetic\seed_42\human_annotations_majority_ronde2.csv,data\synthetic\seed_42\ronde2\sample_manifest.json,False
A3_feedback_propagasi,entity,0.6053031014731445,0.8703703703703703,0.5185185185185185,0.6296296296296297,0.5476865928967743,0.19747899159663865,0.8774067072743822,0.3097727697380542,0.27157958606657645,583.0,54.0,0.09262435677530018,51,89,0.909965666599582,59,25,19,5,42,data\synthetic\seed_42\human_annotations_majority_ronde2.csv,data\synthetic\seed_42\ronde2\sample_manifest.json,False
A3_feedback_propagasi,all,0.5601370510459066,0.8703703703703703,0.48148148148148145,0.5925925925925926,0.5266527083479428,0.16095890410958905,0.8648094934014474,0.3427084446559014,0.2800676227072468,750.0,54.0,0.072,51,89,0.909965666599582,59,25,19,5,42,data\synthetic\seed_42\human_annotations_majority_ronde2.csv,data\synthetic\seed_42\ronde2\sample_manifest.json,False
A3_feedback_propagasi,entity,0.6130929054141264,0.9074074074074074,0.5370370370370371,0.6296296296296297,0.5342327404280977,0.19140625,0.8865084366029545,0.33350394457413157,0.2902795767958082,583.0,54.0,0.09262435677530018,52,119,0.9064701134928518,59,25,19,5,42,data\synthetic\seed_42\human_annotations_majority_ronde2.csv,data\synthetic\seed_42\ronde2\sample_manifest.json,False
A3_feedback_propagasi,all,0.5295072052146452,0.9074074074074074,0.46296296296296297,0.6111111111111112,0.5184514853500222,0.15857605177993528,0.8801883780332056,0.344907313974008,0.291633293650106,750.0,54.0,0.072,52,119,0.9064701134928518,59,25,19,5,42,data\synthetic\seed_42\human_annotations_majority_ronde2.csv,data\synthetic\seed_42\ronde2\sample_manifest.json,False
A3_feedback_propagasi,entity,0.6077354850466056,0.8703703703703703,0.5185185185185185,0.6851851851851852,0.5402066000680419,0.19262295081967212,0.8899040817755374,0.32391392028315813,0.2775224521774558,583.0,54.0,0.09262435677530018,53,121,0.9111274035630904,59,25,19,5,42,data\synthetic\seed_42\human_annotations_majority_ronde2.csv,data\synthetic\seed_42\ronde2\sample_manifest.json,False
A3_feedback_propagasi,all,0.4777232791318751,0.8703703703703703,0.4444444444444444,0.5740740740740741,0.5193303162067027,0.15666666666666668,0.8684014474244359,0.3713804899868521,0.30021765053541116,750.0,54.0,0.072,53,121,0.9111274035630904,59,25,19,5,42,data\synthetic\seed_42\human_annotations_majority_ronde2.csv,data\synthetic\seed_42\ronde2\sample_manifest.json,False
A3_feedback_propagasi,entity,0.5747078538492656,0.9259259259259259,0.5,0.6296296296296297,0.5348909505635063,0.19305019305019305,0.8803472659805364,0.3376467242374428,0.29978444110237096,583.0,54.0,0.09262435677530018,54,159,0.9160605667766705,59,25,19,5,42,data\synthetic\seed_42\human_annotations_majority_ronde2.csv,data\synthetic\seed_42\ronde2\sample_manifest.json,False
A3_feedback_propagasi,all,0.5338157748426772,0.9259259259259259,0.42592592592592593,0.5925925925925926,0.5211654542640458,0.16129032258064516,0.8807471264367817,0.3517747903166294,0.29702490248789265,750.0,54.0,0.072,54,159,0.9160605667766705,59,25,19,5,42,data\synthetic\seed_42\human_annotations_majority_ronde2.csv,data\synthetic\seed_42\ronde2\sample_manifest.json,False
A3_feedback_propagasi,entity,0.5958151462967705,0.9259259259259259,0.5,0.6296296296296297,0.5474035236663874,0.20080321285140562,0.8885038157249878,0.32353581485239813,0.28429691495536064,583.0,54.0,0.09262435677530018,55,100,0.9165645065513384,59,25,19,5,42,data\synthetic\seed_42\human_annotations_majority_ronde2.csv,data\synthetic\seed_42\ronde2\sample_manifest.json,False
A3_feedback_propagasi,all,0.5119361328743531,0.9259259259259259,0.46296296296296297,0.5555555555555556,0.5248538011695907,0.16339869281045752,0.8761707109408259,0.3562245379908534,0.2947061824269959,750.0,54.0,0.072,55,100,0.9165645065513384,59,25,19,5,42,data\synthetic\seed_42\human_annotations_majority_ronde2.csv,data\synthetic\seed_42\ronde2\sample_manifest.json,False
A3_feedback_propagasi,entity,0.5962298540091083,0.8888888888888888,0.5,0.6666666666666666,0.5323010323010323,0.1889763779527559,0.8777917804382833,0.3403050886217758,0.29957307916216225,583.0,54.0,0.09262435677530018,56,96,0.9098237004440126,59,25,19,5,42,data\synthetic\seed_42\human_annotations_majority_ronde2.csv,data\synthetic\seed_42\ronde2\sample_manifest.json,False
A3_feedback_propagasi,all,0.5460755391771039,0.8888888888888888,0.48148148148148145,0.6481481481481481,0.5166338747844612,0.1563517915309446,0.8686675180928054,0.37396532389048665,0.30481843794070035,750.0,54.0,0.072,56,96,0.9098237004440126,59,25,19,5,42,data\synthetic\seed_42\human_annotations_majority_ronde2.csv,data\synthetic\seed_42\ronde2\sample_manifest.json,False
A3_feedback_propagasi,entity,0.5981612406809312,0.8888888888888888,0.48148148148148145,0.6481481481481481,0.5484753546478818,0.1991701244813278,0.8829377581740531,0.2971637468827241,0.259738552356864,583.0,54.0,0.09262435677530018,57,117,0.914851773900883,59,25,19,5,42,data\synthetic\seed_42\human_annotations_majority_ronde2.csv,data\synthetic\seed_42\ronde2\sample_manifest.json,False
A3_feedback_propagasi,all,0.5381071651799016,0.8888888888888888,0.42592592592592593,0.5740740740740741,0.5267080745341615,0.16216216216216217,0.8682151979565773,0.33312017325739224,0.2711279643659971,750.0,54.0,0.072,57,117,0.914851773900883,59,25,19,5,42,data\synthetic\seed_42\human_annotations_majority_ronde2.csv,data\synthetic\seed_42\ronde2\sample_manifest.json,False
A3_feedback_propagasi,entity,0.6082726324499408,0.9259259259259259,0.5,0.7037037037037037,0.5639663045189733,0.211864406779661,0.9011762234824616,0.31272445018123773,0.2619044506985215,583.0,54.0,0.09262435677530018,58,112,0.9109561192009925,59,25,19,5,42,data\synthetic\seed_42\human_annotations_majority_ronde2.csv,data\synthetic\seed_42\ronde2\sample_manifest.json,False
A3_feedback_propagasi,all,0.5497542291105868,0.9259259259259259,0.4444444444444444,0.6111111111111112,0.5483953622445712,0.17793594306049823,0.8997977862920392,0.33451251927999237,0.2613714837218736,750.0,54.0,0.072,58,112,0.9109561192009925,59,25,19,5,42,data\synthetic\seed_42\human_annotations_majority_ronde2.csv,data\synthetic\seed_42\ronde2\sample_manifest.json,False
A3_feedback_propagasi,entity,0.5861861429335606,0.9259259259259259,0.5,0.6296296296296297,0.5474035236663874,0.20080321285140562,0.8830427781278443,0.31420257218287007,0.27011914861881436,583.0,54.0,0.09262435677530018,59,88,0.9083051506674922,59,25,19,5,42,data\synthetic\seed_42\human_annotations_majority_ronde2.csv,data\synthetic\seed_42\ronde2\sample_manifest.json,False
A3_feedback_propagasi,all,0.5456869355066053,0.9259259259259259,0.46296296296296297,0.5740740740740741,0.5248538011695907,0.16339869281045752,0.8742550021285653,0.3507595119555006,0.2819347095979708,750.0,54.0,0.072,59,88,0.9083051506674922,59,25,19,5,42,data\synthetic\seed_42\human_annotations_majority_ronde2.csv,data\synthetic\seed_42\ronde2\sample_manifest.json,False
A3_feedback_propagasi,entity,0.5963457162707886,0.8888888888888888,0.5,0.6666666666666666,0.5560557578722682,0.20425531914893616,0.8890289154939438,0.2913746857479753,0.2513020672073388,583.0,54.0,0.09262435677530018,60,126,0.9099641982068076,59,25,19,5,42,data\synthetic\seed_42\human_annotations_majority_ronde2.csv,data\synthetic\seed_42\ronde2\sample_manifest.json,False
A3_feedback_propagasi,all,0.5272332919675901,0.8888888888888888,0.42592592592592593,0.5925925925925926,0.5322684477347711,0.16551724137931034,0.8759312473392933,0.34360773320868976,0.2744240497331879,750.0,54.0,0.072,60,126,0.9099641982068076,59,25,19,5,42,data\synthetic\seed_42\human_annotations_majority_ronde2.csv,data\synthetic\seed_42\ronde2\sample_manifest.json,False
A3_feedback_propagasi,entity,0.6572201404447731,0.9444444444444444,0.5370370370370371,0.7592592592592593,0.5355100521221147,0.1946564885496183,0.9111531190926276,0.34031371857060555,0.2872235596024717,583.0,54.0,0.09262435677530018,61,131,0.9137706948469853,59,25,19,5,42,data\synthetic\seed_42\human_annotations_majority_ronde2.csv,data\synthetic\seed_42\ronde2\sample_manifest.json,False
A3_feedback_propagasi,all,0.5833944622039142,0.9444444444444444,0.48148148148148145,0.7222222222222222,0.515582108832553,0.159375,0.9024318859088973,0.3875384655975562,0.3073389479337193,750.0,54.0,0.072,61,131,0.9137706948469853,59,25,19,5,42,data\synthetic\seed_42\human_annotations_majority_ronde2.csv,data\synthetic\seed_42\ronde2\sample_manifest.json,False
A2_feedback_langsung,entity,0.7061951802151484,0.8888888888888888,0.5925925925925926,0.7592592592592593,0.5624381207882214,0.20869565217391303,0.9157389904081775,0.29550982959593197,0.24565159151080038,583.0,54.0,0.09262435677530018,42,137,0.9160435098263863,36,50,36,10,42,data\synthetic\seed_42\human_annotations_majority_ronde2.csv,data\synthetic\seed_42\ronde2\sample_manifest.json,False
A2_feedback_langsung,all,0.6369778481351351,0.8888888888888888,0.5185185185185185,0.6666666666666666,0.5332001179283913,0.16608996539792387,0.9052256279267773,0.331592880449785,0.26484051561606836,750.0,54.0,0.072,42,137,0.9160435098263863,36,50,36,10,42,data\synthetic\seed_42\human_annotations_majority_ronde2.csv,data\synthetic\seed_42\ronde2\sample_manifest.json,False
A2_feedback_langsung,entity,0.594738045261815,0.8518518518518519,0.5185185185185185,0.5925925925925926,0.5431177706028024,0.19327731092436976,0.8684800112021285,0.3051853728266898,0.28002142686320125,583.0,54.0,0.09262435677530018,43,179,0.9191484484417833,36,50,36,10,42,data\synthetic\seed_42\human_annotations_majority_ronde2.csv,data\synthetic\seed_42\ronde2\sample_manifest.json,False
A2_feedback_langsung,all,0.5509598147732103,0.8518518518518519,0.46296296296296297,0.5555555555555556,0.531167475907749,0.1625441696113074,0.8631066411238825,0.3267526793772605,0.2767206102568545,750.0,54.0,0.072,43,179,0.9191484484417833,36,50,36,10,42,data\synthetic\seed_42\human_annotations_majority_ronde2.csv,data\synthetic\seed_42\ronde2\sample_manifest.json,False
A2_feedback_langsung,entity,0.6063710285243498,0.8888888888888888,0.5,0.6666666666666666,0.5273824536119618,0.18604651162790697,0.8813624588671847,0.3510928467999721,0.3182925877803666,583.0,54.0,0.09262435677530018,44,171,0.9211146070316986,36,50,36,10,42,data\synthetic\seed_42\human_annotations_majority_ronde2.csv,data\synthetic\seed_42\ronde2\sample_manifest.json,False
A2_feedback_langsung,all,0.5733064688177208,0.8888888888888888,0.48148148148148145,0.6296296296296297,0.5148171569375695,0.1553398058252427,0.881066411238825,0.3715611658898923,0.3143264097151961,750.0,54.0,0.072,44,171,0.9211146070316986,36,50,36,10,42,data\synthetic\seed_42\human_annotations_majority_ronde2.csv,data\synthetic\seed_42\ronde2\sample_manifest.json,False
A2_feedback_langsung,entity,0.6355335272418321,0.8703703703703703,0.5185185185185185,0.6851851851851852,0.5590562209621072,0.2052401746724891,0.8896240285654274,0.29806591898336976,0.26159919260914816,583.0,54.0,0.09262435677530018,45,103,0.9177460425628381,36,50,36,10,42,data\synthetic\seed_42\human_annotations_majority_ronde2.csv,data\synthetic\seed_42\ronde2\sample_manifest.json,False
A2_feedback_langsung,all,0.595479279099439,0.8703703703703703,0.5,0.5925925925925926,0.5378026109016958,0.16785714285714284,0.885483184333759,0.3138490877437087,0.2637554365039893,750.0,54.0,0.072,45,103,0.9177460425628381,36,50,36,10,42,data\synthetic\seed_42\human_annotations_majority_ronde2.csv,data\synthetic\seed_42\ronde2\sample_manifest.json,False
A2_feedback_langsung,entity,0.6136529444399134,0.8518518518518519,0.5555555555555556,0.6481481481481481,0.5332409545804464,0.18699186991869918,0.8789469999299868,0.30739952124020664,0.26935209332121973,583.0,54.0,0.09262435677530018,46,105,0.9148085756334825,36,50,36,10,42,data\synthetic\seed_42\human_annotations_majority_ronde2.csv,data\synthetic\seed_42\ronde2\sample_manifest.json,False
A2_feedback_langsung,all,0.5113165840932117,0.8518518518518519,0.42592592592592593,0.5925925925925926,0.5192546583850932,0.1554054054054054,0.865607705406556,0.34098480893565664,0.27754017425812655,750.0,54.0,0.072,46,105,0.9148085756334825,36,50,36,10,42,data\synthetic\seed_42\human_annotations_majority_ronde2.csv,data\synthetic\seed_42\ronde2\sample_manifest.json,False
A2_feedback_langsung,entity,0.6517815257850924,0.9074074074074074,0.5555555555555556,0.6851851851851852,0.5504837403571581,0.20164609053497942,0.8982181614506757,0.313993414048114,0.2734000759330902,583.0,54.0,0.09262435677530018,47,167,0.9163465290317884,36,50,36,10,42,data\synthetic\seed_42\human_annotations_majority_ronde2.csv,data\synthetic\seed_42\ronde2\sample_manifest.json,False
A2_feedback_langsung,all,0.6138515937497137,0.9074074074074074,0.5185185185185185,0.6111111111111112,0.5313655249328477,0.16610169491525423,0.8938511068539804,0.359987832768879,0.2878588643051857,750.0,54.0,0.072,47,167,0.9163465290317884,36,50,36,10,42,data\synthetic\seed_42\human_annotations_majority_ronde2.csv,data\synthetic\seed_42\ronde2\sample_manifest.json,False
A2_feedback_langsung,entity,0.6331798832020639,0.8703703703703703,0.5185185185185185,0.6666666666666666,0.5464347567721833,0.19665271966527198,0.8853532171112511,0.3089837551082195,0.2625093405822864,583.0,54.0,0.09262435677530018,48,92,0.9132531392571224,36,50,36,10,42,data\synthetic\seed_42\human_annotations_majority_ronde2.csv,data\synthetic\seed_42\ronde2\sample_manifest.json,False
A2_feedback_langsung,all,0.5993990224108309,0.8703703703703703,0.5,0.6296296296296297,0.5238972464457219,0.15932203389830507,0.8765698169433802,0.34626134712028594,0.2744133674047372,750.0,54.0,0.072,48,92,0.9132531392571224,36,50,36,10,42,data\synthetic\seed_42\human_annotations_majority_ronde2.csv,data\synthetic\seed_42\ronde2\sample_manifest.json,False
A2_feedback_langsung,entity,0.6089359673000652,0.8518518518518519,0.5,0.6111111111111112,0.5283459518866772,0.184,0.8763215010852061,0.3286834651800036,0.2931552064199262,583.0,54.0,0.09262435677530018,49,102,0.9215449097462155,36,50,36,10,42,data\synthetic\seed_42\human_annotations_majority_ronde2.csv,data\synthetic\seed_42\ronde2\sample_manifest.json,False
A2_feedback_langsung,all,0.5473080981039661,0.8518518518518519,0.48148148148148145,0.5740740740740741,0.5138288677614521,0.152317880794702,0.8708226905065986,0.35079392796066056,0.29401394770710276,750.0,54.0,0.072,49,102,0.9215449097462155,36,50,36,10,42,data\synthetic\seed_42\human_annotations_majority_ronde2.csv,data\synthetic\seed_42\ronde2\sample_manifest.json,False
A2_feedback_langsung,entity,0.5908743313001744,0.9259259259259259,0.5370370370370371,0.6481481481481481,0.5411255411255411,0.1968503937007874,0.8820975985437233,0.33487787725024853,0.28992077462344656,583.0,54.0,0.09262435677530018,50,108,0.9133694651896328,36,50,36,10,42,data\synthetic\seed_42\human_annotations_majority_ronde2.csv,data\synthetic\seed_42\ronde2\sample_manifest.json,False
A2_feedback_langsung,all,0.5380596863532735,0.9259259259259259,0.46296296296296297,0.5740740740740741,0.4806361898529646,0.14084507042253522,0.8721796509152832,0.3996390900003999,0.3239152234343739,750.0,54.0,0.072,50,108,0.9133694651896328,36,50,36,10,42,data\synthetic\seed_42\human_annotations_majority_ronde2.csv,data\synthetic\seed_42\ronde2\sample_manifest.json,False
A2_feedback_langsung,entity,0.6079031923107117,0.8703703703703703,0.5370370370370371,0.5925925925925926,0.5476865928967743,0.19747899159663865,0.8778617937408107,0.30819585905739255,0.27113643128354126,583.0,54.0,0.09262435677530018,51,89,0.9162113668695238,36,50,36,10,42,data\synthetic\seed_42\human_annotations_majority_ronde2.csv,data\synthetic\seed_42\ronde2\sample_manifest.json,False
A2_feedback_langsung,all,0.5656126281234795,0.8703703703703703,0.48148148148148145,0.5740740740740741,0.5257328957662132,0.16040955631399317,0.8685610898254577,0.33606043752110115,0.27789073436921635,750.0,54.0,0.072,51,89,0.9162113668695238,36,50,36,10,42,data\synthetic\seed_42\human_annotations_majority_ronde2.csv,data\synthetic\seed_42\ronde2\sample_manifest.json,False
A2_feedback_langsung,entity,0.6290553573146915,0.9074074074074074,0.5370370370370371,0.6666666666666666,0.5606562163399131,0.20851063829787234,0.890219141636911,0.3011252835824708,0.26056104165262484,583.0,54.0,0.09262435677530018,52,117,0.90961871101826,36,50,36,10,42,data\synthetic\seed_42\human_annotations_majority_ronde2.csv,data\synthetic\seed_42\ronde2\sample_manifest.json,False
A2_feedback_langsung,all,0.5574602273803103,0.9074074074074074,0.48148148148148145,0.6111111111111112,0.5388632631528343,0.17073170731707318,0.883833546189868,0.3129096614701395,0.2659329515845616,750.0,54.0,0.072,52,117,0.90961871101826,36,50,36,10,42,data\synthetic\seed_42\human_annotations_majority_ronde2.csv,data\synthetic\seed_42\ronde2\sample_manifest.json,False
A2_feedback_langsung,entity,0.6419973613747315,0.8888888888888888,0.5370370370370371,0.7222222222222222,0.524931969737747,0.18461538461538463,0.8875936427921305,0.3494012784726358,0.31049525841252495,583.0,54.0,0.09262435677530018,53,138,0.9113950035709196,36,50,36,10,42,data\synthetic\seed_42\human_annotations_majority_ronde2.csv,data\synthetic\seed_42\ronde2\sample_manifest.json,False
A2_feedback_langsung,all,0.5253448126312119,0.8888888888888888,0.46296296296296297,0.6666666666666666,0.5111961925009199,0.15335463258785942,0.8713814389101746,0.384043212659839,0.32086807921347327,750.0,54.0,0.072,53,138,0.9113950035709196,36,50,36,10,42,data\synthetic\seed_42\human_annotations_majority_ronde2.csv,data\synthetic\seed_42\ronde2\sample_manifest.json,False
A2_feedback_langsung,entity,0.6240197930181354,0.8703703703703703,0.5370370370370371,0.6481481481481481,0.5389668753592328,0.19183673469387755,0.8893789820065813,0.3101434033735211,0.2687043170212628,583.0,54.0,0.09262435677530018,54,127,0.9178300046619837,36,50,36,10,42,data\synthetic\seed_42\human_annotations_majority_ronde2.csv,data\synthetic\seed_42\ronde2\sample_manifest.json,False
A2_feedback_langsung,all,0.5571824060669281,0.8703703703703703,0.5,0.6111111111111112,0.5202412501142283,0.15719063545150502,0.8815187313750532,0.3425596499381387,0.27798137308138976,750.0,54.0,0.072,54,127,0.9178300046619837,36,50,36,10,42,data\synthetic\seed_42\human_annotations_majority_ronde2.csv,data\synthetic\seed_42\ronde2\sample_manifest.json,False
A2_feedback_langsung,entity,0.6237106888270989,0.9074074074074074,0.5185185185185185,0.6111111111111112,0.5467051578137028,0.1991869918699187,0.8895190086116362,0.3261974827203703,0.2866995615429347,583.0,54.0,0.09262435677530018,55,100,0.9193046892331646,36,50,36,10,42,data\synthetic\seed_42\human_annotations_majority_ronde2.csv,data\synthetic\seed_42\ronde2\sample_manifest.json,False
A2_feedback_langsung,all,0.5524999956552422,0.9074074074074074,0.48148148148148145,0.5925925925925926,0.5267252344189073,0.16333333333333333,0.8773813324819072,0.3629472653702658,0.2962409523837774,750.0,54.0,0.072,55,100,0.9193046892331646,36,50,36,10,42,data\synthetic\seed_42\human_annotations_majority_ronde2.csv,data\synthetic\seed_42\ronde2\sample_manifest.json,False
A2_feedback_langsung,entity,0.6276722892623112,0.8518518518518519,0.5555555555555556,0.6851851851851852,0.5762656641604009,0.2169811320754717,0.888048729258559,0.27408274154382684,0.23790569310779403,583.0,54.0,0.09262435677530018,56,90,0.9145410782244596,36,50,36,10,42,data\synthetic\seed_42\human_annotations_majority_ronde2.csv,data\synthetic\seed_42\ronde2\sample_manifest.json,False
A2_feedback_langsung,all,0.5735025447980259,0.8518518518518519,0.5,0.6111111111111112,0.5519389190275267,0.17624521072796934,0.8740953597275436,0.31193422410285265,0.2469401435938505,750.0,54.0,0.072,56,90,0.9145410782244596,36,50,36,10,42,data\synthetic\seed_42\human_annotations_majority_ronde2.csv,data\synthetic\seed_42\ronde2\sample_manifest.json,False
A2_feedback_langsung,entity,0.6094223241905752,0.8703703703703703,0.5,0.6111111111111112,0.5719372079954387,0.2146118721461187,0.8866484632080096,0.2751044889713564,0.24140845050650528,583.0,54.0,0.09262435677530018,57,130,0.9180257347790207,36,50,36,10,42,data\synthetic\seed_42\human_annotations_majority_ronde2.csv,data\synthetic\seed_42\ronde2\sample_manifest.json,False
A2_feedback_langsung,all,0.5625446624897565,0.8703703703703703,0.48148148148148145,0.5555555555555556,0.5472726127488032,0.17407407407407408,0.8729512558535547,0.32486006759973557,0.2589275796727202,750.0,54.0,0.072,57,130,0.9180257347790207,36,50,36,10,42,data\synthetic\seed_42\human_annotations_majority_ronde2.csv,data\synthetic\seed_42\ronde2\sample_manifest.json,False
A2_feedback_langsung,entity,0.5924979634313082,0.9074074074074074,0.5,0.6481481481481481,0.5722911963882618,0.2168141592920354,0.887803682699713,0.290778694211961,0.24224304984397116,583.0,54.0,0.09262435677530018,58,95,0.914043261060742,36,50,36,10,42,data\synthetic\seed_42\human_annotations_majority_ronde2.csv,data\synthetic\seed_42\ronde2\sample_manifest.json,False
A2_feedback_langsung,all,0.5088084964474177,0.9074074074074074,0.4444444444444444,0.5555555555555556,0.5503025237567454,0.1781818181818182,0.8763303533418476,0.3345702043579696,0.25831443038904645,750.0,54.0,0.072,58,95,0.914043261060742,36,50,36,10,42,data\synthetic\seed_42\human_annotations_majority_ronde2.csv,data\synthetic\seed_42\ronde2\sample_manifest.json,False
A2_feedback_langsung,entity,0.652099856183199,0.8703703703703703,0.5370370370370371,0.7222222222222222,0.5476865928967743,0.19747899159663865,0.8934047469019113,0.3010815591195146,0.26428892096514367,583.0,54.0,0.09262435677530018,59,129,0.9137843367979698,36,50,36,10,42,data\synthetic\seed_42\human_annotations_majority_ronde2.csv,data\synthetic\seed_42\ronde2\sample_manifest.json,False
A2_feedback_langsung,all,0.5991912012702405,0.8703703703703703,0.48148148148148145,0.6666666666666666,0.5294203617982568,0.16262975778546712,0.8830885483184333,0.3294614231626207,0.27118819273139094,750.0,54.0,0.072,59,129,0.9137843367979698,36,50,36,10,42,data\synthetic\seed_42\human_annotations_majority_ronde2.csv,data\synthetic\seed_42\ronde2\sample_manifest.json,False
A2_feedback_langsung,entity,0.5745510991361089,0.8333333333333334,0.48148148148148145,0.6111111111111112,0.5713951545530492,0.21226415094339623,0.8572428761464678,0.2639254276834826,0.2251955369555949,583.0,54.0,0.09262435677530018,60,83,0.9114390245355035,36,50,36,10,42,data\synthetic\seed_42\human_annotations_majority_ronde2.csv,data\synthetic\seed_42\ronde2\sample_manifest.json,False
A2_feedback_langsung,all,0.5043492155565014,0.8333333333333334,0.46296296296296297,0.5555555555555556,0.5393990929705215,0.16666666666666666,0.8341847594721158,0.33179271390593457,0.2599581063391686,750.0,54.0,0.072,60,83,0.9114390245355035,36,50,36,10,42,data\synthetic\seed_42\human_annotations_majority_ronde2.csv,data\synthetic\seed_42\ronde2\sample_manifest.json,False
A2_feedback_langsung,entity,0.6917287516270805,0.9259259259259259,0.5740740740740741,0.7407407407407407,0.5448868071818891,0.199203187250996,0.914058671147518,0.32537250284852093,0.2713520604044715,583.0,54.0,0.09262435677530018,61,107,0.9157423819855499,36,50,36,10,42,data\synthetic\seed_42\human_annotations_majority_ronde2.csv,data\synthetic\seed_42\ronde2\sample_manifest.json,False
A2_feedback_langsung,all,0.6346641879878977,0.9259259259259259,0.5370370370370371,0.7037037037037037,0.4779768703597944,0.13966480446927373,0.90267134951043,0.3873007905298389,0.3028224646679304,750.0,54.0,0.072,61,107,0.9157423819855499,36,50,36,10,42,data\synthetic\seed_42\human_annotations_majority_ronde2.csv,data\synthetic\seed_42\ronde2\sample_manifest.json,False
A3_feedback_propagasi,entity,0.6641670147298212,0.9259259259259259,0.5740740740740741,0.7777777777777778,0.5436312509499924,0.1984126984126984,0.9103479661135616,0.3190184091917534,0.26355601723206695,583.0,54.0,0.09262435677530018,42,99,0.9037275016453564,118,50,36,10,42,data\synthetic\seed_42\human_annotations_majority_ronde2.csv,data\synthetic\seed_42\ronde2\sample_manifest.json,False
A3_feedback_propagasi,all,0.6169760558646161,0.9259259259259259,0.5370370370370371,0.6851851851851852,0.4806361898529646,0.14084507042253522,0.9000638569604088,0.3841916922620209,0.29862212849691966,750.0,54.0,0.072,42,99,0.9037275016453564,118,50,36,10,42,data\synthetic\seed_42\human_annotations_majority_ronde2.csv,data\synthetic\seed_42\ronde2\sample_manifest.json,False
A3_feedback_propagasi,entity,0.6149555439731234,0.8888888888888888,0.5,0.6851851851851852,0.558601197908615,0.20600858369098712,0.8894840019603724,0.30480315443067296,0.25401742579545483,583.0,54.0,0.09262435677530018,43,84,0.9089655923644034,118,50,36,10,42,data\synthetic\seed_42\human_annotations_majority_ronde2.csv,data\synthetic\seed_42\ronde2\sample_manifest.json,False
A3_feedback_propagasi,all,0.5863920685402326,0.8888888888888888,0.48148148148148145,0.6666666666666666,0.5360040567951319,0.16783216783216784,0.8876117496807152,0.32903764267839214,0.2551863292288628,750.0,54.0,0.072,43,84,0.9089655923644034,118,50,36,10,42,data\synthetic\seed_42\human_annotations_majority_ronde2.csv,data\synthetic\seed_42\ronde2\sample_manifest.json,False
A3_feedback_propagasi,entity,0.6340741428852321,0.9074074074074074,0.5555555555555556,0.6851851851851852,0.530523729442037,0.1891891891891892,0.8886788489813064,0.339383518061879,0.2933415630349091,583.0,54.0,0.09262435677530018,44,103,0.912273468999928,118,50,36,10,42,data\synthetic\seed_42\human_annotations_majority_ronde2.csv,data\synthetic\seed_42\ronde2\sample_manifest.json,False
A3_feedback_propagasi,all,0.607788270910033,0.9074074074074074,0.5370370370370371,0.6666666666666666,0.520281921012503,0.15960912052117263,0.8880108556832695,0.3675117706834664,0.29402592796241994,750.0,54.0,0.072,44,103,0.912273468999928,118,50,36,10,42,data\synthetic\seed_42\human_annotations_majority_ronde2.csv,data\synthetic\seed_42\ronde2\sample_manifest.json,False
A3_feedback_propagasi,entity,0.5826745551324477,0.8703703703703703,0.4444444444444444,0.6111111111111112,0.5439374185136897,0.1950207468879668,0.8741860953581181,0.3051975434618642,0.2648535743349033,583.0,54.0,0.09262435677530018,45,91,0.9079530701500984,118,50,36,10,42,data\synthetic\seed_42\human_annotations_majority_ronde2.csv,data\synthetic\seed_42\ronde2\sample_manifest.json,False
A3_feedback_propagasi,all,0.5501948460177186,0.8703703703703703,0.4444444444444444,0.5740740740740741,0.5275738753999624,0.16151202749140894,0.8711685823754789,0.32572576429978856,0.2637506328593817,750.0,54.0,0.072,45,91,0.9079530701500984,118,50,36,10,42,data\synthetic\seed_42\human_annotations_majority_ronde2.csv,data\synthetic\seed_42\ronde2\sample_manifest.json,False
A3_feedback_propagasi,entity,0.6146064303813129,0.9259259259259259,0.5370370370370371,0.6666666666666666,0.5274600008142328,0.18867924528301888,0.891304347826087,0.35103681616975885,0.3029866046709129,583.0,54.0,0.09262435677530018,46,115,0.9104392132853513,118,50,36,10,42,data\synthetic\seed_42\human_annotations_majority_ronde2.csv,data\synthetic\seed_42\ronde2\sample_manifest.json,False
A3_feedback_propagasi,all,0.5756246689025399,0.9259259259259259,0.5185185185185185,0.6111111111111112,0.5220858137624749,0.16181229773462782,0.8926936994465731,0.3689208426615995,0.2961504112060402,750.0,54.0,0.072,46,115,0.9104392132853513,118,50,36,10,42,data\synthetic\seed_42\human_annotations_majority_ronde2.csv,data\synthetic\seed_42\ronde2\sample_manifest.json,False
A3_feedback_propagasi,entity,0.6368644771170836,0.9074074074074074,0.48148148148148145,0.7222222222222222,0.5555516460832952,0.20502092050209206,0.8966953721207029,0.30783754422317766,0.2611460556008422,583.0,54.0,0.09262435677530018,47,151,0.9106612732001201,118,50,36,10,42,data\synthetic\seed_42\human_annotations_majority_ronde2.csv,data\synthetic\seed_42\ronde2\sample_manifest.json,False
A3_feedback_propagasi,all,0.6087030151610907,0.9074074074074074,0.48148148148148145,0.6851851851851852,0.5369798740585258,0.1695501730103806,0.8982545764154959,0.35341375502697797,0.27509255997769755,750.0,54.0,0.072,47,151,0.9106612732001201,118,50,36,10,42,data\synthetic\seed_42\human_annotations_majority_ronde2.csv,data\synthetic\seed_42\ronde2\sample_manifest.json,False
A3_feedback_propagasi,entity,0.5905972295417335,0.8888888888888888,0.46296296296296297,0.6851851851851852,0.5384853664972523,0.1927710843373494,0.88927396205279,0.31369082415059335,0.2648640014284696,583.0,54.0,0.09262435677530018,48,85,0.9045531067466316,118,50,36,10,42,data\synthetic\seed_42\human_annotations_majority_ronde2.csv,data\synthetic\seed_42\ronde2\sample_manifest.json,False
A3_feedback_propagasi,all,0.5537733810310453,0.8888888888888888,0.42592592592592593,0.5925925925925926,0.515724980337706,0.15584415584415584,0.8830087271179224,0.3515833902762444,0.27725374318490265,750.0,54.0,0.072,48,85,0.9045531067466316,118,50,36,10,42,data\synthetic\seed_42\human_annotations_majority_ronde2.csv,data\synthetic\seed_42\ronde2\sample_manifest.json,False
A3_feedback_propagasi,entity,0.5983507908527115,0.9074074074074074,0.5370370370370371,0.6666666666666666,0.5593764761454889,0.2076271186440678,0.888048729258559,0.3052632952692094,0.25095989735772056,583.0,54.0,0.09262435677530018,49,80,0.9161854939592484,118,50,36,10,42,data\synthetic\seed_42\human_annotations_majority_ronde2.csv,data\synthetic\seed_42\ronde2\sample_manifest.json,False
A3_feedback_propagasi,all,0.5579420453787604,0.9074074074074074,0.5,0.6111111111111112,0.5455059007200008,0.175,0.887186036611324,0.325246797157703,0.2496720729442891,750.0,54.0,0.072,49,80,0.9161854939592484,118,50,36,10,42,data\synthetic\seed_42\human_annotations_majority_ronde2.csv,data\synthetic\seed_42\ronde2\sample_manifest.json,False
A3_feedback_propagasi,entity,0.5970461106875137,0.9259259259259259,0.5185185185185185,0.7592592592592593,0.5188504236050249,0.18382352941176472,0.8945949730448786,0.3570899048684253,0.30976077603216773,583.0,54.0,0.09262435677530018,50,108,0.9082699409652031,118,50,36,10,42,data\synthetic\seed_42\human_annotations_majority_ronde2.csv,data\synthetic\seed_42\ronde2\sample_manifest.json,False
A3_feedback_propagasi,all,0.5534470002166405,0.9259259259259259,0.46296296296296297,0.6851851851851852,0.48507624485076245,0.14285714285714285,0.8870796083439761,0.4110102427265218,0.3325150430635839,750.0,54.0,0.072,50,108,0.9082699409652031,118,50,36,10,42,data\synthetic\seed_42\human_annotations_majority_ronde2.csv,data\synthetic\seed_42\ronde2\sample_manifest.json,False
A3_feedback_propagasi,entity,0.6042647619441905,0.9074074074074074,0.5370370370370371,0.6481481481481481,0.5416946513615826,0.196,0.8822026184975146,0.3296148257571184,0.28819553464353415,583.0,54.0,0.09262435677530018,51,95,0.9069430046787059,118,50,36,10,42,data\synthetic\seed_42\human_annotations_majority_ronde2.csv,data\synthetic\seed_42\ronde2\sample_manifest.json,False
A3_feedback_propagasi,all,0.5653457419556378,0.9074074074074074,0.5,0.5925925925925926,0.523036131847489,0.1611842105263158,0.8755321413367391,0.36340111521779767,0.2940044528017091,750.0,54.0,0.072,51,95,0.9069430046787059,118,50,36,10,42,data\synthetic\seed_42\human_annotations_majority_ronde2.csv,data\synthetic\seed_42\ronde2\sample_manifest.json,False
A3_feedback_propagasi,entity,0.5861877628831158,0.9074074074074074,0.48148148148148145,0.6111111111111112,0.5416946513615826,0.196,0.8775817405307009,0.3185962107831113,0.27184684686367805,583.0,54.0,0.09262435677530018,52,99,0.8991539828368513,118,50,36,10,42,data\synthetic\seed_42\human_annotations_majority_ronde2.csv,data\synthetic\seed_42\ronde2\sample_manifest.json,False
A3_feedback_propagasi,all,0.5554359770445393,0.9074074074074074,0.46296296296296297,0.5925925925925926,0.5295054041790335,0.16498316498316498,0.8774744572158366,0.3279241256207105,0.2623836914385275,750.0,54.0,0.072,52,99,0.8991539828368513,118,50,36,10,42,data\synthetic\seed_42\human_annotations_majority_ronde2.csv,data\synthetic\seed_42\ronde2\sample_manifest.json,False
A3_feedback_propagasi,entity,0.6342321833899838,0.8888888888888888,0.5555555555555556,0.7037037037037037,0.5422170900692841,0.1951219512195122,0.8896590352166913,0.3220806930229207,0.28142014830836376,583.0,54.0,0.09262435677530018,53,134,0.9064040504594889,118,50,36,10,42,data\synthetic\seed_42\human_annotations_majority_ronde2.csv,data\synthetic\seed_42\ronde2\sample_manifest.json,False
A3_feedback_propagasi,all,0.5469596046511588,0.8888888888888888,0.48148148148148145,0.6851851851851852,0.5221108309244111,0.15946843853820597,0.8731641123882503,0.35963386314218426,0.2940957764845335,750.0,54.0,0.072,53,134,0.9064040504594889,118,50,36,10,42,data\synthetic\seed_42\human_annotations_majority_ronde2.csv,data\synthetic\seed_42\ronde2\sample_manifest.json,False
A3_feedback_propagasi,entity,0.611947074716463,0.9259259259259259,0.5185185185185185,0.6851851851851852,0.5511932255581217,0.2032520325203252,0.8942098998809774,0.31489433673967804,0.27103298795477976,583.0,54.0,0.09262435677530018,54,137,0.9126538798725053,118,50,36,10,42,data\synthetic\seed_42\human_annotations_majority_ronde2.csv,data\synthetic\seed_42\ronde2\sample_manifest.json,False
A3_feedback_propagasi,all,0.5874380221618662,0.9259259259259259,0.5,0.6481481481481481,0.5379228819587061,0.17123287671232876,0.8960195828011921,0.3335665074554719,0.26524396416004103,750.0,54.0,0.072,54,137,0.9126538798725053,118,50,36,10,42,data\synthetic\seed_42\human_annotations_majority_ronde2.csv,data\synthetic\seed_42\ronde2\sample_manifest.json,False
A3_feedback_propagasi,entity,0.6284377359006486,0.8888888888888888,0.5,0.7407407407407407,0.5701843930261197,0.21428571428571427,0.9044668487012533,0.2843246317354008,0.23864916928117597,583.0,54.0,0.09262435677530018,55,99,0.9128719775411669,118,50,36,10,42,data\synthetic\seed_42\human_annotations_majority_ronde2.csv,data\synthetic\seed_42\ronde2\sample_manifest.json,False
A3_feedback_propagasi,all,0.5682207668687634,0.8888888888888888,0.5,0.6296296296296297,0.5502454991816694,0.17712177121771217,0.8947956577266922,0.3183761641121503,0.24674681842956792,750.0,54.0,0.072,55,99,0.9128719775411669,118,50,36,10,42,data\synthetic\seed_42\human_annotations_majority_ronde2.csv,data\synthetic\seed_42\ronde2\sample_manifest.json,False
A3_feedback_propagasi,entity,0.5970397088453664,0.9259259259259259,0.5555555555555556,0.6851851851851852,0.529931297908469,0.19011406844106463,0.8925470839459497,0.3542974558574247,0.30665427543867263,583.0,54.0,0.09262435677530018,56,91,0.9055715732476679,118,50,36,10,42,data\synthetic\seed_42\human_annotations_majority_ronde2.csv,data\synthetic\seed_42\ronde2\sample_manifest.json,False
A3_feedback_propagasi,all,0.5622380491708794,0.9259259259259259,0.5185185185185185,0.6666666666666666,0.5184110088477698,0.1597444089456869,0.8926537888463175,0.37698358232056217,0.3035295540444958,750.0,54.0,0.072,56,91,0.9055715732476679,118,50,36,10,42,data\synthetic\seed_42\human_annotations_majority_ronde2.csv,data\synthetic\seed_42\ronde2\sample_manifest.json,False
A3_feedback_propagasi,entity,0.5351303505641528,0.7962962962962963,0.48148148148148145,0.5740740740740741,0.52217548634522,0.1762295081967213,0.8399495904221802,0.3127923867267509,0.28470270861504116,583.0,54.0,0.09262435677530018,57,126,0.9108936894659123,118,50,36,10,42,data\synthetic\seed_42\human_annotations_majority_ronde2.csv,data\synthetic\seed_42\ronde2\sample_manifest.json,False
A3_feedback_propagasi,all,0.4825027108640415,0.7962962962962963,0.42592592592592593,0.5185185185185185,0.48708693876387954,0.134375,0.8193114091102597,0.3670297422121005,0.30688720092729316,750.0,54.0,0.072,57,126,0.9108936894659123,118,50,36,10,42,data\synthetic\seed_42\human_annotations_majority_ronde2.csv,data\synthetic\seed_42\ronde2\sample_manifest.json,False
A3_feedback_propagasi,entity,0.5991875254627342,0.9259259259259259,0.48148148148148145,0.6296296296296297,0.5474035236663874,0.20080321285140562,0.8862283833928446,0.32320715301931335,0.27229111454885,583.0,54.0,0.09262435677530018,58,107,0.9150178907259374,118,50,36,10,42,data\synthetic\seed_42\human_annotations_majority_ronde2.csv,data\synthetic\seed_42\ronde2\sample_manifest.json,False
A3_feedback_propagasi,all,0.5725552537284407,0.9259259259259259,0.48148148148148145,0.6296296296296297,0.5369803369733386,0.17064846416382254,0.8859088974031503,0.35028027767621606,0.2698174800316297,750.0,54.0,0.072,58,107,0.9150178907259374,118,50,36,10,42,data\synthetic\seed_42\human_annotations_majority_ronde2.csv,data\synthetic\seed_42\ronde2\sample_manifest.json,False
A3_feedback_propagasi,entity,0.58310871932907,0.8888888888888888,0.46296296296296297,0.6666666666666666,0.5409713287116164,0.19433198380566802,0.8801372260729539,0.3133744015749046,0.27228140103759374,583.0,54.0,0.09262435677530018,59,87,0.9033098002763779,118,50,36,10,42,data\synthetic\seed_42\human_annotations_majority_ronde2.csv,data\synthetic\seed_42\ronde2\sample_manifest.json,False
A3_feedback_propagasi,all,0.5575399768905133,0.8888888888888888,0.4444444444444444,0.6111111111111112,0.5221108309244111,0.15946843853820597,0.879390166028097,0.343850431267116,0.2754753427287967,750.0,54.0,0.072,59,87,0.9033098002763779,118,50,36,10,42,data\synthetic\seed_42\human_annotations_majority_ronde2.csv,data\synthetic\seed_42\ronde2\sample_manifest.json,False
A3_feedback_propagasi,entity,0.5776367467001243,0.9259259259259259,0.46296296296296297,0.6481481481481481,0.533648814329715,0.19230769230769232,0.8821676118462507,0.33981183219245703,0.2937948459160721,583.0,54.0,0.09262435677530018,60,115,0.9097244586671295,118,50,36,10,42,data\synthetic\seed_42\human_annotations_majority_ronde2.csv,data\synthetic\seed_42\ronde2\sample_manifest.json,False
A3_feedback_propagasi,all,0.5282902530563236,0.9259259259259259,0.46296296296296297,0.6111111111111112,0.47178317610097603,0.136986301369863,0.8747073222647935,0.3979749860990912,0.3201762121534559,750.0,54.0,0.072,60,115,0.9097244586671295,118,50,36,10,42,data\synthetic\seed_42\human_annotations_majority_ronde2.csv,data\synthetic\seed_42\ronde2\sample_manifest.json,False
A3_feedback_propagasi,entity,0.6893478433996234,0.8703703703703703,0.6111111111111112,0.7777777777777778,0.5693378226711561,0.21266968325791855,0.9094027865294406,0.276716307784717,0.24020698482948363,583.0,54.0,0.09262435677530018,61,189,0.9173221322765432,118,50,36,10,42,data\synthetic\seed_42\human_annotations_majority_ronde2.csv,data\synthetic\seed_42\ronde2\sample_manifest.json,False
A3_feedback_propagasi,all,0.6736521835009432,0.8703703703703703,0.5925925925925926,0.7592592592592593,0.5658138418272858,0.18725099601593626,0.9058109833971904,0.3009046407114246,0.23199438417073467,750.0,54.0,0.072,61,189,0.9173221322765432,118,50,36,10,42,data\synthetic\seed_42\human_annotations_majority_ronde2.csv,data\synthetic\seed_42\ronde2\sample_manifest.json,False
A2_feedback_langsung,entity,0.6668866292437061,0.8888888888888888,0.5740740740740741,0.7037037037037037,0.5397274343880304,0.1935483870967742,0.894805012952461,0.32661477522368554,0.2831630008358772,583.0,54.0,0.09262435677530018,42,146,0.9148549220376052,67,100,67,16,42,data\synthetic\seed_42\human_annotations_majority_ronde2.csv,data\synthetic\seed_42\ronde2\sample_manifest.json,False
A2_feedback_langsung,all,0.6052432552865674,0.8888888888888888,0.5185185185185185,0.5925925925925926,0.5130046466718967,0.15434083601286175,0.8840996168582376,0.363991946841304,0.30089994771424844,750.0,54.0,0.072,42,146,0.9148549220376052,67,100,67,16,42,data\synthetic\seed_42\human_annotations_majority_ronde2.csv,data\synthetic\seed_42\ronde2\sample_manifest.json,False
A2_feedback_langsung,entity,0.66076109792991,0.8703703703703703,0.5555555555555556,0.6851851851851852,0.5501968193985198,0.19915254237288135,0.8902541482881747,0.3007804897852246,0.26423354687457085,583.0,54.0,0.09262435677530018,43,108,0.9150070203252352,67,100,67,16,42,data\synthetic\seed_42\human_annotations_majority_ronde2.csv,data\synthetic\seed_42\ronde2\sample_manifest.json,False
A2_feedback_langsung,all,0.6214087046205454,0.8703703703703703,0.5370370370370371,0.6666666666666666,0.5331305786131881,0.1649122807017544,0.8822903363133249,0.33374613724155355,0.26832906092229103,750.0,54.0,0.072,43,108,0.9150070203252352,67,100,67,16,42,data\synthetic\seed_42\human_annotations_majority_ronde2.csv,data\synthetic\seed_42\ronde2\sample_manifest.json,False
A2_feedback_langsung,entity,0.6445728756816941,0.9074074074074074,0.5555555555555556,0.6666666666666666,0.5354722011381616,0.19215686274509805,0.8952951060701533,0.346988771770807,0.29731113265848086,583.0,54.0,0.09262435677530018,44,109,0.914223078065143,67,100,67,16,42,data\synthetic\seed_42\human_annotations_majority_ronde2.csv,data\synthetic\seed_42\ronde2\sample_manifest.json,False
A2_feedback_langsung,all,0.6135333934411896,0.9074074074074074,0.5370370370370371,0.6111111111111112,0.5239565642529977,0.1617161716171617,0.8942369093231163,0.3689807704304352,0.2953211957545672,750.0,54.0,0.072,44,109,0.914223078065143,67,100,67,16,42,data\synthetic\seed_42\human_annotations_majority_ronde2.csv,data\synthetic\seed_42\ronde2\sample_manifest.json,False
A2_feedback_langsung,entity,0.6570950227873027,0.8703703703703703,0.5370370370370371,0.7222222222222222,0.561610068962744,0.20704845814977973,0.9003010572008682,0.29325092745239156,0.25315003573987316,583.0,54.0,0.09262435677530018,45,103,0.9132349120753865,67,100,67,16,42,data\synthetic\seed_42\human_annotations_majority_ronde2.csv,data\synthetic\seed_42\ronde2\sample_manifest.json,False
A2_feedback_langsung,all,0.611181071735931,0.8703703703703703,0.5,0.6481481481481481,0.5406252665148771,0.16967509025270758,0.8956470838654748,0.3056141729851593,0.2558458639624643,750.0,54.0,0.072,45,103,0.9132349120753865,67,100,67,16,42,data\synthetic\seed_42\human_annotations_majority_ronde2.csv,data\synthetic\seed_42\ronde2\sample_manifest.json,False
A2_feedback_langsung,entity,0.6628557121704938,0.9259259259259259,0.5370370370370371,0.7037037037037037,0.5436312509499924,0.1984126984126984,0.9054820415879017,0.32481239493114145,0.2770549504681366,583.0,54.0,0.09262435677530018,46,98,0.9111049696968685,67,100,67,16,42,data\synthetic\seed_42\human_annotations_majority_ronde2.csv,data\synthetic\seed_42\ronde2\sample_manifest.json,False
A2_feedback_langsung,all,0.5594939456668612,0.9259259259259259,0.48148148148148145,0.6481481481481481,0.5285613263141353,0.16556291390728478,0.8921881651766709,0.35679797006529246,0.2852459666175754,750.0,54.0,0.072,46,98,0.9111049696968685,67,100,67,16,42,data\synthetic\seed_42\human_annotations_majority_ronde2.csv,data\synthetic\seed_42\ronde2\sample_manifest.json,False
A2_feedback_langsung,entity,0.6753025441701739,0.9259259259259259,0.5740740740740741,0.6851851851851852,0.5639663045189733,0.211864406779661,0.9072673808023524,0.3082555260348061,0.2616466190028315,583.0,54.0,0.09262435677530018,47,124,0.9120305353103522,67,100,67,16,42,data\synthetic\seed_42\human_annotations_majority_ronde2.csv,data\synthetic\seed_42\ronde2\sample_manifest.json,False
A2_feedback_langsung,all,0.612802381648587,0.9259259259259259,0.5185185185185185,0.6481481481481481,0.5398125050293715,0.1724137931034483,0.894316730523627,0.3648924888450771,0.2875771695270685,750.0,54.0,0.072,47,124,0.9120305353103522,67,100,67,16,42,data\synthetic\seed_42\human_annotations_majority_ronde2.csv,data\synthetic\seed_42\ronde2\sample_manifest.json,False
A2_feedback_langsung,entity,0.6458331729862493,0.8703703703703703,0.5370370370370371,0.6851851851851852,0.5501968193985198,0.19915254237288135,0.8913393544773507,0.3039115869241913,0.2546430681740845,583.0,54.0,0.09262435677530018,48,92,0.9105415181145615,67,100,67,16,42,data\synthetic\seed_42\human_annotations_majority_ronde2.csv,data\synthetic\seed_42\ronde2\sample_manifest.json,False
A2_feedback_langsung,all,0.6057130044128627,0.8703703703703703,0.5185185185185185,0.6296296296296297,0.5275738753999624,0.16151202749140894,0.8800819497658577,0.3431627238177896,0.267537536021579,750.0,54.0,0.072,48,92,0.9105415181145615,67,100,67,16,42,data\synthetic\seed_42\human_annotations_majority_ronde2.csv,data\synthetic\seed_42\ronde2\sample_manifest.json,False
A2_feedback_langsung,entity,0.6282051542601093,0.8333333333333334,0.5370370370370371,0.6666666666666666,0.5662202380952381,0.20833333333333334,0.8863684099978997,0.28016875717018797,0.23692279297827215,583.0,54.0,0.09262435677530018,49,81,0.9177981463566032,67,100,67,16,42,data\synthetic\seed_42\human_annotations_majority_ronde2.csv,data\synthetic\seed_42\ronde2\sample_manifest.json,False
A2_feedback_langsung,all,0.5522452194325861,0.8333333333333334,0.48148148148148145,0.5740740740740741,0.543167372881356,0.16917293233082706,0.8723126862494679,0.31621687964233136,0.24978967890253204,750.0,54.0,0.072,49,81,0.9177981463566032,67,100,67,16,42,data\synthetic\seed_42\human_annotations_majority_ronde2.csv,data\synthetic\seed_42\ronde2\sample_manifest.json,False
A2_feedback_langsung,entity,0.6321847893637328,0.8888888888888888,0.5740740740740741,0.7592592592592593,0.5384853664972523,0.1927710843373494,0.8980606315199888,0.3111541833434954,0.26284209943816955,583.0,54.0,0.09262435677530018,50,84,0.9087173487372822,67,100,67,16,42,data\synthetic\seed_42\human_annotations_majority_ronde2.csv,data\synthetic\seed_42\ronde2\sample_manifest.json,False
A2_feedback_langsung,all,0.5580021858997495,0.8888888888888888,0.46296296296296297,0.6296296296296297,0.5130046466718967,0.15434083601286175,0.8803746275010642,0.36606040930104883,0.2884105237312776,750.0,54.0,0.072,50,84,0.9087173487372822,67,100,67,16,42,data\synthetic\seed_42\human_annotations_majority_ronde2.csv,data\synthetic\seed_42\ronde2\sample_manifest.json,False
A2_feedback_langsung,entity,0.6316083170960612,0.8888888888888888,0.5555555555555556,0.6111111111111112,0.5323010323010323,0.1889763779527559,0.880679829167542,0.33300937821794724,0.2909970062952286,583.0,54.0,0.09262435677530018,51,95,0.9100324080545547,67,100,67,16,42,data\synthetic\seed_42\human_annotations_majority_ronde2.csv,data\synthetic\seed_42\ronde2\sample_manifest.json,False
A2_feedback_langsung,all,0.5834515609543175,0.8888888888888888,0.5370370370370371,0.5740740740740741,0.515724980337706,0.15584415584415584,0.8763170498084292,0.3504737584169959,0.29137481497558876,750.0,54.0,0.072,51,95,0.9100324080545547,67,100,67,16,42,data\synthetic\seed_42\human_annotations_majority_ronde2.csv,data\synthetic\seed_42\ronde2\sample_manifest.json,False
A2_feedback_langsung,entity,0.6626500999246578,0.9074074074074074,0.5740740740740741,0.6666666666666666,0.5342327404280977,0.19140625,0.8938598333683401,0.33015171439369717,0.2897188732787812,583.0,54.0,0.09262435677530018,52,119,0.9085426535147239,67,100,67,16,42,data\synthetic\seed_42\human_annotations_majority_ronde2.csv,data\synthetic\seed_42\ronde2\sample_manifest.json,False
A2_feedback_langsung,all,0.5936662758326197,0.9074074074074074,0.5,0.6481481481481481,0.520281921012503,0.15960912052117263,0.88992656449553,0.33384584832653696,0.2874788470998341,750.0,54.0,0.072,52,119,0.9085426535147239,67,100,67,16,42,data\synthetic\seed_42\human_annotations_majority_ronde2.csv,data\synthetic\seed_42\ronde2\sample_manifest.json,False
A2_feedback_langsung,entity,0.6564089483114138,0.9074074074074074,0.5555555555555556,0.7222222222222222,0.5416946513615826,0.196,0.9071623608485612,0.32946299251398353,0.27529538696231176,583.0,54.0,0.09262435677530018,53,106,0.9103321215325676,67,100,67,16,42,data\synthetic\seed_42\human_annotations_majority_ronde2.csv,data\synthetic\seed_42\ronde2\sample_manifest.json,False
A2_feedback_langsung,all,0.5261088466593716,0.9074074074074074,0.48148148148148145,0.5925925925925926,0.5093619683565231,0.1536050156739812,0.8874521072796935,0.38061332739715276,0.3009843958198055,750.0,54.0,0.072,53,106,0.9103321215325676,67,100,67,16,42,data\synthetic\seed_42\human_annotations_majority_ronde2.csv,data\synthetic\seed_42\ronde2\sample_manifest.json,False
A2_feedback_langsung,entity,0.675739896429292,0.8703703703703703,0.5555555555555556,0.7407407407407407,0.5514552994046233,0.2,0.9013512567387802,0.3051605537697295,0.2673946835081993,583.0,54.0,0.09262435677530018,54,150,0.9155007337273101,67,100,67,16,42,data\synthetic\seed_42\human_annotations_majority_ronde2.csv,data\synthetic\seed_42\ronde2\sample_manifest.json,False
A2_feedback_langsung,all,0.6152828048024002,0.8703703703703703,0.5555555555555556,0.6851851851851852,0.5340618602898491,0.16549295774647887,0.8890751383567476,0.335637008432345,0.2739529832568702,750.0,54.0,0.072,54,150,0.9155007337273101,67,100,67,16,42,data\synthetic\seed_42\human_annotations_majority_ronde2.csv,data\synthetic\seed_42\ronde2\sample_manifest.json,False
A2_feedback_langsung,entity,0.6359752538165434,0.8703703703703703,0.5555555555555556,0.6851851851851852,0.5364930002112419,0.1902834008097166,0.8911293145697683,0.3280658887895824,0.2796333172507186,583.0,54.0,0.09262435677530018,55,83,0.9160769762872543,67,100,67,16,42,data\synthetic\seed_42\human_annotations_majority_ronde2.csv,data\synthetic\seed_42\ronde2\sample_manifest.json,False
A2_feedback_langsung,all,0.5807107498073771,0.8703703703703703,0.5,0.6296296296296297,0.5220667544427335,0.15824915824915825,0.8797360578969774,0.36208122607780696,0.28560377145670646,750.0,54.0,0.072,55,83,0.9160769762872543,67,100,67,16,42,data\synthetic\seed_42\human_annotations_majority_ronde2.csv,data\synthetic\seed_42\ronde2\sample_manifest.json,False
A2_feedback_langsung,entity,0.6323572801129449,0.9074074074074074,0.5555555555555556,0.6851851851851852,0.5479626436449063,0.2,0.8944199397885598,0.3200892941705272,0.2682313513915629,583.0,54.0,0.09262435677530018,56,77,0.9123292763936734,67,100,67,16,42,data\synthetic\seed_42\human_annotations_majority_ronde2.csv,data\synthetic\seed_42\ronde2\sample_manifest.json,False
A2_feedback_langsung,all,0.5859619422534074,0.9074074074074074,0.5,0.6296296296296297,0.5313655249328477,0.16610169491525423,0.883886760323542,0.3659545897688798,0.2836309879000029,750.0,54.0,0.072,56,77,0.9123292763936734,67,100,67,16,42,data\synthetic\seed_42\human_annotations_majority_ronde2.csv,data\synthetic\seed_42\ronde2\sample_manifest.json,False
A2_feedback_langsung,entity,0.6130407625724646,0.8703703703703703,0.5370370370370371,0.6481481481481481,0.5680426640612278,0.21171171171171171,0.8846530840859763,0.28258986180172463,0.24243907632494704,583.0,54.0,0.09262435677530018,57,86,0.9138482124141797,67,100,67,16,42,data\synthetic\seed_42\human_annotations_majority_ronde2.csv,data\synthetic\seed_42\ronde2\sample_manifest.json,False
A2_feedback_langsung,all,0.5477918765540101,0.8703703703703703,0.46296296296296297,0.5555555555555556,0.5387418266595645,0.16845878136200718,0.8629736057896977,0.34227770471175745,0.27020088243048085,750.0,54.0,0.072,57,86,0.9138482124141797,67,100,67,16,42,data\synthetic\seed_42\human_annotations_majority_ronde2.csv,data\synthetic\seed_42\ronde2\sample_manifest.json,False
A2_feedback_langsung,entity,0.6353528973411804,0.9074074074074074,0.5555555555555556,0.6481481481481481,0.5683883644338086,0.21397379912663755,0.8955401526289994,0.2878714815594123,0.23877867473732922,583.0,54.0,0.09262435677530018,58,95,0.9138971071944182,67,100,67,16,42,data\synthetic\seed_42\human_annotations_majority_ronde2.csv,data\synthetic\seed_42\ronde2\sample_manifest.json,False
A2_feedback_langsung,all,0.5246114496158428,0.9074074074074074,0.46296296296296297,0.5925925925925926,0.5464616287238395,0.17562724014336917,0.8808801617709664,0.3262530290877189,0.2532754372040944,750.0,54.0,0.072,58,95,0.9138971071944182,67,100,67,16,42,data\synthetic\seed_42\human_annotations_majority_ronde2.csv,data\synthetic\seed_42\ronde2\sample_manifest.json,False
A2_feedback_langsung,entity,0.6266887586862043,0.8703703703703703,0.5370370370370371,0.6481481481481481,0.5451850464956625,0.19583333333333333,0.8822376251487782,0.3065574569828029,0.26707706736329234,583.0,54.0,0.09262435677530018,59,87,0.9099673279410226,67,100,67,16,42,data\synthetic\seed_42\human_annotations_majority_ronde2.csv,data\synthetic\seed_42\ronde2\sample_manifest.json,False
A2_feedback_langsung,all,0.5952840105203356,0.8703703703703703,0.5185185185185185,0.5925925925925926,0.5248144157088123,0.1598639455782313,0.8693060876968923,0.3551875011244715,0.2832296305642801,750.0,54.0,0.072,59,87,0.9099673279410226,67,100,67,16,42,data\synthetic\seed_42\human_annotations_majority_ronde2.csv,data\synthetic\seed_42\ronde2\sample_manifest.json,False
A2_feedback_langsung,entity,0.5835857683440203,0.8518518518518519,0.5370370370370371,0.5925925925925926,0.5356988216373364,0.1885245901639344,0.8566477630749842,0.30215651389270903,0.2650643577222259,583.0,54.0,0.09262435677530018,60,84,0.9089181797150796,67,100,67,16,42,data\synthetic\seed_42\human_annotations_majority_ronde2.csv,data\synthetic\seed_42\ronde2\sample_manifest.json,False
A2_feedback_langsung,all,0.5004699655093999,0.8518518518518519,0.42592592592592593,0.5740740740740741,0.5165365493429096,0.15384615384615385,0.8358876117496807,0.3588670922446405,0.289759763057564,750.0,54.0,0.072,60,84,0.9089181797150796,67,100,67,16,42,data\synthetic\seed_42\human_annotations_majority_ronde2.csv,data\synthetic\seed_42\ronde2\sample_manifest.json,False
A2_feedback_langsung,entity,0.649339338789596,0.8703703703703703,0.5925925925925926,0.7222222222222222,0.5501968193985198,0.19915254237288135,0.8918644542463068,0.3037235103764544,0.2531969141876682,583.0,54.0,0.09262435677530018,61,88,0.9149733468837126,67,100,67,16,42,data\synthetic\seed_42\human_annotations_majority_ronde2.csv,data\synthetic\seed_42\ronde2\sample_manifest.json,False
A2_feedback_langsung,all,0.5997403953317602,0.8703703703703703,0.5185185185185185,0.6851851851851852,0.5066926563220157,0.14968152866242038,0.8747073222647935,0.366287264895417,0.2829130513299904,750.0,54.0,0.072,61,88,0.9149733468837126,67,100,67,16,42,data\synthetic\seed_42\human_annotations_majority_ronde2.csv,data\synthetic\seed_42\ronde2\sample_manifest.json,False
A3_feedback_propagasi,entity,0.6724979810868607,0.9074074074074074,0.5555555555555556,0.7777777777777778,0.5722911963882618,0.2168141592920354,0.9116782188615837,0.28022843113992113,0.22244663410732868,583.0,54.0,0.09262435677530018,42,122,0.8972690085362317,224,100,67,16,42,data\synthetic\seed_42\human_annotations_majority_ronde2.csv,data\synthetic\seed_42\ronde2\sample_manifest.json,False
A3_feedback_propagasi,all,0.6151704585230284,0.9074074074074074,0.5185185185185185,0.7037037037037037,0.5474191285690708,0.17625899280575538,0.9030704555129843,0.31751417959095557,0.23645839533313923,750.0,54.0,0.072,42,122,0.8972690085362317,224,100,67,16,42,data\synthetic\seed_42\human_annotations_majority_ronde2.csv,data\synthetic\seed_42\ronde2\sample_manifest.json,False
A3_feedback_propagasi,entity,0.6854405299359714,0.9259259259259259,0.5925925925925926,0.7592592592592593,0.576991293131248,0.22123893805309736,0.9131835048659245,0.2783438244132598,0.21449894645579937,583.0,54.0,0.09262435677530018,43,66,0.9040568089676541,224,100,67,16,42,data\synthetic\seed_42\human_annotations_majority_ronde2.csv,data\synthetic\seed_42\ronde2\sample_manifest.json,False
A3_feedback_propagasi,all,0.6050221132841842,0.9259259259259259,0.5185185185185185,0.7407407407407407,0.552255006603108,0.18050541516245489,0.9045604512558535,0.3125469513156251,0.22620320048780518,750.0,54.0,0.072,43,66,0.9040568089676541,224,100,67,16,42,data\synthetic\seed_42\human_annotations_majority_ronde2.csv,data\synthetic\seed_42\ronde2\sample_manifest.json,False
A3_feedback_propagasi,entity,0.6539673494931977,0.9444444444444444,0.5370370370370371,0.7222222222222222,0.5620891630504583,0.21161825726141079,0.9103829727648253,0.31688678508270945,0.25640064222395703,583.0,54.0,0.09262435677530018,44,88,0.9085673448397122,224,100,67,16,42,data\synthetic\seed_42\human_annotations_majority_ronde2.csv,data\synthetic\seed_42\ronde2\sample_manifest.json,False
A3_feedback_propagasi,all,0.611776576953036,0.9444444444444444,0.5185185185185185,0.6481481481481481,0.5426312817617166,0.17525773195876287,0.9064229459344402,0.3586796052123695,0.2695129869358026,750.0,54.0,0.072,44,88,0.9085673448397122,224,100,67,16,42,data\synthetic\seed_42\human_annotations_majority_ronde2.csv,data\synthetic\seed_42\ronde2\sample_manifest.json,False
A3_feedback_propagasi,entity,0.6675346565693717,0.8888888888888888,0.5555555555555556,0.7592592592592593,0.5913919475781936,0.23076923076923078,0.9118532521179025,0.249504345415294,0.20302990287408704,583.0,54.0,0.09262435677530018,45,94,0.9029966159967089,224,100,67,16,42,data\synthetic\seed_42\human_annotations_majority_ronde2.csv,data\synthetic\seed_42\ronde2\sample_manifest.json,False
A3_feedback_propagasi,all,0.6147287996420305,0.8888888888888888,0.5,0.6851851851851852,0.5689230466055769,0.19047619047619047,0.9077000851426139,0.27760465436834825,0.20741174065889417,750.0,54.0,0.072,45,94,0.9029966159967089,224,100,67,16,42,data\synthetic\seed_42\human_annotations_majority_ronde2.csv,data\synthetic\seed_42\ronde2\sample_manifest.json,False
A3_feedback_propagasi,entity,0.6490993013279949,0.9259259259259259,0.5555555555555556,0.7777777777777778,0.5665496076942547,0.21367521367521367,0.9109080725337815,0.30039164197582446,0.2502673964966467,583.0,54.0,0.09262435677530018,46,143,0.9078565044308666,224,100,67,16,42,data\synthetic\seed_42\human_annotations_majority_ronde2.csv,data\synthetic\seed_42\ronde2\sample_manifest.json,False
A3_feedback_propagasi,all,0.6154598811205197,0.9259259259259259,0.5185185185185185,0.7222222222222222,0.5590828924162258,0.18518518518518517,0.9149904214559387,0.30380217683688426,0.23676995823919264,750.0,54.0,0.072,46,143,0.9078565044308666,224,100,67,16,42,data\synthetic\seed_42\human_annotations_majority_ronde2.csv,data\synthetic\seed_42\ronde2\sample_manifest.json,False
A3_feedback_propagasi,entity,0.6515437630619499,0.8703703703703703,0.5555555555555556,0.7222222222222222,0.5771738094350023,0.2186046511627907,0.9026815094868025,0.26289950347767266,0.20961406825361437,583.0,54.0,0.09262435677530018,47,97,0.9076913477858809,224,100,67,16,42,data\synthetic\seed_42\human_annotations_majority_ronde2.csv,data\synthetic\seed_42\ronde2\sample_manifest.json,False
A3_feedback_propagasi,all,0.6043961929048778,0.8703703703703703,0.5370370370370371,0.7037037037037037,0.49423521808764714,0.14329268292682926,0.8845253299276288,0.3374364808661349,0.25014261825551837,750.0,54.0,0.072,47,97,0.9076913477858809,224,100,67,16,42,data\synthetic\seed_42\human_annotations_majority_ronde2.csv,data\synthetic\seed_42\ronde2\sample_manifest.json,False
A3_feedback_propagasi,entity,0.6313130861705865,0.8703703703703703,0.5185185185185185,0.7407407407407407,0.5680426640612278,0.21171171171171171,0.8993208709654834,0.2744587781831713,0.22195669324332315,583.0,54.0,0.09262435677530018,48,93,0.9030496997619926,224,100,67,16,42,data\synthetic\seed_42\human_annotations_majority_ronde2.csv,data\synthetic\seed_42\ronde2\sample_manifest.json,False
A3_feedback_propagasi,all,0.6022732308167117,0.8703703703703703,0.5,0.7037037037037037,0.5501494217339262,0.1760299625468165,0.8941570881226053,0.3092136382322005,0.22562979076199113,750.0,54.0,0.072,48,93,0.9030496997619926,224,100,67,16,42,data\synthetic\seed_42\human_annotations_majority_ronde2.csv,data\synthetic\seed_42\ronde2\sample_manifest.json,False
A3_feedback_propagasi,entity,0.638381140103845,0.8888888888888888,0.5555555555555556,0.7037037037037037,0.5560557578722682,0.20425531914893616,0.8976055450535603,0.3042234218388973,0.2482495844301729,583.0,54.0,0.09262435677530018,49,78,0.9154767534575963,224,100,67,16,42,data\synthetic\seed_42\human_annotations_majority_ronde2.csv,data\synthetic\seed_42\ronde2\sample_manifest.json,False
A3_feedback_propagasi,all,0.5859007156458526,0.8888888888888888,0.5,0.6666666666666666,0.5360040567951319,0.16783216783216784,0.8942901234567902,0.3258177076820551,0.2528586446100428,750.0,54.0,0.072,49,78,0.9154767534575963,224,100,67,16,42,data\synthetic\seed_42\human_annotations_majority_ronde2.csv,data\synthetic\seed_42\ronde2\sample_manifest.json,False
A3_feedback_propagasi,entity,0.6354910964058299,0.9259259259259259,0.5555555555555556,0.7222222222222222,0.538626771178776,0.1953125,0.9031365959532311,0.33027746483766535,0.2750960693498833,583.0,54.0,0.09262435677530018,50,93,0.9039283552258408,224,100,67,16,42,data\synthetic\seed_42\human_annotations_majority_ronde2.csv,data\synthetic\seed_42\ronde2\sample_manifest.json,False
A3_feedback_propagasi,all,0.5625725825202982,0.9259259259259259,0.5,0.6851851851851852,0.5011674310006419,0.15060240963855423,0.892055129842486,0.38563428102021324,0.2989377760686884,750.0,54.0,0.072,50,93,0.9039283552258408,224,100,67,16,42,data\synthetic\seed_42\human_annotations_majority_ronde2.csv,data\synthetic\seed_42\ronde2\sample_manifest.json,False
A3_feedback_propagasi,entity,0.6153899661038899,0.8703703703703703,0.5185185185185185,0.6851851851851852,0.5654611445978353,0.20982142857142858,0.886298396695372,0.2948782144505837,0.25010358120801407,583.0,54.0,0.09262435677530018,51,89,0.902269685499921,224,100,67,16,42,data\synthetic\seed_42\human_annotations_majority_ronde2.csv,data\synthetic\seed_42\ronde2\sample_manifest.json,False
A3_feedback_propagasi,all,0.5729951077861842,0.8703703703703703,0.48148148148148145,0.6296296296296297,0.5482296124638649,0.17472118959107807,0.8754523201362281,0.32531122421709846,0.2521887764595369,750.0,54.0,0.072,51,89,0.902269685499921,224,100,67,16,42,data\synthetic\seed_42\human_annotations_majority_ronde2.csv,data\synthetic\seed_42\ronde2\sample_manifest.json,False
A3_feedback_propagasi,entity,0.6426498990550316,0.8703703703703703,0.5185185185185185,0.7407407407407407,0.5706359857287814,0.21363636363636362,0.9003010572008682,0.2743724925670046,0.2265500953818039,583.0,54.0,0.09262435677530018,52,92,0.9010426345477937,224,100,67,16,42,data\synthetic\seed_42\human_annotations_majority_ronde2.csv,data\synthetic\seed_42\ronde2\sample_manifest.json,False
A3_feedback_propagasi,all,0.6046707017399313,0.8703703703703703,0.46296296296296297,0.7222222222222222,0.5501494217339262,0.1760299625468165,0.9005693912303108,0.2929828196018682,0.22554969536663652,750.0,54.0,0.072,52,92,0.9010426345477937,224,100,67,16,42,data\synthetic\seed_42\human_annotations_majority_ronde2.csv,data\synthetic\seed_42\ronde2\sample_manifest.json,False
A3_feedback_propagasi,entity,0.6662651622657199,0.8703703703703703,0.5740740740740741,0.7407407407407407,0.5389668753592328,0.19183673469387755,0.9040817755373521,0.3162858540176262,0.26438303430258037,583.0,54.0,0.09262435677530018,53,114,0.9040745702994126,224,100,67,16,42,data\synthetic\seed_42\human_annotations_majority_ronde2.csv,data\synthetic\seed_42\ronde2\sample_manifest.json,False
A3_feedback_propagasi,all,0.6018235426665716,0.8703703703703703,0.5370370370370371,0.7037037037037037,0.4784090909090909,0.13583815028901733,0.8869199659429544,0.3770687210316451,0.2942271876315546,750.0,54.0,0.072,53,114,0.9040745702994126,224,100,67,16,42,data\synthetic\seed_42\human_annotations_majority_ronde2.csv,data\synthetic\seed_42\ronde2\sample_manifest.json,False
A3_feedback_propagasi,entity,0.678686524940772,0.9444444444444444,0.6111111111111112,0.7407407407407407,0.5937784740975902,0.2350230414746544,0.9214100679129034,0.2724255862907434,0.21796538081068617,583.0,54.0,0.09262435677530018,54,134,0.9068498583068145,224,100,67,16,42,data\synthetic\seed_42\human_annotations_majority_ronde2.csv,data\synthetic\seed_42\ronde2\sample_manifest.json,False
A3_feedback_propagasi,all,0.6359258125604271,0.9444444444444444,0.5555555555555556,0.7222222222222222,0.5833149973596198,0.204,0.9221743295019157,0.292854382678963,0.21487719628305754,750.0,54.0,0.072,54,134,0.9068498583068145,224,100,67,16,42,data\synthetic\seed_42\human_annotations_majority_ronde2.csv,data\synthetic\seed_42\ronde2\sample_manifest.json,False
A3_feedback_propagasi,entity,0.6304491580907327,0.8888888888888888,0.5370370370370371,0.7222222222222222,0.5806795634920635,0.2222222222222222,0.9075124273611986,0.2722943970880895,0.229652993606867,583.0,54.0,0.09262435677530018,55,99,0.9106702712927149,224,100,67,16,42,data\synthetic\seed_42\human_annotations_majority_ronde2.csv,data\synthetic\seed_42\ronde2\sample_manifest.json,False
A3_feedback_propagasi,all,0.5826855403434983,0.8888888888888888,0.5,0.6851851851851852,0.5649227432908648,0.1875,0.9047999148573861,0.2929896650556517,0.22777397062070676,750.0,54.0,0.072,55,99,0.9106702712927149,224,100,67,16,42,data\synthetic\seed_42\human_annotations_majority_ronde2.csv,data\synthetic\seed_42\ronde2\sample_manifest.json,False
A3_feedback_propagasi,entity,0.6222139230099453,0.9074074074074074,0.5555555555555556,0.6851851851851852,0.5696864670581817,0.2149122807017544,0.9043968353987257,0.2836716492380361,0.22863285632623795,583.0,54.0,0.09262435677530018,56,77,0.9056094138781687,224,100,67,16,42,data\synthetic\seed_42\human_annotations_majority_ronde2.csv,data\synthetic\seed_42\ronde2\sample_manifest.json,False
A3_feedback_propagasi,all,0.5876936128047818,0.9074074074074074,0.5185185185185185,0.6666666666666666,0.5551461325270849,0.1814814814814815,0.9023254576415496,0.312228316057192,0.22844582434149072,750.0,54.0,0.072,56,77,0.9056094138781687,224,100,67,16,42,data\synthetic\seed_42\human_annotations_majority_ronde2.csv,data\synthetic\seed_42\ronde2\sample_manifest.json,False
A3_feedback_propagasi,entity,0.6344917258650521,0.8888888888888888,0.5370370370370371,0.7222222222222222,0.558601197908615,0.20600858369098712,0.8947349996499334,0.2961968607708546,0.2565135037823467,583.0,54.0,0.09262435677530018,57,124,0.9116041341357746,224,100,67,16,42,data\synthetic\seed_42\human_annotations_majority_ronde2.csv,data\synthetic\seed_42\ronde2\sample_manifest.json,False
A3_feedback_propagasi,all,0.5783430080353947,0.8888888888888888,0.5,0.6296296296296297,0.542601727691702,0.17204301075268819,0.883274797786292,0.3369235698406907,0.2661852452498277,750.0,54.0,0.072,57,124,0.9116041341357746,224,100,67,16,42,data\synthetic\seed_42\human_annotations_majority_ronde2.csv,data\synthetic\seed_42\ronde2\sample_manifest.json,False
A3_feedback_propagasi,entity,0.6338941998225495,0.8518518518518519,0.5185185185185185,0.7037037037037037,0.5749542771202293,0.215962441314554,0.8986907512427361,0.2736930769395557,0.22651809231090644,583.0,54.0,0.09262435677530018,58,125,0.9127519488539939,224,100,67,16,42,data\synthetic\seed_42\human_annotations_majority_ronde2.csv,data\synthetic\seed_42\ronde2\sample_manifest.json,False
A3_feedback_propagasi,all,0.5647333345530451,0.8518518518518519,0.48148148148148145,0.6666666666666666,0.5597281645647384,0.18181818181818182,0.8928267347807578,0.30880325370469847,0.23320673960573765,750.0,54.0,0.072,58,125,0.9127519488539939,224,100,67,16,42,data\synthetic\seed_42\human_annotations_majority_ronde2.csv,data\synthetic\seed_42\ronde2\sample_manifest.json,False
A3_feedback_propagasi,entity,0.6025696918950929,0.8703703703703703,0.5185185185185185,0.6666666666666666,0.5464347567721833,0.19665271966527198,0.8829027515227894,0.3091068873654742,0.26492377881205353,583.0,54.0,0.09262435677530018,59,87,0.8960275756493346,224,100,67,16,42,data\synthetic\seed_42\human_annotations_majority_ronde2.csv,data\synthetic\seed_42\ronde2\sample_manifest.json,False
A3_feedback_propagasi,all,0.5682562455877195,0.8703703703703703,0.5185185185185185,0.6296296296296297,0.5294203617982568,0.16262975778546712,0.8759578544061302,0.3453098814743224,0.2706361196573579,750.0,54.0,0.072,59,87,0.8960275756493346,224,100,67,16,42,data\synthetic\seed_42\human_annotations_majority_ronde2.csv,data\synthetic\seed_42\ronde2\sample_manifest.json,False
A3_feedback_propagasi,entity,0.6045297106296877,0.8703703703703703,0.5185185185185185,0.6851851851851852,0.5732415449401237,0.21559633027522937,0.8901141216831198,0.2702779906704278,0.22715590109618544,583.0,54.0,0.09262435677530018,60,121,0.9087109322842891,224,100,67,16,42,data\synthetic\seed_42\human_annotations_majority_ronde2.csv,data\synthetic\seed_42\ronde2\sample_manifest.json,False
A3_feedback_propagasi,all,0.5239192912223222,0.8703703703703703,0.48148148148148145,0.6296296296296297,0.49955516014234874,0.14596273291925466,0.8707162622392507,0.3371185310582199,0.261470946135556,750.0,54.0,0.072,60,121,0.9087109322842891,224,100,67,16,42,data\synthetic\seed_42\human_annotations_majority_ronde2.csv,data\synthetic\seed_42\ronde2\sample_manifest.json,False
A3_feedback_propagasi,entity,0.6709157194656281,0.9074074074074074,0.6111111111111112,0.7592592592592593,0.5542813455657493,0.20416666666666666,0.9088426801092208,0.30392294669549896,0.2459658370058286,583.0,54.0,0.09262435677530018,61,106,0.9085691995081427,224,100,67,16,42,data\synthetic\seed_42\human_annotations_majority_ronde2.csv,data\synthetic\seed_42\ronde2\sample_manifest.json,False
A3_feedback_propagasi,all,0.6323516332050807,0.9074074074074074,0.5555555555555556,0.7222222222222222,0.5313655249328477,0.16610169491525423,0.9025383141762452,0.35043617272225913,0.2608329560433611,750.0,54.0,0.072,61,106,0.9085691995081427,224,100,67,16,42,data\synthetic\seed_42\human_annotations_majority_ronde2.csv,data\synthetic\seed_42\ronde2\sample_manifest.json,False
A2_feedback_langsung,entity,0.6921631083374374,0.9259259259259259,0.5925925925925926,0.7592592592592593,0.552460527787743,0.20408163265306123,0.9145137576139467,0.3178052536907221,0.27234254505364625,583.0,54.0,0.09262435677530018,42,163,0.9157575951457722,103,150,103,21,42,data\synthetic\seed_42\human_annotations_majority_ronde2.csv,data\synthetic\seed_42\ronde2\sample_manifest.json,False
A2_feedback_langsung,all,0.6146211173416573,0.9259259259259259,0.5,0.6851851851851852,0.5230073114604472,0.16233766233766234,0.9023520647083866,0.36351525650872046,0.295953840063159,750.0,54.0,0.072,42,163,0.9157575951457722,103,150,103,21,42,data\synthetic\seed_42\human_annotations_majority_ronde2.csv,data\synthetic\seed_42\ronde2\sample_manifest.json,False
A2_feedback_langsung,entity,0.631767012202137,0.8703703703703703,0.5370370370370371,0.6481481481481481,0.578491174417445,0.21962616822429906,0.8777917804382832,0.27685181987058755,0.23326842273522588,583.0,54.0,0.09262435677530018,43,85,0.9103352458040139,103,150,103,21,42,data\synthetic\seed_42\human_annotations_majority_ronde2.csv,data\synthetic\seed_42\ronde2\sample_manifest.json,False
A2_feedback_langsung,all,0.5965855233644948,0.8703703703703703,0.48148148148148145,0.6296296296296297,0.556932793417901,0.18076923076923077,0.8688005534269901,0.3032578505930353,0.23589012971166665,750.0,54.0,0.072,43,85,0.9103352458040139,103,150,103,21,42,data\synthetic\seed_42\human_annotations_majority_ronde2.csv,data\synthetic\seed_42\ronde2\sample_manifest.json,False
A2_feedback_langsung,entity,0.6615843417112458,0.8703703703703703,0.5555555555555556,0.7407407407407407,0.5758597883597883,0.2175925925925926,0.9064622278232864,0.273310697349335,0.2318551784429157,583.0,54.0,0.09262435677530018,44,105,0.9119623470607426,103,150,103,21,42,data\synthetic\seed_42\human_annotations_majority_ronde2.csv,data\synthetic\seed_42\ronde2\sample_manifest.json,False
A2_feedback_langsung,all,0.610820582161597,0.8703703703703703,0.5,0.6481481481481481,0.5540130822829197,0.17870722433460076,0.8930661983822903,0.3113357639494193,0.2442691218878374,750.0,54.0,0.072,44,105,0.9119623470607426,103,150,103,21,42,data\synthetic\seed_42\human_annotations_majority_ronde2.csv,data\synthetic\seed_42\ronde2\sample_manifest.json,False
A2_feedback_langsung,entity,0.616985320770985,0.8888888888888888,0.5370370370370371,0.6481481481481481,0.5447143784987474,0.19672131147540983,0.8780368269971295,0.30313748621935255,0.2621100681792969,583.0,54.0,0.09262435677530018,45,89,0.9091027161741596,103,150,103,21,42,data\synthetic\seed_42\human_annotations_majority_ronde2.csv,data\synthetic\seed_42\ronde2\sample_manifest.json,False
A2_feedback_langsung,all,0.5771981512201745,0.8888888888888888,0.5,0.5740740740740741,0.524865378523915,0.1610738255033557,0.8720998297147722,0.3234823669743717,0.26453201542619853,750.0,54.0,0.072,45,89,0.9091027161741596,103,150,103,21,42,data\synthetic\seed_42\human_annotations_majority_ronde2.csv,data\synthetic\seed_42\ronde2\sample_manifest.json,False
A2_feedback_langsung,entity,0.6822411640898572,0.9259259259259259,0.5555555555555556,0.7407407407407407,0.5730544361696593,0.2183406113537118,0.9112231323951552,0.29069102958532556,0.24173317318799337,583.0,54.0,0.09262435677530018,46,109,0.9090251171959467,103,150,103,21,42,data\synthetic\seed_42\human_annotations_majority_ronde2.csv,data\synthetic\seed_42\ronde2\sample_manifest.json,False
A2_feedback_langsung,all,0.5803028463514629,0.9259259259259259,0.5185185185185185,0.6296296296296297,0.5512873411454036,0.17985611510791366,0.8966315453384419,0.3237258687203945,0.2526489334097316,750.0,54.0,0.072,46,109,0.9090251171959467,103,150,103,21,42,data\synthetic\seed_42\human_annotations_majority_ronde2.csv,data\synthetic\seed_42\ronde2\sample_manifest.json,False
A2_feedback_langsung,entity,0.6484643967280643,0.9074074074074074,0.5555555555555556,0.6481481481481481,0.5788552188552188,0.22171945701357465,0.8979206049149338,0.2786355389023835,0.22968710130517034,583.0,54.0,0.09262435677530018,47,97,0.9046797083863807,103,150,103,21,42,data\synthetic\seed_42\human_annotations_majority_ronde2.csv,data\synthetic\seed_42\ronde2\sample_manifest.json,False
A2_feedback_langsung,all,0.5915847978893523,0.9074074074074074,0.5370370370370371,0.5925925925925926,0.4869994254393565,0.14244186046511628,0.8817315879097488,0.35270924911304363,0.2710820254229807,750.0,54.0,0.072,47,97,0.9046797083863807,103,150,103,21,42,data\synthetic\seed_42\human_annotations_majority_ronde2.csv,data\synthetic\seed_42\ronde2\sample_manifest.json,False
A2_feedback_langsung,entity,0.6593519638353191,0.8703703703703703,0.5370370370370371,0.7037037037037037,0.5527160845355606,0.20085470085470086,0.8970804452846041,0.3002335774474014,0.24825421175301363,583.0,54.0,0.09262435677530018,48,92,0.9106995831878438,103,150,103,21,42,data\synthetic\seed_42\human_annotations_majority_ronde2.csv,data\synthetic\seed_42\ronde2\sample_manifest.json,False
A2_feedback_langsung,all,0.6187926053981333,0.8703703703703703,0.5185185185185185,0.6481481481481481,0.5294203617982568,0.16262975778546712,0.8892347807577693,0.33872851528523584,0.26035033438046334,750.0,54.0,0.072,48,92,0.9106995831878438,103,150,103,21,42,data\synthetic\seed_42\human_annotations_majority_ronde2.csv,data\synthetic\seed_42\ronde2\sample_manifest.json,False
A2_feedback_langsung,entity,0.6424906242324564,0.8518518518518519,0.5555555555555556,0.7037037037037037,0.5468548409369784,0.19574468085106383,0.8891689420989988,0.29971245563529836,0.2524670844446298,583.0,54.0,0.09262435677530018,49,80,0.913543403660992,103,150,103,21,42,data\synthetic\seed_42\human_annotations_majority_ronde2.csv,data\synthetic\seed_42\ronde2\sample_manifest.json,False
A2_feedback_langsung,all,0.56570787509375,0.8518518518518519,0.46296296296296297,0.6111111111111112,0.5265581916795443,0.1597222222222222,0.8784589186888038,0.3288114497688902,0.2617141850514155,750.0,54.0,0.072,49,80,0.913543403660992,103,150,103,21,42,data\synthetic\seed_42\human_annotations_majority_ronde2.csv,data\synthetic\seed_42\ronde2\sample_manifest.json,False
A2_feedback_langsung,entity,0.630898563856757,0.9074074074074074,0.5555555555555556,0.7407407407407407,0.5454496572119909,0.19838056680161945,0.8992158510116922,0.3055204014750328,0.25734789292264104,583.0,54.0,0.09262435677530018,50,84,0.9070335033219032,103,150,103,21,42,data\synthetic\seed_42\human_annotations_majority_ronde2.csv,data\synthetic\seed_42\ronde2\sample_manifest.json,False
A2_feedback_langsung,all,0.560321035064888,0.9074074074074074,0.46296296296296297,0.6111111111111112,0.5211988304093567,0.16013071895424835,0.882742656449553,0.3598612711601893,0.282679957612053,750.0,54.0,0.072,50,84,0.9070335033219032,103,150,103,21,42,data\synthetic\seed_42\human_annotations_majority_ronde2.csv,data\synthetic\seed_42\ronde2\sample_manifest.json,False
A2_feedback_langsung,entity,0.625418935022885,0.8703703703703703,0.5740740740740741,0.5740740740740741,0.5641746776416013,0.2088888888888889,0.8715255898620737,0.2911624592211308,0.25300617093418115,583.0,54.0,0.09262435677530018,51,96,0.9106903027609896,103,150,103,21,42,data\synthetic\seed_42\human_annotations_majority_ronde2.csv,data\synthetic\seed_42\ronde2\sample_manifest.json,False
A2_feedback_langsung,all,0.5930742637684154,0.8703703703703703,0.5555555555555556,0.5740740740740741,0.5444128987853618,0.17216117216117216,0.8631864623243933,0.31840594003709455,0.2549248023023952,750.0,54.0,0.072,51,96,0.9106903027609896,103,150,103,21,42,data\synthetic\seed_42\human_annotations_majority_ronde2.csv,data\synthetic\seed_42\ronde2\sample_manifest.json,False
A2_feedback_langsung,entity,0.6545095627603732,0.9444444444444444,0.5555555555555556,0.7037037037037037,0.5595192430635468,0.20987654320987653,0.9005461037597143,0.31399503706010545,0.26883357359746907,583.0,54.0,0.09262435677530018,52,118,0.9028114191697172,103,150,103,21,42,data\synthetic\seed_42\human_annotations_majority_ronde2.csv,data\synthetic\seed_42\ronde2\sample_manifest.json,False
A2_feedback_langsung,all,0.5596566819287204,0.9444444444444444,0.5185185185185185,0.6111111111111112,0.537888198757764,0.17229729729729729,0.8932790549169859,0.32483379450065564,0.27309105438197095,750.0,54.0,0.072,52,118,0.9028114191697172,103,150,103,21,42,data\synthetic\seed_42\human_annotations_majority_ronde2.csv,data\synthetic\seed_42\ronde2\sample_manifest.json,False
A2_feedback_langsung,entity,0.6465050292123521,0.8888888888888888,0.5370370370370371,0.6851851851851852,0.5547866477720045,0.2033898305084746,0.8927746271791641,0.3064072481950606,0.2647869365317881,583.0,54.0,0.09262435677530018,53,130,0.9098661121432905,103,150,103,21,42,data\synthetic\seed_42\human_annotations_majority_ronde2.csv,data\synthetic\seed_42\ronde2\sample_manifest.json,False
A2_feedback_langsung,all,0.5485750083627888,0.8888888888888888,0.5,0.6296296296296297,0.5360040567951319,0.16783216783216784,0.8800819497658579,0.33570931537907167,0.27473036654710936,750.0,54.0,0.072,53,130,0.9098661121432905,103,150,103,21,42,data\synthetic\seed_42\human_annotations_majority_ronde2.csv,data\synthetic\seed_42\ronde2\sample_manifest.json,False
A2_feedback_langsung,entity,0.631731331947244,0.9444444444444444,0.5740740740740741,0.7037037037037037,0.5467989822268906,0.2015810276679842,0.8976055450535603,0.32318355228963064,0.27325309177725315,583.0,54.0,0.09262435677530018,54,97,0.9079675285644822,103,150,103,21,42,data\synthetic\seed_42\human_annotations_majority_ronde2.csv,data\synthetic\seed_42\ronde2\sample_manifest.json,False
A2_feedback_langsung,all,0.584121909901624,0.9444444444444444,0.5185185185185185,0.6851851851851852,0.5313085864266966,0.16831683168316833,0.8937579821200511,0.35744975328157574,0.2805769928464159,750.0,54.0,0.072,54,97,0.9079675285644822,103,150,103,21,42,data\synthetic\seed_42\human_annotations_majority_ronde2.csv,data\synthetic\seed_42\ronde2\sample_manifest.json,False
A2_feedback_langsung,entity,0.6580799713978919,0.8703703703703703,0.5370370370370371,0.7592592592592593,0.5402066000680419,0.19262295081967212,0.9061471679619127,0.3248181568273102,0.2810010606469367,583.0,54.0,0.09262435677530018,55,100,0.913997332902164,103,150,103,21,42,data\synthetic\seed_42\human_annotations_majority_ronde2.csv,data\synthetic\seed_42\ronde2\sample_manifest.json,False
A2_feedback_langsung,all,0.6088107793629376,0.8703703703703703,0.5185185185185185,0.6481481481481481,0.5211533892936332,0.15771812080536912,0.8975627926777352,0.3609797622474322,0.2898000117644738,750.0,54.0,0.072,55,100,0.913997332902164,103,150,103,21,42,data\synthetic\seed_42\human_annotations_majority_ronde2.csv,data\synthetic\seed_42\ronde2\sample_manifest.json,False
A2_feedback_langsung,entity,0.6419427580672429,0.9074074074074074,0.5370370370370371,0.7222222222222222,0.5735979278547558,0.21777777777777776,0.9006161170622419,0.29035998387371365,0.23876755853345705,583.0,54.0,0.09262435677530018,56,76,0.9110414186662812,103,150,103,21,42,data\synthetic\seed_42\human_annotations_majority_ronde2.csv,data\synthetic\seed_42\ronde2\sample_manifest.json,False
A2_feedback_langsung,all,0.5815713059437866,0.9074074074074074,0.5185185185185185,0.6666666666666666,0.5503025237567454,0.1781818181818182,0.8897137079608344,0.33071391758171614,0.2512230982166233,750.0,54.0,0.072,56,76,0.9110414186662812,103,150,103,21,42,data\synthetic\seed_42\human_annotations_majority_ronde2.csv,data\synthetic\seed_42\ronde2\sample_manifest.json,False
A2_feedback_langsung,entity,0.6287691858216014,0.8703703703703703,0.5370370370370371,0.6666666666666666,0.5811361737677527,0.22169811320754718,0.8952250927676259,0.26924429134604067,0.22381038719512056,583.0,54.0,0.09262435677530018,57,86,0.9134830107305592,103,150,103,21,42,data\synthetic\seed_42\human_annotations_majority_ronde2.csv,data\synthetic\seed_42\ronde2\sample_manifest.json,False
A2_feedback_langsung,all,0.5849793553113235,0.8703703703703703,0.5,0.5740740740740741,0.5482296124638649,0.17472118959107807,0.8780332056194124,0.32404794908381485,0.24848456989017442,750.0,54.0,0.072,57,86,0.9134830107305592,103,150,103,21,42,data\synthetic\seed_42\human_annotations_majority_ronde2.csv,data\synthetic\seed_42\ronde2\sample_manifest.json,False
A2_feedback_langsung,entity,0.667469526415818,0.9259259259259259,0.5555555555555556,0.7037037037037037,0.5575512269162661,0.2074688796680498,0.9066022544283414,0.31753375919355803,0.2640779907870897,583.0,54.0,0.09262435677530018,58,111,0.9150548016050783,103,150,103,21,42,data\synthetic\seed_42\human_annotations_majority_ronde2.csv,data\synthetic\seed_42\ronde2\sample_manifest.json,False
A2_feedback_langsung,all,0.6004819735479829,0.9259259259259259,0.5,0.6666666666666666,0.5426586272421113,0.17421602787456447,0.903203490847169,0.3416959192363092,0.2653096617534451,750.0,54.0,0.072,58,111,0.9150548016050783,103,150,103,21,42,data\synthetic\seed_42\human_annotations_majority_ronde2.csv,data\synthetic\seed_42\ronde2\sample_manifest.json,False
A2_feedback_langsung,entity,0.6506072520025125,0.8518518518518519,0.5370370370370371,0.7037037037037037,0.5443613156602847,0.1940928270042194,0.8934747602044388,0.2987153691366329,0.2596271990587441,583.0,54.0,0.09262435677530018,59,97,0.9109664460191815,103,150,103,21,42,data\synthetic\seed_42\human_annotations_majority_ronde2.csv,data\synthetic\seed_42\ronde2\sample_manifest.json,False
A2_feedback_langsung,all,0.6159061028653774,0.8518518518518519,0.5370370370370371,0.6666666666666666,0.5219837486971715,0.15699658703071673,0.8838601532567051,0.33952779368290015,0.27455187038103923,750.0,54.0,0.072,59,97,0.9109664460191815,103,150,103,21,42,data\synthetic\seed_42\human_annotations_majority_ronde2.csv,data\synthetic\seed_42\ronde2\sample_manifest.json,False
A2_feedback_langsung,entity,0.6370284929893346,0.8703703703703703,0.5740740740740741,0.6666666666666666,0.5577832071795854,0.20434782608695654,0.8844430441783939,0.28629717000279153,0.242314070301268,583.0,54.0,0.09262435677530018,60,91,0.9063218755021178,103,150,103,21,42,data\synthetic\seed_42\human_annotations_majority_ronde2.csv,data\synthetic\seed_42\ronde2\sample_manifest.json,False
A2_feedback_langsung,all,0.5487532806699477,0.8703703703703703,0.46296296296296297,0.6111111111111112,0.5322008113590264,0.16433566433566432,0.8666453810131971,0.34496431862684473,0.2692516554680328,750.0,54.0,0.072,60,91,0.9063218755021178,103,150,103,21,42,data\synthetic\seed_42\human_annotations_majority_ronde2.csv,data\synthetic\seed_42\ronde2\sample_manifest.json,False
A2_feedback_langsung,entity,0.6853173556288299,0.9259259259259259,0.5925925925925926,0.7592592592592593,0.538626771178776,0.1953125,0.9140236644962543,0.32681872573007936,0.2723159655428763,583.0,54.0,0.09262435677530018,61,122,0.9142995095083709,103,150,103,21,42,data\synthetic\seed_42\human_annotations_majority_ronde2.csv,data\synthetic\seed_42\ronde2\sample_manifest.json,False
A2_feedback_langsung,all,0.6123384345153545,0.9259259259259259,0.5,0.6851851851851852,0.5165800464370691,0.15873015873015872,0.9030970625798213,0.3721043201337948,0.2909238946517418,750.0,54.0,0.072,61,122,0.9142995095083709,103,150,103,21,42,data\synthetic\seed_42\human_annotations_majority_ronde2.csv,data\synthetic\seed_42\ronde2\sample_manifest.json,False
A3_feedback_propagasi,entity,0.7315998044400132,0.9259259259259259,0.6481481481481481,0.8518518518518519,0.5717479480054932,0.21739130434782608,0.9361828747462018,0.2921413302935874,0.2157398291735835,583.0,54.0,0.09262435677530018,42,79,0.8947347257912537,330,150,103,21,42,data\synthetic\seed_42\human_annotations_majority_ronde2.csv,data\synthetic\seed_42\ronde2\sample_manifest.json,False
A3_feedback_propagasi,all,0.6913731701774654,0.9259259259259259,0.5740740740740741,0.8333333333333334,0.47443585012773204,0.13812154696132597,0.9272562792677735,0.3550568500441747,0.24745296429008268,750.0,54.0,0.072,42,79,0.8947347257912537,330,150,103,21,42,data\synthetic\seed_42\human_annotations_majority_ronde2.csv,data\synthetic\seed_42\ronde2\sample_manifest.json,False
A3_feedback_propagasi,entity,0.70862836525375,0.8703703703703703,0.6481481481481481,0.7962962962962963,0.5732415449401237,0.21559633027522937,0.9163341034796612,0.2695349463383157,0.2180227256383664,583.0,54.0,0.09262435677530018,43,108,0.8962526148679755,330,150,103,21,42,data\synthetic\seed_42\human_annotations_majority_ronde2.csv,data\synthetic\seed_42\ronde2\sample_manifest.json,False
A3_feedback_propagasi,all,0.6633097952449437,0.8703703703703703,0.5740740740740741,0.7777777777777778,0.5678139242495678,0.18875502008032127,0.9148307790549169,0.2771823441619741,0.20694425095615654,750.0,54.0,0.072,43,108,0.8962526148679755,330,150,103,21,42,data\synthetic\seed_42\human_annotations_majority_ronde2.csv,data\synthetic\seed_42\ronde2\sample_manifest.json,False
A3_feedback_propagasi,entity,0.6514266373055474,0.9074074074074074,0.5740740740740741,0.7777777777777778,0.5593764761454889,0.2076271186440678,0.9063222012182315,0.3007164506175818,0.2414207066610388,583.0,54.0,0.09262435677530018,44,88,0.8920201601727169,330,150,103,21,42,data\synthetic\seed_42\human_annotations_majority_ronde2.csv,data\synthetic\seed_42\ronde2\sample_manifest.json,False
A3_feedback_propagasi,all,0.6290237131411057,0.9074074074074074,0.5370370370370371,0.7407407407407407,0.5464616287238395,0.17562724014336917,0.9025383141762451,0.3354693314165834,0.24384556946702735,750.0,54.0,0.072,44,88,0.8920201601727169,330,150,103,21,42,data\synthetic\seed_42\human_annotations_majority_ronde2.csv,data\synthetic\seed_42\ronde2\sample_manifest.json,False
A3_feedback_propagasi,entity,0.6499332891725768,0.9259259259259259,0.5370370370370371,0.7777777777777778,0.5601100907388512,0.20920502092050208,0.9008261569698243,0.2965411381212511,0.24638153700654608,583.0,54.0,0.09262435677530018,45,106,0.8943165720836133,330,150,103,21,42,data\synthetic\seed_42\human_annotations_majority_ronde2.csv,data\synthetic\seed_42\ronde2\sample_manifest.json,False
A3_feedback_propagasi,all,0.5877042229387844,0.9259259259259259,0.46296296296296297,0.7222222222222222,0.5426586272421113,0.17421602787456447,0.8956470838654746,0.3181786479990606,0.24911261231736162,750.0,54.0,0.072,45,106,0.8943165720836133,330,150,103,21,42,data\synthetic\seed_42\human_annotations_majority_ronde2.csv,data\synthetic\seed_42\ronde2\sample_manifest.json,False
A3_feedback_propagasi,entity,0.6782307244746505,0.9074074074074074,0.5740740740740741,0.7777777777777778,0.5479626436449063,0.2,0.9143387243576279,0.3195666218817417,0.25968660386133124,583.0,54.0,0.09262435677530018,46,106,0.8966900325422795,330,150,103,21,42,data\synthetic\seed_42\human_annotations_majority_ronde2.csv,data\synthetic\seed_42\ronde2\sample_manifest.json,False
A3_feedback_propagasi,all,0.641426450815508,0.9074074074074074,0.5370370370370371,0.7407407407407407,0.5435996563573883,0.17375886524822695,0.9146179225202213,0.32652228285908924,0.24563395760959375,750.0,54.0,0.072,46,106,0.8966900325422795,330,150,103,21,42,data\synthetic\seed_42\human_annotations_majority_ronde2.csv,data\synthetic\seed_42\ronde2\sample_manifest.json,False
A3_feedback_propagasi,entity,0.6805610047493474,0.9259259259259259,0.6111111111111112,0.7962962962962963,0.5361346303969254,0.1937984496124031,0.9244206399215851,0.3292594030948105,0.2532600390254928,583.0,54.0,0.09262435677530018,47,80,0.8954460560172393,330,150,103,21,42,data\synthetic\seed_42\human_annotations_majority_ronde2.csv,data\synthetic\seed_42\ronde2\sample_manifest.json,False
A3_feedback_propagasi,all,0.6549364207019404,0.9259259259259259,0.6111111111111112,0.7777777777777778,0.42588500368300186,0.11990407673860912,0.9149106002554278,0.39470018685371294,0.2883454057486777,750.0,54.0,0.072,47,80,0.8954460560172393,330,150,103,21,42,data\synthetic\seed_42\human_annotations_majority_ronde2.csv,data\synthetic\seed_42\ronde2\sample_manifest.json,False
A3_feedback_propagasi,entity,0.6719294205878541,0.9074074074074074,0.6296296296296297,0.7222222222222222,0.5416946513615826,0.196,0.9092977665756493,0.3225527235914618,0.2615706264340684,583.0,54.0,0.09262435677530018,48,92,0.8957330482042125,330,150,103,21,42,data\synthetic\seed_42\human_annotations_majority_ronde2.csv,data\synthetic\seed_42\ronde2\sample_manifest.json,False
A3_feedback_propagasi,all,0.6569279525579087,0.9074074074074074,0.6111111111111112,0.7222222222222222,0.5285773677541971,0.1644295302013423,0.9112920391656024,0.3409417820487779,0.2539830140124108,750.0,54.0,0.072,48,92,0.8957330482042125,330,150,103,21,42,data\synthetic\seed_42\human_annotations_majority_ronde2.csv,data\synthetic\seed_42\ronde2\sample_manifest.json,False
A3_feedback_propagasi,entity,0.6948641178226195,0.9444444444444444,0.5925925925925926,0.7962962962962963,0.6047690629881806,0.24401913875598086,0.9262059791360358,0.26516503622872767,0.2111362014662645,583.0,54.0,0.09262435677530018,49,84,0.9054657624322825,330,150,103,21,42,data\synthetic\seed_42\human_annotations_majority_ronde2.csv,data\synthetic\seed_42\ronde2\sample_manifest.json,False
A3_feedback_propagasi,all,0.6553506162779326,0.9444444444444444,0.5370370370370371,0.7777777777777778,0.5771211710490648,0.19921875,0.923105576841209,0.2939129979716175,0.216892787909182,750.0,54.0,0.072,49,84,0.9054657624322825,330,150,103,21,42,data\synthetic\seed_42\human_annotations_majority_ronde2.csv,data\synthetic\seed_42\ronde2\sample_manifest.json,False
A3_feedback_propagasi,entity,0.6648757155413438,0.8888888888888888,0.6111111111111112,0.7962962962962963,0.5793564080892206,0.22119815668202766,0.9149688440803754,0.26955036153698786,0.2178114438801345,583.0,54.0,0.09262435677530018,50,136,0.8927787246546764,330,150,103,21,42,data\synthetic\seed_42\human_annotations_majority_ronde2.csv,data\synthetic\seed_42\ronde2\sample_manifest.json,False
A3_feedback_propagasi,all,0.5547312250441394,0.8888888888888888,0.5,0.7962962962962963,0.5629370629370629,0.18604651162790697,0.9022456364410386,0.3065168968220414,0.22693591813644054,750.0,54.0,0.072,50,136,0.8927787246546764,330,150,103,21,42,data\synthetic\seed_42\human_annotations_majority_ronde2.csv,data\synthetic\seed_42\ronde2\sample_manifest.json,False
A3_feedback_propagasi,entity,0.6589292181753682,0.8703703703703703,0.5925925925925926,0.7592592592592593,0.5811361737677527,0.22169811320754718,0.9114681789540012,0.2722774262562948,0.22115889468291092,583.0,54.0,0.09262435677530018,51,89,0.8877537072110856,330,150,103,21,42,data\synthetic\seed_42\human_annotations_majority_ronde2.csv,data\synthetic\seed_42\ronde2\sample_manifest.json,False
A3_feedback_propagasi,all,0.650064977274881,0.8703703703703703,0.5925925925925926,0.7592592592592593,0.5800397363416985,0.19831223628691982,0.9116379310344827,0.2834367638464196,0.20360268324054845,750.0,54.0,0.072,51,89,0.8877537072110856,330,150,103,21,42,data\synthetic\seed_42\human_annotations_majority_ronde2.csv,data\synthetic\seed_42\ronde2\sample_manifest.json,False
A3_feedback_propagasi,entity,0.6580664599022946,0.9259259259259259,0.5370370370370371,0.7592592592592593,0.5461442178532178,0.2,0.9112581390464188,0.3207197057146026,0.2604256010955132,583.0,54.0,0.09262435677530018,52,81,0.8839676402150655,330,150,103,21,42,data\synthetic\seed_42\human_annotations_majority_ronde2.csv,data\synthetic\seed_42\ronde2\sample_manifest.json,False
A3_feedback_propagasi,all,0.628040686445377,0.9259259259259259,0.5185185185185185,0.7592592592592593,0.5313553524281844,0.16722408026755853,0.9148041719880801,0.33080980108843466,0.25020426145294467,750.0,54.0,0.072,52,81,0.8839676402150655,330,150,103,21,42,data\synthetic\seed_42\human_annotations_majority_ronde2.csv,data\synthetic\seed_42\ronde2\sample_manifest.json,False
A3_feedback_propagasi,entity,0.7100309037685537,0.9259259259259259,0.6296296296296297,0.8148148148148148,0.5601100907388512,0.20920502092050208,0.9283763915143877,0.3065399143825316,0.2405840135058947,583.0,54.0,0.09262435677530018,53,96,0.8877916753476947,330,150,103,21,42,data\synthetic\seed_42\human_annotations_majority_ronde2.csv,data\synthetic\seed_42\ronde2\sample_manifest.json,False
A3_feedback_propagasi,all,0.652275707263296,0.9259259259259259,0.5555555555555556,0.7962962962962963,0.5193280712406395,0.16025641025641027,0.9179438058748404,0.36051005914208495,0.2647800086495489,750.0,54.0,0.072,53,96,0.8877916753476947,330,150,103,21,42,data\synthetic\seed_42\human_annotations_majority_ronde2.csv,data\synthetic\seed_42\ronde2\sample_manifest.json,False
A3_feedback_propagasi,entity,0.6789438561228334,0.9259259259259259,0.6111111111111112,0.7962962962962963,0.5930259615064987,0.2336448598130841,0.9311069103129594,0.2619588826856379,0.2041563362128904,583.0,54.0,0.09262435677530018,54,110,0.9007270809611573,330,150,103,21,42,data\synthetic\seed_42\human_annotations_majority_ronde2.csv,data\synthetic\seed_42\ronde2\sample_manifest.json,False
A3_feedback_propagasi,all,0.6567301151712812,0.9259259259259259,0.6111111111111112,0.7962962962962963,0.5690164445065037,0.19230769230769232,0.9281875266070668,0.30326128941289254,0.21271969742041305,750.0,54.0,0.072,54,110,0.9007270809611573,330,150,103,21,42,data\synthetic\seed_42\human_annotations_majority_ronde2.csv,data\synthetic\seed_42\ronde2\sample_manifest.json,False
A3_feedback_propagasi,entity,0.6693101003366151,0.8703703703703703,0.6111111111111112,0.7407407407407407,0.5811361737677527,0.22169811320754718,0.9010011902261429,0.2636919877832232,0.21949197961863218,583.0,54.0,0.09262435677530018,55,120,0.895896431779715,330,150,103,21,42,data\synthetic\seed_42\human_annotations_majority_ronde2.csv,data\synthetic\seed_42\ronde2\sample_manifest.json,False
A3_feedback_propagasi,all,0.6438358079585518,0.8703703703703703,0.5925925925925926,0.7037037037037037,0.5628323019262617,0.18503937007874016,0.8960195828011921,0.2864304576975666,0.21804098763730462,750.0,54.0,0.072,55,120,0.895896431779715,330,150,103,21,42,data\synthetic\seed_42\human_annotations_majority_ronde2.csv,data\synthetic\seed_42\ronde2\sample_manifest.json,False
A3_feedback_propagasi,entity,0.6929579564554107,0.8703703703703703,0.6111111111111112,0.7962962962962963,0.5851302586646119,0.22488038277511962,0.9166491633410347,0.25943309741282466,0.20411466354545835,583.0,54.0,0.09262435677530018,56,94,0.8965106671556142,330,150,103,21,42,data\synthetic\seed_42\human_annotations_majority_ronde2.csv,data\synthetic\seed_42\ronde2\sample_manifest.json,False
A3_feedback_propagasi,all,0.6615560856496295,0.8703703703703703,0.5925925925925926,0.7592592592592593,0.5779737650960975,0.19665271966527198,0.9073808003405704,0.2942802920446239,0.2076088236080863,750.0,54.0,0.072,56,94,0.8965106671556142,330,150,103,21,42,data\synthetic\seed_42\human_annotations_majority_ronde2.csv,data\synthetic\seed_42\ronde2\sample_manifest.json,False
A3_feedback_propagasi,entity,0.6572475571778862,0.8888888888888888,0.5925925925925926,0.7777777777777778,0.5484753546478818,0.1991701244813278,0.9130434782608696,0.3143304369971798,0.25682466515223645,583.0,54.0,0.09262435677530018,57,84,0.895514255214154,330,150,103,21,42,data\synthetic\seed_42\human_annotations_majority_ronde2.csv,data\synthetic\seed_42\ronde2\sample_manifest.json,False
A3_feedback_propagasi,all,0.6182889776001868,0.8888888888888888,0.5555555555555556,0.7222222222222222,0.5257860793108835,0.16161616161616163,0.9090304384844615,0.35612126925975107,0.27029617570102044,750.0,54.0,0.072,57,84,0.895514255214154,330,150,103,21,42,data\synthetic\seed_42\human_annotations_majority_ronde2.csv,data\synthetic\seed_42\ronde2\sample_manifest.json,False
A3_feedback_propagasi,entity,0.6984645925771675,0.9259259259259259,0.5740740740740741,0.7962962962962963,0.5930259615064987,0.2336448598130841,0.9270811454176293,0.2662763297914022,0.2004500442802786,583.0,54.0,0.09262435677530018,58,78,0.8943391991332542,330,150,103,21,42,data\synthetic\seed_42\human_annotations_majority_ronde2.csv,data\synthetic\seed_42\ronde2\sample_manifest.json,False
A3_feedback_propagasi,all,0.6548667422662761,0.9259259259259259,0.5555555555555556,0.7592592592592593,0.5771340361940421,0.1984126984126984,0.9232918263090677,0.30448491606898265,0.20871904541666905,750.0,54.0,0.072,58,78,0.8943391991332542,330,150,103,21,42,data\synthetic\seed_42\human_annotations_majority_ronde2.csv,data\synthetic\seed_42\ronde2\sample_manifest.json,False
A3_feedback_propagasi,entity,0.6660533996560702,0.9074074074074074,0.6111111111111112,0.7592592592592593,0.5815028569787808,0.2237442922374429,0.9102779528110341,0.26101963729342237,0.19228057188031997,583.0,54.0,0.09262435677530018,59,51,0.8847825052155408,330,150,103,21,42,data\synthetic\seed_42\human_annotations_majority_ronde2.csv,data\synthetic\seed_42\ronde2\sample_manifest.json,False
A3_feedback_propagasi,all,0.64189635536221,0.9074074074074074,0.5740740740740741,0.7592592592592593,0.5590572033898304,0.18421052631578946,0.905411877394636,0.3106195275283744,0.20824221896030584,750.0,54.0,0.072,59,51,0.8847825052155408,330,150,103,21,42,data\synthetic\seed_42\human_annotations_majority_ronde2.csv,data\synthetic\seed_42\ronde2\sample_manifest.json,False
A3_feedback_propagasi,entity,0.706474068493983,0.8888888888888888,0.6111111111111112,0.8148148148148148,0.5968394631697571,0.23529411764705882,0.925505846110761,0.2530746951971631,0.19559913598237033,583.0,54.0,0.09262435677530018,60,113,0.8952636169510555,330,150,103,21,42,data\synthetic\seed_42\human_annotations_majority_ronde2.csv,data\synthetic\seed_42\ronde2\sample_manifest.json,False
A3_feedback_propagasi,all,0.6546378096573907,0.8888888888888888,0.5925925925925926,0.7592592592592593,0.5130046466718967,0.15434083601286175,0.9112920391656024,0.3180829411961763,0.2296467930725866,750.0,54.0,0.072,60,113,0.8952636169510555,330,150,103,21,42,data\synthetic\seed_42\human_annotations_majority_ronde2.csv,data\synthetic\seed_42\ronde2\sample_manifest.json,False
A3_feedback_propagasi,entity,0.6698309723601508,0.8888888888888888,0.6296296296296297,0.7592592592592593,0.536006549761048,0.19123505976095617,0.9114331723027376,0.31139482948234765,0.24760489116986997,583.0,54.0,0.09262435677530018,61,86,0.9000915392684946,330,150,103,21,42,data\synthetic\seed_42\human_annotations_majority_ronde2.csv,data\synthetic\seed_42\ronde2\sample_manifest.json,False
A3_feedback_propagasi,all,0.6611873159399478,0.8888888888888888,0.6296296296296297,0.7592592592592593,0.5304094328848639,0.1643835616438356,0.9100947211579395,0.34848108068636763,0.24926878415084047,750.0,54.0,0.072,61,86,0.9000915392684946,330,150,103,21,42,data\synthetic\seed_42\human_annotations_majority_ronde2.csv,data\synthetic\seed_42\ronde2\sample_manifest.json,False
